2025-12-16 07:46:42.742 [main] INFO  org.flywaydb.core.FlywayExecutor - Database: jdbc:sqlite:enrollment.db (SQLite 3.39)
2025-12-16 07:46:42.814 [main] INFO  o.f.core.internal.command.DbValidate - Successfully validated 5 migrations (execution time 00:00.035s)
2025-12-16 07:46:42.822 [main] INFO  o.f.core.internal.command.DbMigrate - Current version of schema "main": 4
2025-12-16 07:46:42.828 [main] INFO  o.f.core.internal.command.DbMigrate - Schema "main" is up to date. No migration necessary.
2025-12-16 07:46:42.833 [main] INFO  util.DatabaseMigrator - Flyway migration complete. Applied: 0
2025-12-16 07:47:04.102 [AWT-EventQueue-0] INFO  service.EnrollmentService - Processing final enrollment for block Bachelor of Science in Business Administration 1-A
2025-12-16 07:48:52.731 [main] INFO  org.flywaydb.core.FlywayExecutor - Database: jdbc:sqlite:enrollment.db (SQLite 3.39)
2025-12-16 07:48:52.783 [main] INFO  o.f.core.internal.command.DbValidate - Successfully validated 5 migrations (execution time 00:00.031s)
2025-12-16 07:48:52.792 [main] INFO  o.f.core.internal.command.DbMigrate - Current version of schema "main": 4
2025-12-16 07:48:52.795 [main] INFO  o.f.core.internal.command.DbMigrate - Schema "main" is up to date. No migration necessary.
2025-12-16 07:48:52.799 [main] INFO  util.DatabaseMigrator - Flyway migration complete. Applied: 0
2025-12-16 07:49:12.849 [AWT-EventQueue-0] INFO  service.EnrollmentService - Processing final enrollment for block Bachelor of Secondary Education major in Psychology 1-A
2025-12-16 07:55:37.766 [main] INFO  org.flywaydb.core.FlywayExecutor - Database: jdbc:sqlite:enrollment.db (SQLite 3.39)
2025-12-16 07:55:37.821 [main] INFO  o.f.core.internal.command.DbValidate - Successfully validated 5 migrations (execution time 00:00.031s)
2025-12-16 07:55:37.829 [main] INFO  o.f.core.internal.command.DbMigrate - Current version of schema "main": 4
2025-12-16 07:55:37.833 [main] INFO  o.f.core.internal.command.DbMigrate - Schema "main" is up to date. No migration necessary.
2025-12-16 07:55:37.834 [main] INFO  util.DatabaseMigrator - Flyway migration complete. Applied: 0
2025-12-16 07:56:09.507 [AWT-EventQueue-0] INFO  service.EnrollmentService - Processing final enrollment for block Bachelor of Science in Computer Science 1-A
2025-12-16 10:07:13.152 [main] INFO  org.flywaydb.core.FlywayExecutor - Database: jdbc:sqlite:enrollment.db (SQLite 3.39)
2025-12-16 10:07:13.203 [main] INFO  o.f.core.internal.command.DbValidate - Successfully validated 10 migrations (execution time 00:00.031s)
2025-12-16 10:07:13.212 [main] INFO  o.f.core.internal.command.DbMigrate - Current version of schema "main": 4
2025-12-16 10:07:13.236 [main] INFO  o.f.core.internal.command.DbMigrate - Migrating schema "main" to version "5 - create academic structure"
2025-12-16 10:07:13.266 [main] INFO  o.f.core.internal.command.DbMigrate - Migrating schema "main" to version "6 - seed demo data"
2025-12-16 10:07:13.285 [main] INFO  o.f.core.internal.command.DbMigrate - Migrating schema "main" to version "7 - create enrollments"
2025-12-16 10:07:13.301 [main] ERROR o.f.core.internal.command.DbMigrate - Migration of schema "main" to version "7 - create enrollments" failed! Changes successfully rolled back.
2025-12-16 10:07:13.306 [main] ERROR util.GlobalExceptionHandler - [7f8ca3b0-842b-4fc2-9029-3665dd784293] Uncaught exception in thread main
org.flywaydb.core.internal.command.DbMigrate$FlywayMigrateException: Script V7__create_enrollments.sql failed
----------------------------------------
SQL State  : null
Error Code : 1
Message    : [SQLITE_ERROR] SQL error or missing database (no such column: block_id)
Location   : db/migration/V7__create_enrollments.sql (C:\Users\Asus\OneDrive\Documents\Java college vibe code\enrollmentSystem\target\classes\db\migration\V7__create_enrollments.sql)
Line       : 16
Statement  : Run Flyway with -X option to see the actual statement causing the problem

	at org.flywaydb.core.internal.command.DbMigrate.doMigrateGroup(DbMigrate.java:392)
	at org.flywaydb.core.internal.command.DbMigrate.lambda$applyMigrations$1(DbMigrate.java:280)
	at org.flywaydb.core.internal.jdbc.TransactionalExecutionTemplate.execute(TransactionalExecutionTemplate.java:59)
	at org.flywaydb.core.internal.command.DbMigrate.applyMigrations(DbMigrate.java:279)
	at org.flywaydb.core.internal.command.DbMigrate.migrateGroup(DbMigrate.java:252)
	at org.flywaydb.core.internal.command.DbMigrate.lambda$migrateAll$0(DbMigrate.java:146)
	at org.flywaydb.core.internal.jdbc.TableLockingExecutionTemplate$1.call(TableLockingExecutionTemplate.java:40)
	at org.flywaydb.core.internal.jdbc.TransactionalExecutionTemplate.execute(TransactionalExecutionTemplate.java:59)
	at org.flywaydb.core.internal.jdbc.TableLockingExecutionTemplate.execute(TableLockingExecutionTemplate.java:35)
	at org.flywaydb.core.internal.database.base.Connection.lock(Connection.java:106)
	at org.flywaydb.core.internal.schemahistory.JdbcTableSchemaHistory.lock(JdbcTableSchemaHistory.java:149)
	at org.flywaydb.core.internal.command.DbMigrate.migrateAll(DbMigrate.java:146)
	at org.flywaydb.core.internal.command.DbMigrate.migrate(DbMigrate.java:104)
	at org.flywaydb.core.Flyway.lambda$migrate$0(Flyway.java:222)
	at org.flywaydb.core.FlywayExecutor.execute(FlywayExecutor.java:210)
	at org.flywaydb.core.Flyway.migrate(Flyway.java:164)
	at util.DatabaseMigrator.runMigrations(DatabaseMigrator.java:26)
	at Main.main(Main.java:25)
Caused by: org.flywaydb.core.internal.sqlscript.FlywaySqlScriptException: Script V7__create_enrollments.sql failed
----------------------------------------
SQL State  : null
Error Code : 1
Message    : [SQLITE_ERROR] SQL error or missing database (no such column: block_id)
Location   : db/migration/V7__create_enrollments.sql (C:\Users\Asus\OneDrive\Documents\Java college vibe code\enrollmentSystem\target\classes\db\migration\V7__create_enrollments.sql)
Line       : 16
Statement  : Run Flyway with -X option to see the actual statement causing the problem

	at org.flywaydb.core.internal.sqlscript.DefaultSqlScriptExecutor.handleException(DefaultSqlScriptExecutor.java:252)
	at org.flywaydb.core.internal.sqlscript.DefaultSqlScriptExecutor.executeStatement(DefaultSqlScriptExecutor.java:214)
	at org.flywaydb.core.internal.sqlscript.DefaultSqlScriptExecutor.execute(DefaultSqlScriptExecutor.java:136)
	at org.flywaydb.core.internal.resolver.sql.SqlMigrationExecutor.executeOnce(SqlMigrationExecutor.java:69)
	at org.flywaydb.core.internal.resolver.sql.SqlMigrationExecutor.lambda$execute$0(SqlMigrationExecutor.java:61)
	at org.flywaydb.core.internal.database.DefaultExecutionStrategy.execute(DefaultExecutionStrategy.java:31)
	at org.flywaydb.core.internal.resolver.sql.SqlMigrationExecutor.execute(SqlMigrationExecutor.java:60)
	at org.flywaydb.core.internal.command.DbMigrate.doMigrateGroup(DbMigrate.java:384)
	... 17 common frames omitted
Caused by: org.sqlite.SQLiteException: [SQLITE_ERROR] SQL error or missing database (no such column: block_id)
	at org.sqlite.core.DB.newSQLException(DB.java:1135)
	at org.sqlite.core.DB.newSQLException(DB.java:1146)
	at org.sqlite.core.DB.throwex(DB.java:1106)
	at org.sqlite.core.NativeDB.prepare_utf8(Native Method)
	at org.sqlite.core.NativeDB.prepare(NativeDB.java:122)
	at org.sqlite.core.DB.prepare(DB.java:264)
	at org.sqlite.jdbc3.JDBC3Statement.lambda$execute$0(JDBC3Statement.java:48)
	at org.sqlite.jdbc3.JDBC3Statement.withConnectionTimeout(JDBC3Statement.java:429)
	at org.sqlite.jdbc3.JDBC3Statement.execute(JDBC3Statement.java:37)
	at org.flywaydb.core.internal.jdbc.JdbcTemplate.executeStatement(JdbcTemplate.java:210)
	at org.flywaydb.core.internal.sqlscript.ParsedSqlStatement.execute(ParsedSqlStatement.java:88)
	at org.flywaydb.core.internal.sqlscript.DefaultSqlScriptExecutor.executeStatement(DefaultSqlScriptExecutor.java:209)
	... 23 common frames omitted
2025-12-16 10:07:24.753 [main] INFO  org.flywaydb.core.FlywayExecutor - Database: jdbc:sqlite:enrollment.db (SQLite 3.39)
2025-12-16 10:07:24.806 [main] INFO  o.f.core.internal.command.DbValidate - Successfully validated 10 migrations (execution time 00:00.032s)
2025-12-16 10:07:24.813 [main] INFO  o.f.core.internal.command.DbMigrate - Current version of schema "main": 6
2025-12-16 10:07:24.826 [main] INFO  o.f.core.internal.command.DbMigrate - Migrating schema "main" to version "7 - create enrollments"
2025-12-16 10:07:24.850 [main] ERROR o.f.core.internal.command.DbMigrate - Migration of schema "main" to version "7 - create enrollments" failed! Changes successfully rolled back.
2025-12-16 10:07:24.855 [main] ERROR util.GlobalExceptionHandler - [29ab1eee-93c0-4fad-afac-c5ea744923f3] Uncaught exception in thread main
org.flywaydb.core.internal.command.DbMigrate$FlywayMigrateException: Script V7__create_enrollments.sql failed
----------------------------------------
SQL State  : null
Error Code : 1
Message    : [SQLITE_ERROR] SQL error or missing database (no such column: block_id)
Location   : db/migration/V7__create_enrollments.sql (C:\Users\Asus\OneDrive\Documents\Java college vibe code\enrollmentSystem\target\classes\db\migration\V7__create_enrollments.sql)
Line       : 16
Statement  : Run Flyway with -X option to see the actual statement causing the problem

	at org.flywaydb.core.internal.command.DbMigrate.doMigrateGroup(DbMigrate.java:392)
	at org.flywaydb.core.internal.command.DbMigrate.lambda$applyMigrations$1(DbMigrate.java:280)
	at org.flywaydb.core.internal.jdbc.TransactionalExecutionTemplate.execute(TransactionalExecutionTemplate.java:59)
	at org.flywaydb.core.internal.command.DbMigrate.applyMigrations(DbMigrate.java:279)
	at org.flywaydb.core.internal.command.DbMigrate.migrateGroup(DbMigrate.java:252)
	at org.flywaydb.core.internal.command.DbMigrate.lambda$migrateAll$0(DbMigrate.java:146)
	at org.flywaydb.core.internal.jdbc.TableLockingExecutionTemplate$1.call(TableLockingExecutionTemplate.java:40)
	at org.flywaydb.core.internal.jdbc.TransactionalExecutionTemplate.execute(TransactionalExecutionTemplate.java:59)
	at org.flywaydb.core.internal.jdbc.TableLockingExecutionTemplate.execute(TableLockingExecutionTemplate.java:35)
	at org.flywaydb.core.internal.database.base.Connection.lock(Connection.java:106)
	at org.flywaydb.core.internal.schemahistory.JdbcTableSchemaHistory.lock(JdbcTableSchemaHistory.java:149)
	at org.flywaydb.core.internal.command.DbMigrate.migrateAll(DbMigrate.java:146)
	at org.flywaydb.core.internal.command.DbMigrate.migrate(DbMigrate.java:104)
	at org.flywaydb.core.Flyway.lambda$migrate$0(Flyway.java:222)
	at org.flywaydb.core.FlywayExecutor.execute(FlywayExecutor.java:210)
	at org.flywaydb.core.Flyway.migrate(Flyway.java:164)
	at util.DatabaseMigrator.runMigrations(DatabaseMigrator.java:26)
	at Main.main(Main.java:25)
Caused by: org.flywaydb.core.internal.sqlscript.FlywaySqlScriptException: Script V7__create_enrollments.sql failed
----------------------------------------
SQL State  : null
Error Code : 1
Message    : [SQLITE_ERROR] SQL error or missing database (no such column: block_id)
Location   : db/migration/V7__create_enrollments.sql (C:\Users\Asus\OneDrive\Documents\Java college vibe code\enrollmentSystem\target\classes\db\migration\V7__create_enrollments.sql)
Line       : 16
Statement  : Run Flyway with -X option to see the actual statement causing the problem

	at org.flywaydb.core.internal.sqlscript.DefaultSqlScriptExecutor.handleException(DefaultSqlScriptExecutor.java:252)
	at org.flywaydb.core.internal.sqlscript.DefaultSqlScriptExecutor.executeStatement(DefaultSqlScriptExecutor.java:214)
	at org.flywaydb.core.internal.sqlscript.DefaultSqlScriptExecutor.execute(DefaultSqlScriptExecutor.java:136)
	at org.flywaydb.core.internal.resolver.sql.SqlMigrationExecutor.executeOnce(SqlMigrationExecutor.java:69)
	at org.flywaydb.core.internal.resolver.sql.SqlMigrationExecutor.lambda$execute$0(SqlMigrationExecutor.java:61)
	at org.flywaydb.core.internal.database.DefaultExecutionStrategy.execute(DefaultExecutionStrategy.java:31)
	at org.flywaydb.core.internal.resolver.sql.SqlMigrationExecutor.execute(SqlMigrationExecutor.java:60)
	at org.flywaydb.core.internal.command.DbMigrate.doMigrateGroup(DbMigrate.java:384)
	... 17 common frames omitted
Caused by: org.sqlite.SQLiteException: [SQLITE_ERROR] SQL error or missing database (no such column: block_id)
	at org.sqlite.core.DB.newSQLException(DB.java:1135)
	at org.sqlite.core.DB.newSQLException(DB.java:1146)
	at org.sqlite.core.DB.throwex(DB.java:1106)
	at org.sqlite.core.NativeDB.prepare_utf8(Native Method)
	at org.sqlite.core.NativeDB.prepare(NativeDB.java:122)
	at org.sqlite.core.DB.prepare(DB.java:264)
	at org.sqlite.jdbc3.JDBC3Statement.lambda$execute$0(JDBC3Statement.java:48)
	at org.sqlite.jdbc3.JDBC3Statement.withConnectionTimeout(JDBC3Statement.java:429)
	at org.sqlite.jdbc3.JDBC3Statement.execute(JDBC3Statement.java:37)
	at org.flywaydb.core.internal.jdbc.JdbcTemplate.executeStatement(JdbcTemplate.java:210)
	at org.flywaydb.core.internal.sqlscript.ParsedSqlStatement.execute(ParsedSqlStatement.java:88)
	at org.flywaydb.core.internal.sqlscript.DefaultSqlScriptExecutor.executeStatement(DefaultSqlScriptExecutor.java:209)
	... 23 common frames omitted
2025-12-16 10:09:52.887 [main] INFO  org.flywaydb.core.FlywayExecutor - Database: jdbc:sqlite:enrollment.db (SQLite 3.39)
2025-12-16 10:09:52.942 [main] INFO  o.f.core.internal.command.DbValidate - Successfully validated 10 migrations (execution time 00:00.033s)
2025-12-16 10:09:52.949 [main] INFO  o.f.core.internal.command.DbMigrate - Current version of schema "main": 6
2025-12-16 10:09:52.966 [main] INFO  o.f.core.internal.command.DbMigrate - Migrating schema "main" to version "7 - create enrollments"
2025-12-16 10:09:52.986 [main] ERROR o.f.core.internal.command.DbMigrate - Migration of schema "main" to version "7 - create enrollments" failed! Changes successfully rolled back.
2025-12-16 10:09:52.990 [main] ERROR util.GlobalExceptionHandler - [d4107c9d-5628-4ef8-a166-81475564a46b] Uncaught exception in thread main
org.flywaydb.core.internal.command.DbMigrate$FlywayMigrateException: Script V7__create_enrollments.sql failed
----------------------------------------
SQL State  : null
Error Code : 1
Message    : [SQLITE_ERROR] SQL error or missing database (no such column: block_id)
Location   : db/migration/V7__create_enrollments.sql (C:\Users\Asus\OneDrive\Documents\Java college vibe code\enrollmentSystem\target\classes\db\migration\V7__create_enrollments.sql)
Line       : 17
Statement  : Run Flyway with -X option to see the actual statement causing the problem

	at org.flywaydb.core.internal.command.DbMigrate.doMigrateGroup(DbMigrate.java:392)
	at org.flywaydb.core.internal.command.DbMigrate.lambda$applyMigrations$1(DbMigrate.java:280)
	at org.flywaydb.core.internal.jdbc.TransactionalExecutionTemplate.execute(TransactionalExecutionTemplate.java:59)
	at org.flywaydb.core.internal.command.DbMigrate.applyMigrations(DbMigrate.java:279)
	at org.flywaydb.core.internal.command.DbMigrate.migrateGroup(DbMigrate.java:252)
	at org.flywaydb.core.internal.command.DbMigrate.lambda$migrateAll$0(DbMigrate.java:146)
	at org.flywaydb.core.internal.jdbc.TableLockingExecutionTemplate$1.call(TableLockingExecutionTemplate.java:40)
	at org.flywaydb.core.internal.jdbc.TransactionalExecutionTemplate.execute(TransactionalExecutionTemplate.java:59)
	at org.flywaydb.core.internal.jdbc.TableLockingExecutionTemplate.execute(TableLockingExecutionTemplate.java:35)
	at org.flywaydb.core.internal.database.base.Connection.lock(Connection.java:106)
	at org.flywaydb.core.internal.schemahistory.JdbcTableSchemaHistory.lock(JdbcTableSchemaHistory.java:149)
	at org.flywaydb.core.internal.command.DbMigrate.migrateAll(DbMigrate.java:146)
	at org.flywaydb.core.internal.command.DbMigrate.migrate(DbMigrate.java:104)
	at org.flywaydb.core.Flyway.lambda$migrate$0(Flyway.java:222)
	at org.flywaydb.core.FlywayExecutor.execute(FlywayExecutor.java:210)
	at org.flywaydb.core.Flyway.migrate(Flyway.java:164)
	at util.DatabaseMigrator.runMigrations(DatabaseMigrator.java:26)
	at Main.main(Main.java:25)
Caused by: org.flywaydb.core.internal.sqlscript.FlywaySqlScriptException: Script V7__create_enrollments.sql failed
----------------------------------------
SQL State  : null
Error Code : 1
Message    : [SQLITE_ERROR] SQL error or missing database (no such column: block_id)
Location   : db/migration/V7__create_enrollments.sql (C:\Users\Asus\OneDrive\Documents\Java college vibe code\enrollmentSystem\target\classes\db\migration\V7__create_enrollments.sql)
Line       : 17
Statement  : Run Flyway with -X option to see the actual statement causing the problem

	at org.flywaydb.core.internal.sqlscript.DefaultSqlScriptExecutor.handleException(DefaultSqlScriptExecutor.java:252)
	at org.flywaydb.core.internal.sqlscript.DefaultSqlScriptExecutor.executeStatement(DefaultSqlScriptExecutor.java:214)
	at org.flywaydb.core.internal.sqlscript.DefaultSqlScriptExecutor.execute(DefaultSqlScriptExecutor.java:136)
	at org.flywaydb.core.internal.resolver.sql.SqlMigrationExecutor.executeOnce(SqlMigrationExecutor.java:69)
	at org.flywaydb.core.internal.resolver.sql.SqlMigrationExecutor.lambda$execute$0(SqlMigrationExecutor.java:61)
	at org.flywaydb.core.internal.database.DefaultExecutionStrategy.execute(DefaultExecutionStrategy.java:31)
	at org.flywaydb.core.internal.resolver.sql.SqlMigrationExecutor.execute(SqlMigrationExecutor.java:60)
	at org.flywaydb.core.internal.command.DbMigrate.doMigrateGroup(DbMigrate.java:384)
	... 17 common frames omitted
Caused by: org.sqlite.SQLiteException: [SQLITE_ERROR] SQL error or missing database (no such column: block_id)
	at org.sqlite.core.DB.newSQLException(DB.java:1135)
	at org.sqlite.core.DB.newSQLException(DB.java:1146)
	at org.sqlite.core.DB.throwex(DB.java:1106)
	at org.sqlite.core.NativeDB.prepare_utf8(Native Method)
	at org.sqlite.core.NativeDB.prepare(NativeDB.java:122)
	at org.sqlite.core.DB.prepare(DB.java:264)
	at org.sqlite.jdbc3.JDBC3Statement.lambda$execute$0(JDBC3Statement.java:48)
	at org.sqlite.jdbc3.JDBC3Statement.withConnectionTimeout(JDBC3Statement.java:429)
	at org.sqlite.jdbc3.JDBC3Statement.execute(JDBC3Statement.java:37)
	at org.flywaydb.core.internal.jdbc.JdbcTemplate.executeStatement(JdbcTemplate.java:210)
	at org.flywaydb.core.internal.sqlscript.ParsedSqlStatement.execute(ParsedSqlStatement.java:88)
	at org.flywaydb.core.internal.sqlscript.DefaultSqlScriptExecutor.executeStatement(DefaultSqlScriptExecutor.java:209)
	... 23 common frames omitted
2025-12-16 10:11:12.535 [main] INFO  org.flywaydb.core.FlywayExecutor - Database: jdbc:sqlite:enrollment.db (SQLite 3.39)
2025-12-16 10:11:12.592 [main] INFO  o.f.core.internal.command.DbValidate - Successfully validated 10 migrations (execution time 00:00.031s)
2025-12-16 10:11:12.598 [main] INFO  o.f.core.internal.command.DbMigrate - Current version of schema "main": 6
2025-12-16 10:11:12.617 [main] INFO  o.f.core.internal.command.DbMigrate - Migrating schema "main" to version "7 - create enrollments"
2025-12-16 10:11:12.634 [main] ERROR o.f.core.internal.command.DbMigrate - Migration of schema "main" to version "7 - create enrollments" failed! Changes successfully rolled back.
2025-12-16 10:11:12.638 [main] ERROR util.GlobalExceptionHandler - [7673d0f2-d3f7-48a7-870b-9abc3de76880] Uncaught exception in thread main
org.flywaydb.core.internal.command.DbMigrate$FlywayMigrateException: Script V7__create_enrollments.sql failed
----------------------------------------
SQL State  : null
Error Code : 1
Message    : [SQLITE_ERROR] SQL error or missing database (near "EXISTS": syntax error)
Location   : db/migration/V7__create_enrollments.sql (C:\Users\Asus\OneDrive\Documents\Java college vibe code\enrollmentSystem\target\classes\db\migration\V7__create_enrollments.sql)
Line       : 16
Statement  : Run Flyway with -X option to see the actual statement causing the problem

	at org.flywaydb.core.internal.command.DbMigrate.doMigrateGroup(DbMigrate.java:392)
	at org.flywaydb.core.internal.command.DbMigrate.lambda$applyMigrations$1(DbMigrate.java:280)
	at org.flywaydb.core.internal.jdbc.TransactionalExecutionTemplate.execute(TransactionalExecutionTemplate.java:59)
	at org.flywaydb.core.internal.command.DbMigrate.applyMigrations(DbMigrate.java:279)
	at org.flywaydb.core.internal.command.DbMigrate.migrateGroup(DbMigrate.java:252)
	at org.flywaydb.core.internal.command.DbMigrate.lambda$migrateAll$0(DbMigrate.java:146)
	at org.flywaydb.core.internal.jdbc.TableLockingExecutionTemplate$1.call(TableLockingExecutionTemplate.java:40)
	at org.flywaydb.core.internal.jdbc.TransactionalExecutionTemplate.execute(TransactionalExecutionTemplate.java:59)
	at org.flywaydb.core.internal.jdbc.TableLockingExecutionTemplate.execute(TableLockingExecutionTemplate.java:35)
	at org.flywaydb.core.internal.database.base.Connection.lock(Connection.java:106)
	at org.flywaydb.core.internal.schemahistory.JdbcTableSchemaHistory.lock(JdbcTableSchemaHistory.java:149)
	at org.flywaydb.core.internal.command.DbMigrate.migrateAll(DbMigrate.java:146)
	at org.flywaydb.core.internal.command.DbMigrate.migrate(DbMigrate.java:104)
	at org.flywaydb.core.Flyway.lambda$migrate$0(Flyway.java:222)
	at org.flywaydb.core.FlywayExecutor.execute(FlywayExecutor.java:210)
	at org.flywaydb.core.Flyway.migrate(Flyway.java:164)
	at util.DatabaseMigrator.runMigrations(DatabaseMigrator.java:26)
	at Main.main(Main.java:25)
Caused by: org.flywaydb.core.internal.sqlscript.FlywaySqlScriptException: Script V7__create_enrollments.sql failed
----------------------------------------
SQL State  : null
Error Code : 1
Message    : [SQLITE_ERROR] SQL error or missing database (near "EXISTS": syntax error)
Location   : db/migration/V7__create_enrollments.sql (C:\Users\Asus\OneDrive\Documents\Java college vibe code\enrollmentSystem\target\classes\db\migration\V7__create_enrollments.sql)
Line       : 16
Statement  : Run Flyway with -X option to see the actual statement causing the problem

	at org.flywaydb.core.internal.sqlscript.DefaultSqlScriptExecutor.handleException(DefaultSqlScriptExecutor.java:252)
	at org.flywaydb.core.internal.sqlscript.DefaultSqlScriptExecutor.executeStatement(DefaultSqlScriptExecutor.java:214)
	at org.flywaydb.core.internal.sqlscript.DefaultSqlScriptExecutor.execute(DefaultSqlScriptExecutor.java:136)
	at org.flywaydb.core.internal.resolver.sql.SqlMigrationExecutor.executeOnce(SqlMigrationExecutor.java:69)
	at org.flywaydb.core.internal.resolver.sql.SqlMigrationExecutor.lambda$execute$0(SqlMigrationExecutor.java:61)
	at org.flywaydb.core.internal.database.DefaultExecutionStrategy.execute(DefaultExecutionStrategy.java:31)
	at org.flywaydb.core.internal.resolver.sql.SqlMigrationExecutor.execute(SqlMigrationExecutor.java:60)
	at org.flywaydb.core.internal.command.DbMigrate.doMigrateGroup(DbMigrate.java:384)
	... 17 common frames omitted
Caused by: org.sqlite.SQLiteException: [SQLITE_ERROR] SQL error or missing database (near "EXISTS": syntax error)
	at org.sqlite.core.DB.newSQLException(DB.java:1135)
	at org.sqlite.core.DB.newSQLException(DB.java:1146)
	at org.sqlite.core.DB.throwex(DB.java:1106)
	at org.sqlite.core.NativeDB.prepare_utf8(Native Method)
	at org.sqlite.core.NativeDB.prepare(NativeDB.java:122)
	at org.sqlite.core.DB.prepare(DB.java:264)
	at org.sqlite.jdbc3.JDBC3Statement.lambda$execute$0(JDBC3Statement.java:48)
	at org.sqlite.jdbc3.JDBC3Statement.withConnectionTimeout(JDBC3Statement.java:429)
	at org.sqlite.jdbc3.JDBC3Statement.execute(JDBC3Statement.java:37)
	at org.flywaydb.core.internal.jdbc.JdbcTemplate.executeStatement(JdbcTemplate.java:210)
	at org.flywaydb.core.internal.sqlscript.ParsedSqlStatement.execute(ParsedSqlStatement.java:88)
	at org.flywaydb.core.internal.sqlscript.DefaultSqlScriptExecutor.executeStatement(DefaultSqlScriptExecutor.java:209)
	... 23 common frames omitted
2025-12-16 10:11:46.546 [main] INFO  org.flywaydb.core.FlywayExecutor - Database: jdbc:sqlite:enrollment.db (SQLite 3.39)
2025-12-16 10:11:46.600 [main] INFO  o.f.core.internal.command.DbValidate - Successfully validated 10 migrations (execution time 00:00.035s)
2025-12-16 10:11:46.608 [main] INFO  o.f.core.internal.command.DbMigrate - Current version of schema "main": 6
2025-12-16 10:11:46.628 [main] INFO  o.f.core.internal.command.DbMigrate - Migrating schema "main" to version "7 - create enrollments"
2025-12-16 10:11:46.643 [main] ERROR o.f.core.internal.command.DbMigrate - Migration of schema "main" to version "7 - create enrollments" failed! Changes successfully rolled back.
2025-12-16 10:11:46.648 [main] ERROR util.GlobalExceptionHandler - [427520f5-47d8-4201-9f04-66edd25b5c45] Uncaught exception in thread main
org.flywaydb.core.internal.command.DbMigrate$FlywayMigrateException: Script V7__create_enrollments.sql failed
----------------------------------------
SQL State  : null
Error Code : 1
Message    : [SQLITE_ERROR] SQL error or missing database (near "EXISTS": syntax error)
Location   : db/migration/V7__create_enrollments.sql (C:\Users\Asus\OneDrive\Documents\Java college vibe code\enrollmentSystem\target\classes\db\migration\V7__create_enrollments.sql)
Line       : 16
Statement  : Run Flyway with -X option to see the actual statement causing the problem

	at org.flywaydb.core.internal.command.DbMigrate.doMigrateGroup(DbMigrate.java:392)
	at org.flywaydb.core.internal.command.DbMigrate.lambda$applyMigrations$1(DbMigrate.java:280)
	at org.flywaydb.core.internal.jdbc.TransactionalExecutionTemplate.execute(TransactionalExecutionTemplate.java:59)
	at org.flywaydb.core.internal.command.DbMigrate.applyMigrations(DbMigrate.java:279)
	at org.flywaydb.core.internal.command.DbMigrate.migrateGroup(DbMigrate.java:252)
	at org.flywaydb.core.internal.command.DbMigrate.lambda$migrateAll$0(DbMigrate.java:146)
	at org.flywaydb.core.internal.jdbc.TableLockingExecutionTemplate$1.call(TableLockingExecutionTemplate.java:40)
	at org.flywaydb.core.internal.jdbc.TransactionalExecutionTemplate.execute(TransactionalExecutionTemplate.java:59)
	at org.flywaydb.core.internal.jdbc.TableLockingExecutionTemplate.execute(TableLockingExecutionTemplate.java:35)
	at org.flywaydb.core.internal.database.base.Connection.lock(Connection.java:106)
	at org.flywaydb.core.internal.schemahistory.JdbcTableSchemaHistory.lock(JdbcTableSchemaHistory.java:149)
	at org.flywaydb.core.internal.command.DbMigrate.migrateAll(DbMigrate.java:146)
	at org.flywaydb.core.internal.command.DbMigrate.migrate(DbMigrate.java:104)
	at org.flywaydb.core.Flyway.lambda$migrate$0(Flyway.java:222)
	at org.flywaydb.core.FlywayExecutor.execute(FlywayExecutor.java:210)
	at org.flywaydb.core.Flyway.migrate(Flyway.java:164)
	at util.DatabaseMigrator.runMigrations(DatabaseMigrator.java:26)
	at Main.main(Main.java:25)
Caused by: org.flywaydb.core.internal.sqlscript.FlywaySqlScriptException: Script V7__create_enrollments.sql failed
----------------------------------------
SQL State  : null
Error Code : 1
Message    : [SQLITE_ERROR] SQL error or missing database (near "EXISTS": syntax error)
Location   : db/migration/V7__create_enrollments.sql (C:\Users\Asus\OneDrive\Documents\Java college vibe code\enrollmentSystem\target\classes\db\migration\V7__create_enrollments.sql)
Line       : 16
Statement  : Run Flyway with -X option to see the actual statement causing the problem

	at org.flywaydb.core.internal.sqlscript.DefaultSqlScriptExecutor.handleException(DefaultSqlScriptExecutor.java:252)
	at org.flywaydb.core.internal.sqlscript.DefaultSqlScriptExecutor.executeStatement(DefaultSqlScriptExecutor.java:214)
	at org.flywaydb.core.internal.sqlscript.DefaultSqlScriptExecutor.execute(DefaultSqlScriptExecutor.java:136)
	at org.flywaydb.core.internal.resolver.sql.SqlMigrationExecutor.executeOnce(SqlMigrationExecutor.java:69)
	at org.flywaydb.core.internal.resolver.sql.SqlMigrationExecutor.lambda$execute$0(SqlMigrationExecutor.java:61)
	at org.flywaydb.core.internal.database.DefaultExecutionStrategy.execute(DefaultExecutionStrategy.java:31)
	at org.flywaydb.core.internal.resolver.sql.SqlMigrationExecutor.execute(SqlMigrationExecutor.java:60)
	at org.flywaydb.core.internal.command.DbMigrate.doMigrateGroup(DbMigrate.java:384)
	... 17 common frames omitted
Caused by: org.sqlite.SQLiteException: [SQLITE_ERROR] SQL error or missing database (near "EXISTS": syntax error)
	at org.sqlite.core.DB.newSQLException(DB.java:1135)
	at org.sqlite.core.DB.newSQLException(DB.java:1146)
	at org.sqlite.core.DB.throwex(DB.java:1106)
	at org.sqlite.core.NativeDB.prepare_utf8(Native Method)
	at org.sqlite.core.NativeDB.prepare(NativeDB.java:122)
	at org.sqlite.core.DB.prepare(DB.java:264)
	at org.sqlite.jdbc3.JDBC3Statement.lambda$execute$0(JDBC3Statement.java:48)
	at org.sqlite.jdbc3.JDBC3Statement.withConnectionTimeout(JDBC3Statement.java:429)
	at org.sqlite.jdbc3.JDBC3Statement.execute(JDBC3Statement.java:37)
	at org.flywaydb.core.internal.jdbc.JdbcTemplate.executeStatement(JdbcTemplate.java:210)
	at org.flywaydb.core.internal.sqlscript.ParsedSqlStatement.execute(ParsedSqlStatement.java:88)
	at org.flywaydb.core.internal.sqlscript.DefaultSqlScriptExecutor.executeStatement(DefaultSqlScriptExecutor.java:209)
	... 23 common frames omitted
2025-12-16 10:14:03.064 [main] INFO  org.flywaydb.core.FlywayExecutor - Database: jdbc:sqlite:enrollment.db (SQLite 3.39)
2025-12-16 10:14:03.117 [main] INFO  o.f.core.internal.command.DbValidate - Successfully validated 10 migrations (execution time 00:00.031s)
2025-12-16 10:14:03.124 [main] INFO  o.f.core.internal.command.DbMigrate - Current version of schema "main": 6
2025-12-16 10:14:03.141 [main] INFO  o.f.core.internal.command.DbMigrate - Migrating schema "main" to version "7 - create enrollments"
2025-12-16 10:14:03.156 [main] ERROR o.f.core.internal.command.DbMigrate - Migration of schema "main" to version "7 - create enrollments" failed! Changes successfully rolled back.
2025-12-16 10:14:03.161 [main] ERROR util.GlobalExceptionHandler - [8e765b63-0a74-44a9-be6f-856bec33da81] Uncaught exception in thread main
org.flywaydb.core.internal.command.DbMigrate$FlywayMigrateException: Script V7__create_enrollments.sql failed
----------------------------------------
SQL State  : null
Error Code : 1
Message    : [SQLITE_ERROR] SQL error or missing database (near "EXISTS": syntax error)
Location   : db/migration/V7__create_enrollments.sql (C:\Users\Asus\OneDrive\Documents\Java college vibe code\enrollmentSystem\target\classes\db\migration\V7__create_enrollments.sql)
Line       : 16
Statement  : Run Flyway with -X option to see the actual statement causing the problem

	at org.flywaydb.core.internal.command.DbMigrate.doMigrateGroup(DbMigrate.java:392)
	at org.flywaydb.core.internal.command.DbMigrate.lambda$applyMigrations$1(DbMigrate.java:280)
	at org.flywaydb.core.internal.jdbc.TransactionalExecutionTemplate.execute(TransactionalExecutionTemplate.java:59)
	at org.flywaydb.core.internal.command.DbMigrate.applyMigrations(DbMigrate.java:279)
	at org.flywaydb.core.internal.command.DbMigrate.migrateGroup(DbMigrate.java:252)
	at org.flywaydb.core.internal.command.DbMigrate.lambda$migrateAll$0(DbMigrate.java:146)
	at org.flywaydb.core.internal.jdbc.TableLockingExecutionTemplate$1.call(TableLockingExecutionTemplate.java:40)
	at org.flywaydb.core.internal.jdbc.TransactionalExecutionTemplate.execute(TransactionalExecutionTemplate.java:59)
	at org.flywaydb.core.internal.jdbc.TableLockingExecutionTemplate.execute(TableLockingExecutionTemplate.java:35)
	at org.flywaydb.core.internal.database.base.Connection.lock(Connection.java:106)
	at org.flywaydb.core.internal.schemahistory.JdbcTableSchemaHistory.lock(JdbcTableSchemaHistory.java:149)
	at org.flywaydb.core.internal.command.DbMigrate.migrateAll(DbMigrate.java:146)
	at org.flywaydb.core.internal.command.DbMigrate.migrate(DbMigrate.java:104)
	at org.flywaydb.core.Flyway.lambda$migrate$0(Flyway.java:222)
	at org.flywaydb.core.FlywayExecutor.execute(FlywayExecutor.java:210)
	at org.flywaydb.core.Flyway.migrate(Flyway.java:164)
	at util.DatabaseMigrator.runMigrations(DatabaseMigrator.java:26)
	at Main.main(Main.java:25)
Caused by: org.flywaydb.core.internal.sqlscript.FlywaySqlScriptException: Script V7__create_enrollments.sql failed
----------------------------------------
SQL State  : null
Error Code : 1
Message    : [SQLITE_ERROR] SQL error or missing database (near "EXISTS": syntax error)
Location   : db/migration/V7__create_enrollments.sql (C:\Users\Asus\OneDrive\Documents\Java college vibe code\enrollmentSystem\target\classes\db\migration\V7__create_enrollments.sql)
Line       : 16
Statement  : Run Flyway with -X option to see the actual statement causing the problem

	at org.flywaydb.core.internal.sqlscript.DefaultSqlScriptExecutor.handleException(DefaultSqlScriptExecutor.java:252)
	at org.flywaydb.core.internal.sqlscript.DefaultSqlScriptExecutor.executeStatement(DefaultSqlScriptExecutor.java:214)
	at org.flywaydb.core.internal.sqlscript.DefaultSqlScriptExecutor.execute(DefaultSqlScriptExecutor.java:136)
	at org.flywaydb.core.internal.resolver.sql.SqlMigrationExecutor.executeOnce(SqlMigrationExecutor.java:69)
	at org.flywaydb.core.internal.resolver.sql.SqlMigrationExecutor.lambda$execute$0(SqlMigrationExecutor.java:61)
	at org.flywaydb.core.internal.database.DefaultExecutionStrategy.execute(DefaultExecutionStrategy.java:31)
	at org.flywaydb.core.internal.resolver.sql.SqlMigrationExecutor.execute(SqlMigrationExecutor.java:60)
	at org.flywaydb.core.internal.command.DbMigrate.doMigrateGroup(DbMigrate.java:384)
	... 17 common frames omitted
Caused by: org.sqlite.SQLiteException: [SQLITE_ERROR] SQL error or missing database (near "EXISTS": syntax error)
	at org.sqlite.core.DB.newSQLException(DB.java:1135)
	at org.sqlite.core.DB.newSQLException(DB.java:1146)
	at org.sqlite.core.DB.throwex(DB.java:1106)
	at org.sqlite.core.NativeDB.prepare_utf8(Native Method)
	at org.sqlite.core.NativeDB.prepare(NativeDB.java:122)
	at org.sqlite.core.DB.prepare(DB.java:264)
	at org.sqlite.jdbc3.JDBC3Statement.lambda$execute$0(JDBC3Statement.java:48)
	at org.sqlite.jdbc3.JDBC3Statement.withConnectionTimeout(JDBC3Statement.java:429)
	at org.sqlite.jdbc3.JDBC3Statement.execute(JDBC3Statement.java:37)
	at org.flywaydb.core.internal.jdbc.JdbcTemplate.executeStatement(JdbcTemplate.java:210)
	at org.flywaydb.core.internal.sqlscript.ParsedSqlStatement.execute(ParsedSqlStatement.java:88)
	at org.flywaydb.core.internal.sqlscript.DefaultSqlScriptExecutor.executeStatement(DefaultSqlScriptExecutor.java:209)
	... 23 common frames omitted
2025-12-16 10:21:58.013 [main] INFO  org.flywaydb.core.FlywayExecutor - Database: jdbc:sqlite:enrollment.db (SQLite 3.39)
2025-12-16 10:21:58.066 [main] INFO  o.f.core.internal.command.DbValidate - Successfully validated 10 migrations (execution time 00:00.035s)
2025-12-16 10:21:58.078 [main] INFO  o.f.core.internal.command.DbMigrate - Current version of schema "main": 6
2025-12-16 10:21:58.095 [main] INFO  o.f.core.internal.command.DbMigrate - Migrating schema "main" to version "7 - create enrollments"
2025-12-16 10:21:58.127 [main] INFO  o.f.core.internal.command.DbMigrate - Migrating schema "main" to version "8 - create payments"
2025-12-16 10:21:58.140 [main] ERROR o.f.core.internal.command.DbMigrate - Migration of schema "main" to version "8 - create payments" failed! Changes successfully rolled back.
2025-12-16 10:21:58.144 [main] ERROR util.GlobalExceptionHandler - [21872ebf-442b-41b7-87c4-796c13fccf3f] Uncaught exception in thread main
org.flywaydb.core.internal.command.DbMigrate$FlywayMigrateException: Script V8__create_payments.sql failed
-------------------------------------
SQL State  : null
Error Code : 1
Message    : [SQLITE_ERROR] SQL error or missing database (no such column: assessment_id)
Location   : db/migration/V8__create_payments.sql (C:\Users\Asus\OneDrive\Documents\Java college vibe code\enrollmentSystem\target\classes\db\migration\V8__create_payments.sql)
Line       : 13
Statement  : Run Flyway with -X option to see the actual statement causing the problem

	at org.flywaydb.core.internal.command.DbMigrate.doMigrateGroup(DbMigrate.java:392)
	at org.flywaydb.core.internal.command.DbMigrate.lambda$applyMigrations$1(DbMigrate.java:280)
	at org.flywaydb.core.internal.jdbc.TransactionalExecutionTemplate.execute(TransactionalExecutionTemplate.java:59)
	at org.flywaydb.core.internal.command.DbMigrate.applyMigrations(DbMigrate.java:279)
	at org.flywaydb.core.internal.command.DbMigrate.migrateGroup(DbMigrate.java:252)
	at org.flywaydb.core.internal.command.DbMigrate.lambda$migrateAll$0(DbMigrate.java:146)
	at org.flywaydb.core.internal.jdbc.TableLockingExecutionTemplate$1.call(TableLockingExecutionTemplate.java:40)
	at org.flywaydb.core.internal.jdbc.TransactionalExecutionTemplate.execute(TransactionalExecutionTemplate.java:59)
	at org.flywaydb.core.internal.jdbc.TableLockingExecutionTemplate.execute(TableLockingExecutionTemplate.java:35)
	at org.flywaydb.core.internal.database.base.Connection.lock(Connection.java:106)
	at org.flywaydb.core.internal.schemahistory.JdbcTableSchemaHistory.lock(JdbcTableSchemaHistory.java:149)
	at org.flywaydb.core.internal.command.DbMigrate.migrateAll(DbMigrate.java:146)
	at org.flywaydb.core.internal.command.DbMigrate.migrate(DbMigrate.java:104)
	at org.flywaydb.core.Flyway.lambda$migrate$0(Flyway.java:222)
	at org.flywaydb.core.FlywayExecutor.execute(FlywayExecutor.java:210)
	at org.flywaydb.core.Flyway.migrate(Flyway.java:164)
	at util.DatabaseMigrator.runMigrations(DatabaseMigrator.java:26)
	at Main.main(Main.java:24)
Caused by: org.flywaydb.core.internal.sqlscript.FlywaySqlScriptException: Script V8__create_payments.sql failed
-------------------------------------
SQL State  : null
Error Code : 1
Message    : [SQLITE_ERROR] SQL error or missing database (no such column: assessment_id)
Location   : db/migration/V8__create_payments.sql (C:\Users\Asus\OneDrive\Documents\Java college vibe code\enrollmentSystem\target\classes\db\migration\V8__create_payments.sql)
Line       : 13
Statement  : Run Flyway with -X option to see the actual statement causing the problem

	at org.flywaydb.core.internal.sqlscript.DefaultSqlScriptExecutor.handleException(DefaultSqlScriptExecutor.java:252)
	at org.flywaydb.core.internal.sqlscript.DefaultSqlScriptExecutor.executeStatement(DefaultSqlScriptExecutor.java:214)
	at org.flywaydb.core.internal.sqlscript.DefaultSqlScriptExecutor.execute(DefaultSqlScriptExecutor.java:136)
	at org.flywaydb.core.internal.resolver.sql.SqlMigrationExecutor.executeOnce(SqlMigrationExecutor.java:69)
	at org.flywaydb.core.internal.resolver.sql.SqlMigrationExecutor.lambda$execute$0(SqlMigrationExecutor.java:61)
	at org.flywaydb.core.internal.database.DefaultExecutionStrategy.execute(DefaultExecutionStrategy.java:31)
	at org.flywaydb.core.internal.resolver.sql.SqlMigrationExecutor.execute(SqlMigrationExecutor.java:60)
	at org.flywaydb.core.internal.command.DbMigrate.doMigrateGroup(DbMigrate.java:384)
	... 17 common frames omitted
Caused by: org.sqlite.SQLiteException: [SQLITE_ERROR] SQL error or missing database (no such column: assessment_id)
	at org.sqlite.core.DB.newSQLException(DB.java:1135)
	at org.sqlite.core.DB.newSQLException(DB.java:1146)
	at org.sqlite.core.DB.throwex(DB.java:1106)
	at org.sqlite.core.NativeDB.prepare_utf8(Native Method)
	at org.sqlite.core.NativeDB.prepare(NativeDB.java:122)
	at org.sqlite.core.DB.prepare(DB.java:264)
	at org.sqlite.jdbc3.JDBC3Statement.lambda$execute$0(JDBC3Statement.java:48)
	at org.sqlite.jdbc3.JDBC3Statement.withConnectionTimeout(JDBC3Statement.java:429)
	at org.sqlite.jdbc3.JDBC3Statement.execute(JDBC3Statement.java:37)
	at org.flywaydb.core.internal.jdbc.JdbcTemplate.executeStatement(JdbcTemplate.java:210)
	at org.flywaydb.core.internal.sqlscript.ParsedSqlStatement.execute(ParsedSqlStatement.java:88)
	at org.flywaydb.core.internal.sqlscript.DefaultSqlScriptExecutor.executeStatement(DefaultSqlScriptExecutor.java:209)
	... 23 common frames omitted
2025-12-16 10:22:55.630 [main] INFO  org.flywaydb.core.FlywayExecutor - Database: jdbc:sqlite:enrollment.db (SQLite 3.39)
2025-12-16 10:22:55.688 [main] INFO  o.f.core.internal.command.DbValidate - Successfully validated 10 migrations (execution time 00:00.034s)
2025-12-16 10:22:55.696 [main] INFO  o.f.core.internal.command.DbMigrate - Current version of schema "main": 7
2025-12-16 10:22:55.712 [main] INFO  o.f.core.internal.command.DbMigrate - Migrating schema "main" to version "8 - create payments"
2025-12-16 10:22:55.726 [main] ERROR o.f.core.internal.command.DbMigrate - Migration of schema "main" to version "8 - create payments" failed! Changes successfully rolled back.
2025-12-16 10:22:55.726 [main] ERROR util.GlobalExceptionHandler - [881952ac-6db7-4d86-bad8-823f6fe8058c] Uncaught exception in thread main
org.flywaydb.core.internal.command.DbMigrate$FlywayMigrateException: Script V8__create_payments.sql failed
-------------------------------------
SQL State  : null
Error Code : 1
Message    : [SQLITE_ERROR] SQL error or missing database (no such column: assessment_id)
Location   : db/migration/V8__create_payments.sql (C:\Users\Asus\OneDrive\Documents\Java college vibe code\enrollmentSystem\target\classes\db\migration\V8__create_payments.sql)
Line       : 13
Statement  : Run Flyway with -X option to see the actual statement causing the problem

	at org.flywaydb.core.internal.command.DbMigrate.doMigrateGroup(DbMigrate.java:392)
	at org.flywaydb.core.internal.command.DbMigrate.lambda$applyMigrations$1(DbMigrate.java:280)
	at org.flywaydb.core.internal.jdbc.TransactionalExecutionTemplate.execute(TransactionalExecutionTemplate.java:59)
	at org.flywaydb.core.internal.command.DbMigrate.applyMigrations(DbMigrate.java:279)
	at org.flywaydb.core.internal.command.DbMigrate.migrateGroup(DbMigrate.java:252)
	at org.flywaydb.core.internal.command.DbMigrate.lambda$migrateAll$0(DbMigrate.java:146)
	at org.flywaydb.core.internal.jdbc.TableLockingExecutionTemplate$1.call(TableLockingExecutionTemplate.java:40)
	at org.flywaydb.core.internal.jdbc.TransactionalExecutionTemplate.execute(TransactionalExecutionTemplate.java:59)
	at org.flywaydb.core.internal.jdbc.TableLockingExecutionTemplate.execute(TableLockingExecutionTemplate.java:35)
	at org.flywaydb.core.internal.database.base.Connection.lock(Connection.java:106)
	at org.flywaydb.core.internal.schemahistory.JdbcTableSchemaHistory.lock(JdbcTableSchemaHistory.java:149)
	at org.flywaydb.core.internal.command.DbMigrate.migrateAll(DbMigrate.java:146)
	at org.flywaydb.core.internal.command.DbMigrate.migrate(DbMigrate.java:104)
	at org.flywaydb.core.Flyway.lambda$migrate$0(Flyway.java:222)
	at org.flywaydb.core.FlywayExecutor.execute(FlywayExecutor.java:210)
	at org.flywaydb.core.Flyway.migrate(Flyway.java:164)
	at util.DatabaseMigrator.runMigrations(DatabaseMigrator.java:26)
	at Main.main(Main.java:24)
Caused by: org.flywaydb.core.internal.sqlscript.FlywaySqlScriptException: Script V8__create_payments.sql failed
-------------------------------------
SQL State  : null
Error Code : 1
Message    : [SQLITE_ERROR] SQL error or missing database (no such column: assessment_id)
Location   : db/migration/V8__create_payments.sql (C:\Users\Asus\OneDrive\Documents\Java college vibe code\enrollmentSystem\target\classes\db\migration\V8__create_payments.sql)
Line       : 13
Statement  : Run Flyway with -X option to see the actual statement causing the problem

	at org.flywaydb.core.internal.sqlscript.DefaultSqlScriptExecutor.handleException(DefaultSqlScriptExecutor.java:252)
	at org.flywaydb.core.internal.sqlscript.DefaultSqlScriptExecutor.executeStatement(DefaultSqlScriptExecutor.java:214)
	at org.flywaydb.core.internal.sqlscript.DefaultSqlScriptExecutor.execute(DefaultSqlScriptExecutor.java:136)
	at org.flywaydb.core.internal.resolver.sql.SqlMigrationExecutor.executeOnce(SqlMigrationExecutor.java:69)
	at org.flywaydb.core.internal.resolver.sql.SqlMigrationExecutor.lambda$execute$0(SqlMigrationExecutor.java:61)
	at org.flywaydb.core.internal.database.DefaultExecutionStrategy.execute(DefaultExecutionStrategy.java:31)
	at org.flywaydb.core.internal.resolver.sql.SqlMigrationExecutor.execute(SqlMigrationExecutor.java:60)
	at org.flywaydb.core.internal.command.DbMigrate.doMigrateGroup(DbMigrate.java:384)
	... 17 common frames omitted
Caused by: org.sqlite.SQLiteException: [SQLITE_ERROR] SQL error or missing database (no such column: assessment_id)
	at org.sqlite.core.DB.newSQLException(DB.java:1135)
	at org.sqlite.core.DB.newSQLException(DB.java:1146)
	at org.sqlite.core.DB.throwex(DB.java:1106)
	at org.sqlite.core.NativeDB.prepare_utf8(Native Method)
	at org.sqlite.core.NativeDB.prepare(NativeDB.java:122)
	at org.sqlite.core.DB.prepare(DB.java:264)
	at org.sqlite.jdbc3.JDBC3Statement.lambda$execute$0(JDBC3Statement.java:48)
	at org.sqlite.jdbc3.JDBC3Statement.withConnectionTimeout(JDBC3Statement.java:429)
	at org.sqlite.jdbc3.JDBC3Statement.execute(JDBC3Statement.java:37)
	at org.flywaydb.core.internal.jdbc.JdbcTemplate.executeStatement(JdbcTemplate.java:210)
	at org.flywaydb.core.internal.sqlscript.ParsedSqlStatement.execute(ParsedSqlStatement.java:88)
	at org.flywaydb.core.internal.sqlscript.DefaultSqlScriptExecutor.executeStatement(DefaultSqlScriptExecutor.java:209)
	... 23 common frames omitted
2025-12-16 10:23:34.188 [main] INFO  org.flywaydb.core.FlywayExecutor - Database: jdbc:sqlite:enrollment.db (SQLite 3.39)
2025-12-16 10:23:34.226 [main] INFO  o.f.c.i.s.JdbcTableSchemaHistory - Schema history table "main"."flyway_schema_history" does not exist yet
2025-12-16 10:23:34.230 [main] INFO  o.f.core.internal.command.DbValidate - Successfully validated 9 migrations (execution time 00:00.018s)
2025-12-16 10:23:34.234 [main] INFO  o.f.c.i.s.JdbcTableSchemaHistory - Creating Schema History table "main"."flyway_schema_history" ...
2025-12-16 10:23:34.277 [main] INFO  o.f.core.internal.command.DbMigrate - Current version of schema "main": << Empty Schema >>
2025-12-16 10:23:34.285 [main] INFO  o.f.core.internal.command.DbMigrate - Migrating schema "main" to version "1 - init students"
2025-12-16 10:23:34.313 [main] INFO  o.f.core.internal.command.DbMigrate - Migrating schema "main" to version "2 - init payments"
2025-12-16 10:23:34.331 [main] INFO  o.f.core.internal.command.DbMigrate - Migrating schema "main" to version "3 - messages and seed courses"
2025-12-16 10:23:34.348 [main] INFO  o.f.core.internal.command.DbMigrate - Migrating schema "main" to version "4 - student lookup indexes"
2025-12-16 10:23:34.362 [main] ERROR o.f.core.internal.command.DbMigrate - Migration of schema "main" to version "4 - student lookup indexes" failed! Changes successfully rolled back.
2025-12-16 10:23:34.366 [main] ERROR util.GlobalExceptionHandler - [f74533b6-c3b1-41f2-878e-121088d541c1] Uncaught exception in thread main
org.flywaydb.core.internal.command.DbMigrate$FlywayMigrateException: Script V4__student_lookup_indexes.sql failed
--------------------------------------------
SQL State  : null
Error Code : 1
Message    : [SQLITE_ERROR] SQL error or missing database (no such column: gender)
Location   : db/migration/V4__student_lookup_indexes.sql (C:\Users\Asus\OneDrive\Documents\Java college vibe code\enrollmentSystem\target\classes\db\migration\V4__student_lookup_indexes.sql)
Line       : 30
Statement  : Run Flyway with -X option to see the actual statement causing the problem

	at org.flywaydb.core.internal.command.DbMigrate.doMigrateGroup(DbMigrate.java:392)
	at org.flywaydb.core.internal.command.DbMigrate.lambda$applyMigrations$1(DbMigrate.java:280)
	at org.flywaydb.core.internal.jdbc.TransactionalExecutionTemplate.execute(TransactionalExecutionTemplate.java:59)
	at org.flywaydb.core.internal.command.DbMigrate.applyMigrations(DbMigrate.java:279)
	at org.flywaydb.core.internal.command.DbMigrate.migrateGroup(DbMigrate.java:252)
	at org.flywaydb.core.internal.command.DbMigrate.lambda$migrateAll$0(DbMigrate.java:146)
	at org.flywaydb.core.internal.jdbc.TableLockingExecutionTemplate$1.call(TableLockingExecutionTemplate.java:40)
	at org.flywaydb.core.internal.jdbc.TransactionalExecutionTemplate.execute(TransactionalExecutionTemplate.java:59)
	at org.flywaydb.core.internal.jdbc.TableLockingExecutionTemplate.execute(TableLockingExecutionTemplate.java:35)
	at org.flywaydb.core.internal.database.base.Connection.lock(Connection.java:106)
	at org.flywaydb.core.internal.schemahistory.JdbcTableSchemaHistory.lock(JdbcTableSchemaHistory.java:149)
	at org.flywaydb.core.internal.command.DbMigrate.migrateAll(DbMigrate.java:146)
	at org.flywaydb.core.internal.command.DbMigrate.migrate(DbMigrate.java:104)
	at org.flywaydb.core.Flyway.lambda$migrate$0(Flyway.java:222)
	at org.flywaydb.core.FlywayExecutor.execute(FlywayExecutor.java:210)
	at org.flywaydb.core.Flyway.migrate(Flyway.java:164)
	at util.DatabaseMigrator.runMigrations(DatabaseMigrator.java:26)
	at Main.main(Main.java:24)
Caused by: org.flywaydb.core.internal.sqlscript.FlywaySqlScriptException: Script V4__student_lookup_indexes.sql failed
--------------------------------------------
SQL State  : null
Error Code : 1
Message    : [SQLITE_ERROR] SQL error or missing database (no such column: gender)
Location   : db/migration/V4__student_lookup_indexes.sql (C:\Users\Asus\OneDrive\Documents\Java college vibe code\enrollmentSystem\target\classes\db\migration\V4__student_lookup_indexes.sql)
Line       : 30
Statement  : Run Flyway with -X option to see the actual statement causing the problem

	at org.flywaydb.core.internal.sqlscript.DefaultSqlScriptExecutor.handleException(DefaultSqlScriptExecutor.java:252)
	at org.flywaydb.core.internal.sqlscript.DefaultSqlScriptExecutor.executeStatement(DefaultSqlScriptExecutor.java:214)
	at org.flywaydb.core.internal.sqlscript.DefaultSqlScriptExecutor.execute(DefaultSqlScriptExecutor.java:136)
	at org.flywaydb.core.internal.resolver.sql.SqlMigrationExecutor.executeOnce(SqlMigrationExecutor.java:69)
	at org.flywaydb.core.internal.resolver.sql.SqlMigrationExecutor.lambda$execute$0(SqlMigrationExecutor.java:61)
	at org.flywaydb.core.internal.database.DefaultExecutionStrategy.execute(DefaultExecutionStrategy.java:31)
	at org.flywaydb.core.internal.resolver.sql.SqlMigrationExecutor.execute(SqlMigrationExecutor.java:60)
	at org.flywaydb.core.internal.command.DbMigrate.doMigrateGroup(DbMigrate.java:384)
	... 17 common frames omitted
Caused by: org.sqlite.SQLiteException: [SQLITE_ERROR] SQL error or missing database (no such column: gender)
	at org.sqlite.core.DB.newSQLException(DB.java:1135)
	at org.sqlite.core.DB.newSQLException(DB.java:1146)
	at org.sqlite.core.DB.throwex(DB.java:1106)
	at org.sqlite.core.NativeDB.prepare_utf8(Native Method)
	at org.sqlite.core.NativeDB.prepare(NativeDB.java:122)
	at org.sqlite.core.DB.prepare(DB.java:264)
	at org.sqlite.jdbc3.JDBC3Statement.lambda$execute$0(JDBC3Statement.java:48)
	at org.sqlite.jdbc3.JDBC3Statement.withConnectionTimeout(JDBC3Statement.java:429)
	at org.sqlite.jdbc3.JDBC3Statement.execute(JDBC3Statement.java:37)
	at org.flywaydb.core.internal.jdbc.JdbcTemplate.executeStatement(JdbcTemplate.java:210)
	at org.flywaydb.core.internal.sqlscript.ParsedSqlStatement.execute(ParsedSqlStatement.java:88)
	at org.flywaydb.core.internal.sqlscript.DefaultSqlScriptExecutor.executeStatement(DefaultSqlScriptExecutor.java:209)
	... 23 common frames omitted
2025-12-16 10:26:04.106 [main] INFO  org.flywaydb.core.FlywayExecutor - Database: jdbc:sqlite:enrollment.db (SQLite 3.39)
2025-12-16 10:26:04.159 [main] INFO  o.f.c.i.s.JdbcTableSchemaHistory - Schema history table "main"."flyway_schema_history" does not exist yet
2025-12-16 10:26:04.162 [main] INFO  o.f.core.internal.command.DbValidate - Successfully validated 9 migrations (execution time 00:00.027s)
2025-12-16 10:26:04.169 [main] INFO  o.f.c.i.s.JdbcTableSchemaHistory - Creating Schema History table "main"."flyway_schema_history" ...
2025-12-16 10:26:04.218 [main] INFO  o.f.core.internal.command.DbMigrate - Current version of schema "main": << Empty Schema >>
2025-12-16 10:26:04.232 [main] INFO  o.f.core.internal.command.DbMigrate - Migrating schema "main" to version "1 - init students"
2025-12-16 10:26:04.266 [main] INFO  o.f.core.internal.command.DbMigrate - Migrating schema "main" to version "2 - init payments"
2025-12-16 10:26:04.288 [main] INFO  o.f.core.internal.command.DbMigrate - Migrating schema "main" to version "3 - messages and seed courses"
2025-12-16 10:26:04.309 [main] INFO  o.f.core.internal.command.DbMigrate - Migrating schema "main" to version "4 - student lookup indexes"
2025-12-16 10:26:04.334 [main] ERROR o.f.core.internal.command.DbMigrate - Migration of schema "main" to version "4 - student lookup indexes" failed! Changes successfully rolled back.
2025-12-16 10:26:04.340 [main] ERROR util.GlobalExceptionHandler - [a08d95bd-1a88-4e94-8db5-0ee76fd65dfc] Uncaught exception in thread main
org.flywaydb.core.internal.command.DbMigrate$FlywayMigrateException: Script V4__student_lookup_indexes.sql failed
--------------------------------------------
SQL State  : null
Error Code : 1
Message    : [SQLITE_ERROR] SQL error or missing database (no such column: gender)
Location   : db/migration/V4__student_lookup_indexes.sql (C:\Users\Asus\OneDrive\Documents\Java college vibe code\enrollmentSystem\target\classes\db\migration\V4__student_lookup_indexes.sql)
Line       : 30
Statement  : Run Flyway with -X option to see the actual statement causing the problem

	at org.flywaydb.core.internal.command.DbMigrate.doMigrateGroup(DbMigrate.java:392)
	at org.flywaydb.core.internal.command.DbMigrate.lambda$applyMigrations$1(DbMigrate.java:280)
	at org.flywaydb.core.internal.jdbc.TransactionalExecutionTemplate.execute(TransactionalExecutionTemplate.java:59)
	at org.flywaydb.core.internal.command.DbMigrate.applyMigrations(DbMigrate.java:279)
	at org.flywaydb.core.internal.command.DbMigrate.migrateGroup(DbMigrate.java:252)
	at org.flywaydb.core.internal.command.DbMigrate.lambda$migrateAll$0(DbMigrate.java:146)
	at org.flywaydb.core.internal.jdbc.TableLockingExecutionTemplate$1.call(TableLockingExecutionTemplate.java:40)
	at org.flywaydb.core.internal.jdbc.TransactionalExecutionTemplate.execute(TransactionalExecutionTemplate.java:59)
	at org.flywaydb.core.internal.jdbc.TableLockingExecutionTemplate.execute(TableLockingExecutionTemplate.java:35)
	at org.flywaydb.core.internal.database.base.Connection.lock(Connection.java:106)
	at org.flywaydb.core.internal.schemahistory.JdbcTableSchemaHistory.lock(JdbcTableSchemaHistory.java:149)
	at org.flywaydb.core.internal.command.DbMigrate.migrateAll(DbMigrate.java:146)
	at org.flywaydb.core.internal.command.DbMigrate.migrate(DbMigrate.java:104)
	at org.flywaydb.core.Flyway.lambda$migrate$0(Flyway.java:222)
	at org.flywaydb.core.FlywayExecutor.execute(FlywayExecutor.java:210)
	at org.flywaydb.core.Flyway.migrate(Flyway.java:164)
	at util.DatabaseMigrator.runMigrations(DatabaseMigrator.java:26)
	at Main.main(Main.java:24)
Caused by: org.flywaydb.core.internal.sqlscript.FlywaySqlScriptException: Script V4__student_lookup_indexes.sql failed
--------------------------------------------
SQL State  : null
Error Code : 1
Message    : [SQLITE_ERROR] SQL error or missing database (no such column: gender)
Location   : db/migration/V4__student_lookup_indexes.sql (C:\Users\Asus\OneDrive\Documents\Java college vibe code\enrollmentSystem\target\classes\db\migration\V4__student_lookup_indexes.sql)
Line       : 30
Statement  : Run Flyway with -X option to see the actual statement causing the problem

	at org.flywaydb.core.internal.sqlscript.DefaultSqlScriptExecutor.handleException(DefaultSqlScriptExecutor.java:252)
	at org.flywaydb.core.internal.sqlscript.DefaultSqlScriptExecutor.executeStatement(DefaultSqlScriptExecutor.java:214)
	at org.flywaydb.core.internal.sqlscript.DefaultSqlScriptExecutor.execute(DefaultSqlScriptExecutor.java:136)
	at org.flywaydb.core.internal.resolver.sql.SqlMigrationExecutor.executeOnce(SqlMigrationExecutor.java:69)
	at org.flywaydb.core.internal.resolver.sql.SqlMigrationExecutor.lambda$execute$0(SqlMigrationExecutor.java:61)
	at org.flywaydb.core.internal.database.DefaultExecutionStrategy.execute(DefaultExecutionStrategy.java:31)
	at org.flywaydb.core.internal.resolver.sql.SqlMigrationExecutor.execute(SqlMigrationExecutor.java:60)
	at org.flywaydb.core.internal.command.DbMigrate.doMigrateGroup(DbMigrate.java:384)
	... 17 common frames omitted
Caused by: org.sqlite.SQLiteException: [SQLITE_ERROR] SQL error or missing database (no such column: gender)
	at org.sqlite.core.DB.newSQLException(DB.java:1135)
	at org.sqlite.core.DB.newSQLException(DB.java:1146)
	at org.sqlite.core.DB.throwex(DB.java:1106)
	at org.sqlite.core.NativeDB.prepare_utf8(Native Method)
	at org.sqlite.core.NativeDB.prepare(NativeDB.java:122)
	at org.sqlite.core.DB.prepare(DB.java:264)
	at org.sqlite.jdbc3.JDBC3Statement.lambda$execute$0(JDBC3Statement.java:48)
	at org.sqlite.jdbc3.JDBC3Statement.withConnectionTimeout(JDBC3Statement.java:429)
	at org.sqlite.jdbc3.JDBC3Statement.execute(JDBC3Statement.java:37)
	at org.flywaydb.core.internal.jdbc.JdbcTemplate.executeStatement(JdbcTemplate.java:210)
	at org.flywaydb.core.internal.sqlscript.ParsedSqlStatement.execute(ParsedSqlStatement.java:88)
	at org.flywaydb.core.internal.sqlscript.DefaultSqlScriptExecutor.executeStatement(DefaultSqlScriptExecutor.java:209)
	... 23 common frames omitted
2025-12-16 10:29:53.219 [main] INFO  org.flywaydb.core.FlywayExecutor - Database: jdbc:sqlite:enrollment.db (SQLite 3.39)
2025-12-16 10:29:53.258 [main] INFO  o.f.c.i.s.JdbcTableSchemaHistory - Schema history table "main"."flyway_schema_history" does not exist yet
2025-12-16 10:29:53.261 [main] INFO  o.f.core.internal.command.DbValidate - Successfully validated 9 migrations (execution time 00:00.021s)
2025-12-16 10:29:53.266 [main] INFO  o.f.c.i.s.JdbcTableSchemaHistory - Creating Schema History table "main"."flyway_schema_history" ...
2025-12-16 10:29:53.311 [main] INFO  o.f.core.internal.command.DbMigrate - Current version of schema "main": << Empty Schema >>
2025-12-16 10:29:53.320 [main] INFO  o.f.core.internal.command.DbMigrate - Migrating schema "main" to version "1 - init students"
2025-12-16 10:29:53.351 [main] INFO  o.f.core.internal.command.DbMigrate - Migrating schema "main" to version "2 - init payments"
2025-12-16 10:29:53.368 [main] INFO  o.f.core.internal.command.DbMigrate - Migrating schema "main" to version "3 - messages and seed courses"
2025-12-16 10:29:53.386 [main] INFO  o.f.core.internal.command.DbMigrate - Migrating schema "main" to version "4 - student lookup indexes"
2025-12-16 10:29:53.399 [main] ERROR o.f.core.internal.command.DbMigrate - Migration of schema "main" to version "4 - student lookup indexes" failed! Changes successfully rolled back.
2025-12-16 10:29:53.403 [main] ERROR util.GlobalExceptionHandler - [851b4fa1-d424-4dd0-851a-1e60008ffe34] Uncaught exception in thread main
org.flywaydb.core.internal.command.DbMigrate$FlywayMigrateException: Script V4__student_lookup_indexes.sql failed
--------------------------------------------
SQL State  : null
Error Code : 1
Message    : [SQLITE_ERROR] SQL error or missing database (no such column: contact_number)
Location   : db/migration/V4__student_lookup_indexes.sql (C:\Users\Asus\OneDrive\Documents\Java college vibe code\enrollmentSystem\target\classes\db\migration\V4__student_lookup_indexes.sql)
Line       : 30
Statement  : Run Flyway with -X option to see the actual statement causing the problem

	at org.flywaydb.core.internal.command.DbMigrate.doMigrateGroup(DbMigrate.java:392)
	at org.flywaydb.core.internal.command.DbMigrate.lambda$applyMigrations$1(DbMigrate.java:280)
	at org.flywaydb.core.internal.jdbc.TransactionalExecutionTemplate.execute(TransactionalExecutionTemplate.java:59)
	at org.flywaydb.core.internal.command.DbMigrate.applyMigrations(DbMigrate.java:279)
	at org.flywaydb.core.internal.command.DbMigrate.migrateGroup(DbMigrate.java:252)
	at org.flywaydb.core.internal.command.DbMigrate.lambda$migrateAll$0(DbMigrate.java:146)
	at org.flywaydb.core.internal.jdbc.TableLockingExecutionTemplate$1.call(TableLockingExecutionTemplate.java:40)
	at org.flywaydb.core.internal.jdbc.TransactionalExecutionTemplate.execute(TransactionalExecutionTemplate.java:59)
	at org.flywaydb.core.internal.jdbc.TableLockingExecutionTemplate.execute(TableLockingExecutionTemplate.java:35)
	at org.flywaydb.core.internal.database.base.Connection.lock(Connection.java:106)
	at org.flywaydb.core.internal.schemahistory.JdbcTableSchemaHistory.lock(JdbcTableSchemaHistory.java:149)
	at org.flywaydb.core.internal.command.DbMigrate.migrateAll(DbMigrate.java:146)
	at org.flywaydb.core.internal.command.DbMigrate.migrate(DbMigrate.java:104)
	at org.flywaydb.core.Flyway.lambda$migrate$0(Flyway.java:222)
	at org.flywaydb.core.FlywayExecutor.execute(FlywayExecutor.java:210)
	at org.flywaydb.core.Flyway.migrate(Flyway.java:164)
	at util.DatabaseMigrator.runMigrations(DatabaseMigrator.java:26)
	at Main.main(Main.java:24)
Caused by: org.flywaydb.core.internal.sqlscript.FlywaySqlScriptException: Script V4__student_lookup_indexes.sql failed
--------------------------------------------
SQL State  : null
Error Code : 1
Message    : [SQLITE_ERROR] SQL error or missing database (no such column: contact_number)
Location   : db/migration/V4__student_lookup_indexes.sql (C:\Users\Asus\OneDrive\Documents\Java college vibe code\enrollmentSystem\target\classes\db\migration\V4__student_lookup_indexes.sql)
Line       : 30
Statement  : Run Flyway with -X option to see the actual statement causing the problem

	at org.flywaydb.core.internal.sqlscript.DefaultSqlScriptExecutor.handleException(DefaultSqlScriptExecutor.java:252)
	at org.flywaydb.core.internal.sqlscript.DefaultSqlScriptExecutor.executeStatement(DefaultSqlScriptExecutor.java:214)
	at org.flywaydb.core.internal.sqlscript.DefaultSqlScriptExecutor.execute(DefaultSqlScriptExecutor.java:136)
	at org.flywaydb.core.internal.resolver.sql.SqlMigrationExecutor.executeOnce(SqlMigrationExecutor.java:69)
	at org.flywaydb.core.internal.resolver.sql.SqlMigrationExecutor.lambda$execute$0(SqlMigrationExecutor.java:61)
	at org.flywaydb.core.internal.database.DefaultExecutionStrategy.execute(DefaultExecutionStrategy.java:31)
	at org.flywaydb.core.internal.resolver.sql.SqlMigrationExecutor.execute(SqlMigrationExecutor.java:60)
	at org.flywaydb.core.internal.command.DbMigrate.doMigrateGroup(DbMigrate.java:384)
	... 17 common frames omitted
Caused by: org.sqlite.SQLiteException: [SQLITE_ERROR] SQL error or missing database (no such column: contact_number)
	at org.sqlite.core.DB.newSQLException(DB.java:1135)
	at org.sqlite.core.DB.newSQLException(DB.java:1146)
	at org.sqlite.core.DB.throwex(DB.java:1106)
	at org.sqlite.core.NativeDB.prepare_utf8(Native Method)
	at org.sqlite.core.NativeDB.prepare(NativeDB.java:122)
	at org.sqlite.core.DB.prepare(DB.java:264)
	at org.sqlite.jdbc3.JDBC3Statement.lambda$execute$0(JDBC3Statement.java:48)
	at org.sqlite.jdbc3.JDBC3Statement.withConnectionTimeout(JDBC3Statement.java:429)
	at org.sqlite.jdbc3.JDBC3Statement.execute(JDBC3Statement.java:37)
	at org.flywaydb.core.internal.jdbc.JdbcTemplate.executeStatement(JdbcTemplate.java:210)
	at org.flywaydb.core.internal.sqlscript.ParsedSqlStatement.execute(ParsedSqlStatement.java:88)
	at org.flywaydb.core.internal.sqlscript.DefaultSqlScriptExecutor.executeStatement(DefaultSqlScriptExecutor.java:209)
	... 23 common frames omitted
2025-12-16 10:32:56.222 [main] INFO  org.flywaydb.core.FlywayExecutor - Database: jdbc:sqlite:enrollment.db (SQLite 3.39)
2025-12-16 10:32:56.268 [main] INFO  o.f.c.i.s.JdbcTableSchemaHistory - Schema history table "main"."flyway_schema_history" does not exist yet
2025-12-16 10:32:56.272 [main] INFO  o.f.core.internal.command.DbValidate - Successfully validated 9 migrations (execution time 00:00.020s)
2025-12-16 10:32:56.276 [main] INFO  o.f.c.i.s.JdbcTableSchemaHistory - Creating Schema History table "main"."flyway_schema_history" ...
2025-12-16 10:32:56.320 [main] INFO  o.f.core.internal.command.DbMigrate - Current version of schema "main": << Empty Schema >>
2025-12-16 10:32:56.328 [main] INFO  o.f.core.internal.command.DbMigrate - Migrating schema "main" to version "1 - init students"
2025-12-16 10:32:56.354 [main] INFO  o.f.core.internal.command.DbMigrate - Migrating schema "main" to version "2 - init payments"
2025-12-16 10:32:56.372 [main] INFO  o.f.core.internal.command.DbMigrate - Migrating schema "main" to version "3 - messages and seed courses"
2025-12-16 10:32:56.388 [main] INFO  o.f.core.internal.command.DbMigrate - Migrating schema "main" to version "4 - student lookup indexes"
2025-12-16 10:32:56.405 [main] INFO  o.f.core.internal.command.DbMigrate - Migrating schema "main" to version "5 - create academic structure"
2025-12-16 10:32:56.423 [main] INFO  o.f.core.internal.command.DbMigrate - Migrating schema "main" to version "6 - seed demo data"
2025-12-16 10:32:56.440 [main] INFO  o.f.core.internal.command.DbMigrate - Migrating schema "main" to version "7 - create enrollments"
2025-12-16 10:32:56.455 [main] INFO  o.f.core.internal.command.DbMigrate - Migrating schema "main" to version "8 - create payments"
2025-12-16 10:32:56.467 [main] ERROR o.f.core.internal.command.DbMigrate - Migration of schema "main" to version "8 - create payments" failed! Changes successfully rolled back.
2025-12-16 10:32:56.473 [main] ERROR util.GlobalExceptionHandler - [ac4cf6ed-81d8-47fb-9067-a8b9db5446c9] Uncaught exception in thread main
org.flywaydb.core.internal.command.DbMigrate$FlywayMigrateException: Script V8__create_payments.sql failed
-------------------------------------
SQL State  : null
Error Code : 1
Message    : [SQLITE_ERROR] SQL error or missing database (no such column: assessment_id)
Location   : db/migration/V8__create_payments.sql (C:\Users\Asus\OneDrive\Documents\Java college vibe code\enrollmentSystem\target\classes\db\migration\V8__create_payments.sql)
Line       : 13
Statement  : Run Flyway with -X option to see the actual statement causing the problem

	at org.flywaydb.core.internal.command.DbMigrate.doMigrateGroup(DbMigrate.java:392)
	at org.flywaydb.core.internal.command.DbMigrate.lambda$applyMigrations$1(DbMigrate.java:280)
	at org.flywaydb.core.internal.jdbc.TransactionalExecutionTemplate.execute(TransactionalExecutionTemplate.java:59)
	at org.flywaydb.core.internal.command.DbMigrate.applyMigrations(DbMigrate.java:279)
	at org.flywaydb.core.internal.command.DbMigrate.migrateGroup(DbMigrate.java:252)
	at org.flywaydb.core.internal.command.DbMigrate.lambda$migrateAll$0(DbMigrate.java:146)
	at org.flywaydb.core.internal.jdbc.TableLockingExecutionTemplate$1.call(TableLockingExecutionTemplate.java:40)
	at org.flywaydb.core.internal.jdbc.TransactionalExecutionTemplate.execute(TransactionalExecutionTemplate.java:59)
	at org.flywaydb.core.internal.jdbc.TableLockingExecutionTemplate.execute(TableLockingExecutionTemplate.java:35)
	at org.flywaydb.core.internal.database.base.Connection.lock(Connection.java:106)
	at org.flywaydb.core.internal.schemahistory.JdbcTableSchemaHistory.lock(JdbcTableSchemaHistory.java:149)
	at org.flywaydb.core.internal.command.DbMigrate.migrateAll(DbMigrate.java:146)
	at org.flywaydb.core.internal.command.DbMigrate.migrate(DbMigrate.java:104)
	at org.flywaydb.core.Flyway.lambda$migrate$0(Flyway.java:222)
	at org.flywaydb.core.FlywayExecutor.execute(FlywayExecutor.java:210)
	at org.flywaydb.core.Flyway.migrate(Flyway.java:164)
	at util.DatabaseMigrator.runMigrations(DatabaseMigrator.java:26)
	at Main.main(Main.java:24)
Caused by: org.flywaydb.core.internal.sqlscript.FlywaySqlScriptException: Script V8__create_payments.sql failed
-------------------------------------
SQL State  : null
Error Code : 1
Message    : [SQLITE_ERROR] SQL error or missing database (no such column: assessment_id)
Location   : db/migration/V8__create_payments.sql (C:\Users\Asus\OneDrive\Documents\Java college vibe code\enrollmentSystem\target\classes\db\migration\V8__create_payments.sql)
Line       : 13
Statement  : Run Flyway with -X option to see the actual statement causing the problem

	at org.flywaydb.core.internal.sqlscript.DefaultSqlScriptExecutor.handleException(DefaultSqlScriptExecutor.java:252)
	at org.flywaydb.core.internal.sqlscript.DefaultSqlScriptExecutor.executeStatement(DefaultSqlScriptExecutor.java:214)
	at org.flywaydb.core.internal.sqlscript.DefaultSqlScriptExecutor.execute(DefaultSqlScriptExecutor.java:136)
	at org.flywaydb.core.internal.resolver.sql.SqlMigrationExecutor.executeOnce(SqlMigrationExecutor.java:69)
	at org.flywaydb.core.internal.resolver.sql.SqlMigrationExecutor.lambda$execute$0(SqlMigrationExecutor.java:61)
	at org.flywaydb.core.internal.database.DefaultExecutionStrategy.execute(DefaultExecutionStrategy.java:31)
	at org.flywaydb.core.internal.resolver.sql.SqlMigrationExecutor.execute(SqlMigrationExecutor.java:60)
	at org.flywaydb.core.internal.command.DbMigrate.doMigrateGroup(DbMigrate.java:384)
	... 17 common frames omitted
Caused by: org.sqlite.SQLiteException: [SQLITE_ERROR] SQL error or missing database (no such column: assessment_id)
	at org.sqlite.core.DB.newSQLException(DB.java:1135)
	at org.sqlite.core.DB.newSQLException(DB.java:1146)
	at org.sqlite.core.DB.throwex(DB.java:1106)
	at org.sqlite.core.NativeDB.prepare_utf8(Native Method)
	at org.sqlite.core.NativeDB.prepare(NativeDB.java:122)
	at org.sqlite.core.DB.prepare(DB.java:264)
	at org.sqlite.jdbc3.JDBC3Statement.lambda$execute$0(JDBC3Statement.java:48)
	at org.sqlite.jdbc3.JDBC3Statement.withConnectionTimeout(JDBC3Statement.java:429)
	at org.sqlite.jdbc3.JDBC3Statement.execute(JDBC3Statement.java:37)
	at org.flywaydb.core.internal.jdbc.JdbcTemplate.executeStatement(JdbcTemplate.java:210)
	at org.flywaydb.core.internal.sqlscript.ParsedSqlStatement.execute(ParsedSqlStatement.java:88)
	at org.flywaydb.core.internal.sqlscript.DefaultSqlScriptExecutor.executeStatement(DefaultSqlScriptExecutor.java:209)
	... 23 common frames omitted
2025-12-16 10:33:08.715 [main] INFO  org.flywaydb.core.FlywayExecutor - Database: jdbc:sqlite:enrollment.db (SQLite 3.39)
2025-12-16 10:33:08.769 [main] INFO  o.f.core.internal.command.DbValidate - Successfully validated 9 migrations (execution time 00:00.031s)
2025-12-16 10:33:08.775 [main] INFO  o.f.core.internal.command.DbMigrate - Current version of schema "main": 7
2025-12-16 10:33:08.790 [main] INFO  o.f.core.internal.command.DbMigrate - Migrating schema "main" to version "8 - create payments"
2025-12-16 10:33:08.806 [main] ERROR o.f.core.internal.command.DbMigrate - Migration of schema "main" to version "8 - create payments" failed! Changes successfully rolled back.
2025-12-16 10:33:08.810 [main] ERROR util.GlobalExceptionHandler - [0e8065ba-4f1d-4a65-b219-3bc20f998eca] Uncaught exception in thread main
org.flywaydb.core.internal.command.DbMigrate$FlywayMigrateException: Script V8__create_payments.sql failed
-------------------------------------
SQL State  : null
Error Code : 1
Message    : [SQLITE_ERROR] SQL error or missing database (no such column: assessment_id)
Location   : db/migration/V8__create_payments.sql (C:\Users\Asus\OneDrive\Documents\Java college vibe code\enrollmentSystem\target\classes\db\migration\V8__create_payments.sql)
Line       : 13
Statement  : Run Flyway with -X option to see the actual statement causing the problem

	at org.flywaydb.core.internal.command.DbMigrate.doMigrateGroup(DbMigrate.java:392)
	at org.flywaydb.core.internal.command.DbMigrate.lambda$applyMigrations$1(DbMigrate.java:280)
	at org.flywaydb.core.internal.jdbc.TransactionalExecutionTemplate.execute(TransactionalExecutionTemplate.java:59)
	at org.flywaydb.core.internal.command.DbMigrate.applyMigrations(DbMigrate.java:279)
	at org.flywaydb.core.internal.command.DbMigrate.migrateGroup(DbMigrate.java:252)
	at org.flywaydb.core.internal.command.DbMigrate.lambda$migrateAll$0(DbMigrate.java:146)
	at org.flywaydb.core.internal.jdbc.TableLockingExecutionTemplate$1.call(TableLockingExecutionTemplate.java:40)
	at org.flywaydb.core.internal.jdbc.TransactionalExecutionTemplate.execute(TransactionalExecutionTemplate.java:59)
	at org.flywaydb.core.internal.jdbc.TableLockingExecutionTemplate.execute(TableLockingExecutionTemplate.java:35)
	at org.flywaydb.core.internal.database.base.Connection.lock(Connection.java:106)
	at org.flywaydb.core.internal.schemahistory.JdbcTableSchemaHistory.lock(JdbcTableSchemaHistory.java:149)
	at org.flywaydb.core.internal.command.DbMigrate.migrateAll(DbMigrate.java:146)
	at org.flywaydb.core.internal.command.DbMigrate.migrate(DbMigrate.java:104)
	at org.flywaydb.core.Flyway.lambda$migrate$0(Flyway.java:222)
	at org.flywaydb.core.FlywayExecutor.execute(FlywayExecutor.java:210)
	at org.flywaydb.core.Flyway.migrate(Flyway.java:164)
	at util.DatabaseMigrator.runMigrations(DatabaseMigrator.java:26)
	at Main.main(Main.java:24)
Caused by: org.flywaydb.core.internal.sqlscript.FlywaySqlScriptException: Script V8__create_payments.sql failed
-------------------------------------
SQL State  : null
Error Code : 1
Message    : [SQLITE_ERROR] SQL error or missing database (no such column: assessment_id)
Location   : db/migration/V8__create_payments.sql (C:\Users\Asus\OneDrive\Documents\Java college vibe code\enrollmentSystem\target\classes\db\migration\V8__create_payments.sql)
Line       : 13
Statement  : Run Flyway with -X option to see the actual statement causing the problem

	at org.flywaydb.core.internal.sqlscript.DefaultSqlScriptExecutor.handleException(DefaultSqlScriptExecutor.java:252)
	at org.flywaydb.core.internal.sqlscript.DefaultSqlScriptExecutor.executeStatement(DefaultSqlScriptExecutor.java:214)
	at org.flywaydb.core.internal.sqlscript.DefaultSqlScriptExecutor.execute(DefaultSqlScriptExecutor.java:136)
	at org.flywaydb.core.internal.resolver.sql.SqlMigrationExecutor.executeOnce(SqlMigrationExecutor.java:69)
	at org.flywaydb.core.internal.resolver.sql.SqlMigrationExecutor.lambda$execute$0(SqlMigrationExecutor.java:61)
	at org.flywaydb.core.internal.database.DefaultExecutionStrategy.execute(DefaultExecutionStrategy.java:31)
	at org.flywaydb.core.internal.resolver.sql.SqlMigrationExecutor.execute(SqlMigrationExecutor.java:60)
	at org.flywaydb.core.internal.command.DbMigrate.doMigrateGroup(DbMigrate.java:384)
	... 17 common frames omitted
Caused by: org.sqlite.SQLiteException: [SQLITE_ERROR] SQL error or missing database (no such column: assessment_id)
	at org.sqlite.core.DB.newSQLException(DB.java:1135)
	at org.sqlite.core.DB.newSQLException(DB.java:1146)
	at org.sqlite.core.DB.throwex(DB.java:1106)
	at org.sqlite.core.NativeDB.prepare_utf8(Native Method)
	at org.sqlite.core.NativeDB.prepare(NativeDB.java:122)
	at org.sqlite.core.DB.prepare(DB.java:264)
	at org.sqlite.jdbc3.JDBC3Statement.lambda$execute$0(JDBC3Statement.java:48)
	at org.sqlite.jdbc3.JDBC3Statement.withConnectionTimeout(JDBC3Statement.java:429)
	at org.sqlite.jdbc3.JDBC3Statement.execute(JDBC3Statement.java:37)
	at org.flywaydb.core.internal.jdbc.JdbcTemplate.executeStatement(JdbcTemplate.java:210)
	at org.flywaydb.core.internal.sqlscript.ParsedSqlStatement.execute(ParsedSqlStatement.java:88)
	at org.flywaydb.core.internal.sqlscript.DefaultSqlScriptExecutor.executeStatement(DefaultSqlScriptExecutor.java:209)
	... 23 common frames omitted
2025-12-16 10:38:11.469 [main] INFO  org.flywaydb.core.FlywayExecutor - Database: jdbc:sqlite:enrollment.db (SQLite 3.39)
2025-12-16 10:38:11.508 [main] INFO  o.f.c.i.s.JdbcTableSchemaHistory - Schema history table "main"."flyway_schema_history" does not exist yet
2025-12-16 10:38:11.508 [main] INFO  o.f.core.internal.command.DbValidate - Successfully validated 9 migrations (execution time 00:00.021s)
2025-12-16 10:38:11.513 [main] INFO  o.f.c.i.s.JdbcTableSchemaHistory - Creating Schema History table "main"."flyway_schema_history" ...
2025-12-16 10:38:11.555 [main] INFO  o.f.core.internal.command.DbMigrate - Current version of schema "main": << Empty Schema >>
2025-12-16 10:38:11.563 [main] INFO  o.f.core.internal.command.DbMigrate - Migrating schema "main" to version "1 - init students"
2025-12-16 10:38:11.596 [main] INFO  o.f.core.internal.command.DbMigrate - Migrating schema "main" to version "2 - init payments"
2025-12-16 10:38:11.612 [main] INFO  o.f.core.internal.command.DbMigrate - Migrating schema "main" to version "3 - messages and seed courses"
2025-12-16 10:38:11.627 [main] INFO  o.f.core.internal.command.DbMigrate - Migrating schema "main" to version "4 - student lookup indexes"
2025-12-16 10:38:11.646 [main] INFO  o.f.core.internal.command.DbMigrate - Migrating schema "main" to version "5 - create academic structure"
2025-12-16 10:38:11.665 [main] INFO  o.f.core.internal.command.DbMigrate - Migrating schema "main" to version "6 - seed demo data"
2025-12-16 10:38:11.682 [main] INFO  o.f.core.internal.command.DbMigrate - Migrating schema "main" to version "7 - create enrollments"
2025-12-16 10:38:11.696 [main] INFO  o.f.core.internal.command.DbMigrate - Migrating schema "main" to version "8 - create payments"
2025-12-16 10:38:11.707 [main] INFO  o.f.core.internal.command.DbMigrate - Migrating schema "main" to version "9 - update student type"
2025-12-16 10:38:11.731 [main] INFO  o.f.core.internal.command.DbMigrate - Successfully applied 9 migrations to schema "main", now at version v9 (execution time 00:00.023s)
2025-12-16 10:38:11.737 [main] INFO  util.DatabaseMigrator - Flyway migration complete. Applied: 9
2025-12-16 10:46:55.915 [main] INFO  org.flywaydb.core.FlywayExecutor - Database: jdbc:sqlite:enrollment.db (SQLite 3.39)
2025-12-16 10:46:55.970 [main] INFO  o.f.core.internal.command.DbValidate - Successfully validated 9 migrations (execution time 00:00.032s)
2025-12-16 10:46:55.979 [main] INFO  o.f.core.internal.command.DbMigrate - Current version of schema "main": 9
2025-12-16 10:46:55.982 [main] INFO  o.f.core.internal.command.DbMigrate - Schema "main" is up to date. No migration necessary.
2025-12-16 10:46:55.987 [main] INFO  util.DatabaseMigrator - Flyway migration complete. Applied: 0
2025-12-16 10:47:59.636 [main] INFO  org.flywaydb.core.FlywayExecutor - Database: jdbc:sqlite:enrollment.db (SQLite 3.39)
2025-12-16 10:47:59.689 [main] INFO  o.f.core.internal.command.DbValidate - Successfully validated 9 migrations (execution time 00:00.032s)
2025-12-16 10:47:59.700 [main] INFO  o.f.core.internal.command.DbMigrate - Current version of schema "main": 9
2025-12-16 10:47:59.703 [main] INFO  o.f.core.internal.command.DbMigrate - Schema "main" is up to date. No migration necessary.
2025-12-16 10:47:59.706 [main] INFO  util.DatabaseMigrator - Flyway migration complete. Applied: 0
2025-12-16 10:50:08.693 [main] INFO  org.flywaydb.core.FlywayExecutor - Database: jdbc:sqlite:enrollment.db (SQLite 3.39)
2025-12-16 10:50:08.746 [main] INFO  o.f.core.internal.command.DbValidate - Successfully validated 9 migrations (execution time 00:00.032s)
2025-12-16 10:50:08.755 [main] INFO  o.f.core.internal.command.DbMigrate - Current version of schema "main": 9
2025-12-16 10:50:08.758 [main] INFO  o.f.core.internal.command.DbMigrate - Schema "main" is up to date. No migration necessary.
2025-12-16 10:50:08.763 [main] INFO  util.DatabaseMigrator - Flyway migration complete. Applied: 0
2025-12-16 10:50:36.425 [main] INFO  org.flywaydb.core.FlywayExecutor - Database: jdbc:sqlite:enrollment.db (SQLite 3.39)
2025-12-16 10:50:36.479 [main] INFO  o.f.core.internal.command.DbValidate - Successfully validated 9 migrations (execution time 00:00.031s)
2025-12-16 10:50:36.484 [main] INFO  o.f.core.internal.command.DbMigrate - Current version of schema "main": 9
2025-12-16 10:50:36.490 [main] INFO  o.f.core.internal.command.DbMigrate - Schema "main" is up to date. No migration necessary.
2025-12-16 10:50:36.495 [main] INFO  util.DatabaseMigrator - Flyway migration complete. Applied: 0
2025-12-16 13:46:03.994 [main] INFO  org.flywaydb.core.FlywayExecutor - Database: jdbc:sqlite:enrollment.db (SQLite 3.39)
2025-12-16 13:46:04.035 [main] INFO  o.f.c.i.s.JdbcTableSchemaHistory - Schema history table "main"."flyway_schema_history" does not exist yet
2025-12-16 13:46:04.037 [main] INFO  o.f.core.internal.command.DbValidate - Successfully validated 9 migrations (execution time 00:00.020s)
2025-12-16 13:46:04.039 [main] INFO  o.f.c.i.s.JdbcTableSchemaHistory - Creating Schema History table "main"."flyway_schema_history" ...
2025-12-16 13:46:04.083 [main] INFO  o.f.core.internal.command.DbMigrate - Current version of schema "main": << Empty Schema >>
2025-12-16 13:46:04.090 [main] INFO  o.f.core.internal.command.DbMigrate - Migrating schema "main" to version "1 - init students"
2025-12-16 13:46:04.117 [main] INFO  o.f.core.internal.command.DbMigrate - Migrating schema "main" to version "2 - init payments"
2025-12-16 13:46:04.130 [main] INFO  o.f.core.internal.command.DbMigrate - Migrating schema "main" to version "3 - messages and seed courses"
2025-12-16 13:46:04.146 [main] INFO  o.f.core.internal.command.DbMigrate - Migrating schema "main" to version "4 - student lookup indexes"
2025-12-16 13:46:04.160 [main] INFO  o.f.core.internal.command.DbMigrate - Migrating schema "main" to version "5 - create academic structure"
2025-12-16 13:46:04.179 [main] INFO  o.f.core.internal.command.DbMigrate - Migrating schema "main" to version "6 - seed demo data"
2025-12-16 13:46:04.194 [main] INFO  o.f.core.internal.command.DbMigrate - Migrating schema "main" to version "7 - create enrollments"
2025-12-16 13:46:04.207 [main] INFO  o.f.core.internal.command.DbMigrate - Migrating schema "main" to version "8 - create payments"
2025-12-16 13:46:04.222 [main] INFO  o.f.core.internal.command.DbMigrate - Migrating schema "main" to version "9 - update student type"
2025-12-16 13:46:04.238 [main] INFO  o.f.core.internal.command.DbMigrate - Successfully applied 9 migrations to schema "main", now at version v9 (execution time 00:00.023s)
2025-12-16 13:46:04.243 [main] INFO  util.DatabaseMigrator - Flyway migration complete. Applied: 9
2025-12-16 14:53:16.003 [main] INFO  org.flywaydb.core.FlywayExecutor - Database: jdbc:sqlite:enrollment.db (SQLite 3.39)
2025-12-16 14:53:16.065 [main] INFO  o.f.core.internal.command.DbValidate - Successfully validated 9 migrations (execution time 00:00.041s)
2025-12-16 14:53:16.079 [main] INFO  o.f.core.internal.command.DbMigrate - Current version of schema "main": 9
2025-12-16 14:53:16.081 [main] INFO  o.f.core.internal.command.DbMigrate - Schema "main" is up to date. No migration necessary.
2025-12-16 14:53:16.088 [main] INFO  util.DatabaseMigrator - Flyway migration complete. Applied: 0
2025-12-16 14:54:05.866 [main] INFO  org.flywaydb.core.FlywayExecutor - Database: jdbc:sqlite:enrollment.db (SQLite 3.39)
2025-12-16 14:54:05.928 [main] INFO  o.f.core.internal.command.DbValidate - Successfully validated 9 migrations (execution time 00:00.035s)
2025-12-16 14:54:05.933 [main] INFO  o.f.core.internal.command.DbMigrate - Current version of schema "main": 9
2025-12-16 14:54:05.938 [main] INFO  o.f.core.internal.command.DbMigrate - Schema "main" is up to date. No migration necessary.
2025-12-16 14:54:05.943 [main] INFO  util.DatabaseMigrator - Flyway migration complete. Applied: 0
2025-12-16 14:54:34.937 [main] INFO  org.flywaydb.core.FlywayExecutor - Database: jdbc:sqlite:enrollment.db (SQLite 3.39)
2025-12-16 14:54:34.997 [main] INFO  o.f.core.internal.command.DbValidate - Successfully validated 9 migrations (execution time 00:00.035s)
2025-12-16 14:54:35.003 [main] INFO  o.f.core.internal.command.DbMigrate - Current version of schema "main": 9
2025-12-16 14:54:35.008 [main] INFO  o.f.core.internal.command.DbMigrate - Schema "main" is up to date. No migration necessary.
2025-12-16 14:54:35.011 [main] INFO  util.DatabaseMigrator - Flyway migration complete. Applied: 0
2025-12-16 14:54:45.833 [main] INFO  org.flywaydb.core.FlywayExecutor - Database: jdbc:sqlite:enrollment.db (SQLite 3.39)
2025-12-16 14:54:45.892 [main] INFO  o.f.core.internal.command.DbValidate - Successfully validated 9 migrations (execution time 00:00.036s)
2025-12-16 14:54:45.894 [main] INFO  o.f.core.internal.command.DbMigrate - Current version of schema "main": 9
2025-12-16 14:54:45.902 [main] INFO  o.f.core.internal.command.DbMigrate - Schema "main" is up to date. No migration necessary.
2025-12-16 14:54:45.904 [main] INFO  util.DatabaseMigrator - Flyway migration complete. Applied: 0
2025-12-16 14:59:03.181 [main] INFO  org.flywaydb.core.FlywayExecutor - Database: jdbc:sqlite:enrollment.db (SQLite 3.39)
2025-12-16 14:59:03.237 [main] INFO  o.f.core.internal.command.DbValidate - Successfully validated 9 migrations (execution time 00:00.033s)
2025-12-16 14:59:03.244 [main] INFO  o.f.core.internal.command.DbMigrate - Current version of schema "main": 9
2025-12-16 14:59:03.250 [main] INFO  o.f.core.internal.command.DbMigrate - Schema "main" is up to date. No migration necessary.
2025-12-16 14:59:03.251 [main] INFO  util.DatabaseMigrator - Flyway migration complete. Applied: 0
2025-12-16 15:02:31.059 [main] INFO  org.flywaydb.core.FlywayExecutor - Database: jdbc:sqlite:enrollment.db (SQLite 3.39)
2025-12-16 15:02:31.117 [main] INFO  o.f.core.internal.command.DbValidate - Successfully validated 9 migrations (execution time 00:00.037s)
2025-12-16 15:02:31.125 [main] INFO  o.f.core.internal.command.DbMigrate - Current version of schema "main": 9
2025-12-16 15:02:31.128 [main] INFO  o.f.core.internal.command.DbMigrate - Schema "main" is up to date. No migration necessary.
2025-12-16 15:02:31.132 [main] INFO  util.DatabaseMigrator - Flyway migration complete. Applied: 0
2025-12-16 15:07:28.038 [main] INFO  org.flywaydb.core.FlywayExecutor - Database: jdbc:sqlite:enrollment.db (SQLite 3.39)
2025-12-16 15:07:28.101 [main] INFO  o.f.core.internal.command.DbValidate - Successfully validated 9 migrations (execution time 00:00.038s)
2025-12-16 15:07:28.106 [main] INFO  o.f.core.internal.command.DbMigrate - Current version of schema "main": 9
2025-12-16 15:07:28.113 [main] INFO  o.f.core.internal.command.DbMigrate - Schema "main" is up to date. No migration necessary.
2025-12-16 15:07:28.117 [main] INFO  util.DatabaseMigrator - Flyway migration complete. Applied: 0
2025-12-16 15:12:14.983 [main] INFO  org.flywaydb.core.FlywayExecutor - Database: jdbc:sqlite:enrollment.db (SQLite 3.39)
2025-12-16 15:12:15.042 [main] INFO  o.f.core.internal.command.DbValidate - Successfully validated 9 migrations (execution time 00:00.038s)
2025-12-16 15:12:15.050 [main] INFO  o.f.core.internal.command.DbMigrate - Current version of schema "main": 9
2025-12-16 15:12:15.052 [main] INFO  o.f.core.internal.command.DbMigrate - Schema "main" is up to date. No migration necessary.
2025-12-16 15:12:15.057 [main] INFO  util.DatabaseMigrator - Flyway migration complete. Applied: 0
2025-12-16 15:12:52.899 [main] INFO  org.flywaydb.core.FlywayExecutor - Database: jdbc:sqlite:enrollment.db (SQLite 3.39)
2025-12-16 15:12:52.958 [main] INFO  o.f.core.internal.command.DbValidate - Successfully validated 9 migrations (execution time 00:00.038s)
2025-12-16 15:12:52.969 [main] INFO  o.f.core.internal.command.DbMigrate - Current version of schema "main": 9
2025-12-16 15:12:52.971 [main] INFO  o.f.core.internal.command.DbMigrate - Schema "main" is up to date. No migration necessary.
2025-12-16 15:12:52.975 [main] INFO  util.DatabaseMigrator - Flyway migration complete. Applied: 0
2025-12-16 15:18:40.681 [main] INFO  org.flywaydb.core.FlywayExecutor - Database: jdbc:sqlite:enrollment.db (SQLite 3.39)
2025-12-16 15:18:40.742 [main] INFO  o.f.core.internal.command.DbValidate - Successfully validated 9 migrations (execution time 00:00.037s)
2025-12-16 15:18:40.749 [main] INFO  o.f.core.internal.command.DbMigrate - Current version of schema "main": 9
2025-12-16 15:18:40.754 [main] INFO  o.f.core.internal.command.DbMigrate - Schema "main" is up to date. No migration necessary.
2025-12-16 15:18:40.757 [main] INFO  util.DatabaseMigrator - Flyway migration complete. Applied: 0
2025-12-16 15:26:32.448 [main] INFO  org.flywaydb.core.FlywayExecutor - Database: jdbc:sqlite:enrollment.db (SQLite 3.39)
2025-12-16 15:26:32.495 [main] INFO  o.f.c.i.s.JdbcTableSchemaHistory - Schema history table "main"."flyway_schema_history" does not exist yet
2025-12-16 15:26:32.499 [main] INFO  o.f.core.internal.command.DbValidate - Successfully validated 9 migrations (execution time 00:00.024s)
2025-12-16 15:26:32.505 [main] INFO  o.f.c.i.s.JdbcTableSchemaHistory - Creating Schema History table "main"."flyway_schema_history" ...
2025-12-16 15:26:32.551 [main] INFO  o.f.core.internal.command.DbMigrate - Current version of schema "main": << Empty Schema >>
2025-12-16 15:26:32.562 [main] INFO  o.f.core.internal.command.DbMigrate - Migrating schema "main" to version "1 - init students"
2025-12-16 15:26:32.594 [main] INFO  o.f.core.internal.command.DbMigrate - Migrating schema "main" to version "2 - init payments"
2025-12-16 15:26:32.612 [main] INFO  o.f.core.internal.command.DbMigrate - Migrating schema "main" to version "3 - messages and seed courses"
2025-12-16 15:26:32.637 [main] INFO  o.f.core.internal.command.DbMigrate - Migrating schema "main" to version "4 - student lookup indexes"
2025-12-16 15:26:32.655 [main] INFO  o.f.core.internal.command.DbMigrate - Migrating schema "main" to version "5 - create academic structure"
2025-12-16 15:26:32.675 [main] INFO  o.f.core.internal.command.DbMigrate - Migrating schema "main" to version "6 - seed demo data"
2025-12-16 15:26:32.695 [main] INFO  o.f.core.internal.command.DbMigrate - Migrating schema "main" to version "7 - create enrollments"
2025-12-16 15:26:32.712 [main] INFO  o.f.core.internal.command.DbMigrate - Migrating schema "main" to version "8 - create payments"
2025-12-16 15:26:32.729 [main] INFO  o.f.core.internal.command.DbMigrate - Migrating schema "main" to version "9 - update student type"
2025-12-16 15:26:32.751 [main] INFO  o.f.core.internal.command.DbMigrate - Successfully applied 9 migrations to schema "main", now at version v9 (execution time 00:00.026s)
2025-12-16 15:26:32.755 [main] INFO  util.DatabaseMigrator - Flyway migration complete. Applied: 9
2025-12-16 15:27:29.948 [AWT-EventQueue-0] ERROR dao.StudentDAO - Error adding student: sdhfg sgfsdfg
org.sqlite.SQLiteException: [SQLITE_ERROR] SQL error or missing database (table students has no column named suffix)
	at org.sqlite.core.DB.newSQLException(DB.java:1135)
	at org.sqlite.core.DB.newSQLException(DB.java:1146)
	at org.sqlite.core.DB.throwex(DB.java:1106)
	at org.sqlite.core.NativeDB.prepare_utf8(Native Method)
	at org.sqlite.core.NativeDB.prepare(NativeDB.java:122)
	at org.sqlite.core.DB.prepare(DB.java:264)
	at org.sqlite.core.CorePreparedStatement.<init>(CorePreparedStatement.java:46)
	at org.sqlite.jdbc3.JDBC3PreparedStatement.<init>(JDBC3PreparedStatement.java:31)
	at org.sqlite.jdbc4.JDBC4PreparedStatement.<init>(JDBC4PreparedStatement.java:25)
	at org.sqlite.jdbc4.JDBC4Connection.prepareStatement(JDBC4Connection.java:34)
	at org.sqlite.jdbc3.JDBC3Connection.prepareStatement(JDBC3Connection.java:226)
	at org.sqlite.jdbc3.JDBC3Connection.prepareStatement(JDBC3Connection.java:206)
	at dao.StudentDAO.addInternal(StudentDAO.java:293)
	at dao.StudentDAO.addWithConnection(StudentDAO.java:37)
	at service.EnrollmentService.persistStudent(EnrollmentService.java:146)
	at service.EnrollmentService.registerNewStudent(EnrollmentService.java:82)
	at ui.screens.BioDataScreen.handleEnrollmentSubmission(BioDataScreen.java:332)
	at ui.screens.BioDataScreen.lambda$4(BioDataScreen.java:307)
	at java.desktop/javax.swing.AbstractButton.fireActionPerformed(AbstractButton.java:1972)
	at java.desktop/javax.swing.AbstractButton$Handler.actionPerformed(AbstractButton.java:2314)
	at java.desktop/javax.swing.DefaultButtonModel.fireActionPerformed(DefaultButtonModel.java:407)
	at java.desktop/javax.swing.DefaultButtonModel.setPressed(DefaultButtonModel.java:262)
	at java.desktop/javax.swing.plaf.basic.BasicButtonListener.mouseReleased(BasicButtonListener.java:279)
	at java.desktop/java.awt.Component.processMouseEvent(Component.java:6621)
	at java.desktop/javax.swing.JComponent.processMouseEvent(JComponent.java:3398)
	at java.desktop/java.awt.Component.processEvent(Component.java:6386)
	at java.desktop/java.awt.Container.processEvent(Container.java:2266)
	at java.desktop/java.awt.Component.dispatchEventImpl(Component.java:4996)
	at java.desktop/java.awt.Container.dispatchEventImpl(Container.java:2324)
	at java.desktop/java.awt.Component.dispatchEvent(Component.java:4828)
	at java.desktop/java.awt.LightweightDispatcher.retargetMouseEvent(Container.java:4948)
	at java.desktop/java.awt.LightweightDispatcher.processMouseEvent(Container.java:4575)
	at java.desktop/java.awt.LightweightDispatcher.dispatchEvent(Container.java:4516)
	at java.desktop/java.awt.Container.dispatchEventImpl(Container.java:2310)
	at java.desktop/java.awt.Window.dispatchEventImpl(Window.java:2780)
	at java.desktop/java.awt.Component.dispatchEvent(Component.java:4828)
	at java.desktop/java.awt.EventQueue.dispatchEventImpl(EventQueue.java:775)
	at java.desktop/java.awt.EventQueue$4.run(EventQueue.java:720)
	at java.desktop/java.awt.EventQueue$4.run(EventQueue.java:714)
	at java.base/java.security.AccessController.doPrivileged(AccessController.java:400)
	at java.base/java.security.ProtectionDomain$JavaSecurityAccessImpl.doIntersectionPrivilege(ProtectionDomain.java:87)
	at java.base/java.security.ProtectionDomain$JavaSecurityAccessImpl.doIntersectionPrivilege(ProtectionDomain.java:98)
	at java.desktop/java.awt.EventQueue$5.run(EventQueue.java:747)
	at java.desktop/java.awt.EventQueue$5.run(EventQueue.java:745)
	at java.base/java.security.AccessController.doPrivileged(AccessController.java:400)
	at java.base/java.security.ProtectionDomain$JavaSecurityAccessImpl.doIntersectionPrivilege(ProtectionDomain.java:87)
	at java.desktop/java.awt.EventQueue.dispatchEvent(EventQueue.java:744)
	at java.desktop/java.awt.EventDispatchThread.pumpOneEventForFilters(EventDispatchThread.java:203)
	at java.desktop/java.awt.EventDispatchThread.pumpEventsForFilter(EventDispatchThread.java:124)
	at java.desktop/java.awt.EventDispatchThread.pumpEventsForHierarchy(EventDispatchThread.java:113)
	at java.desktop/java.awt.EventDispatchThread.pumpEvents(EventDispatchThread.java:109)
	at java.desktop/java.awt.EventDispatchThread.pumpEvents(EventDispatchThread.java:101)
	at java.desktop/java.awt.EventDispatchThread.run(EventDispatchThread.java:90)
2025-12-16 15:27:52.096 [main] INFO  org.flywaydb.core.FlywayExecutor - Database: jdbc:sqlite:enrollment.db (SQLite 3.39)
2025-12-16 15:27:52.154 [main] INFO  o.f.core.internal.command.DbValidate - Successfully validated 9 migrations (execution time 00:00.035s)
2025-12-16 15:27:52.162 [main] INFO  o.f.core.internal.command.DbMigrate - Current version of schema "main": 9
2025-12-16 15:27:52.164 [main] INFO  o.f.core.internal.command.DbMigrate - Schema "main" is up to date. No migration necessary.
2025-12-16 15:27:52.169 [main] INFO  util.DatabaseMigrator - Flyway migration complete. Applied: 0
2025-12-16 15:29:39.751 [main] INFO  org.flywaydb.core.FlywayExecutor - Database: jdbc:sqlite:enrollment.db (SQLite 3.39)
2025-12-16 15:29:39.808 [main] INFO  o.f.core.internal.command.DbValidate - Successfully validated 9 migrations (execution time 00:00.035s)
2025-12-16 15:29:39.815 [main] INFO  o.f.core.internal.command.DbMigrate - Current version of schema "main": 9
2025-12-16 15:29:39.818 [main] INFO  o.f.core.internal.command.DbMigrate - Schema "main" is up to date. No migration necessary.
2025-12-16 15:29:39.822 [main] INFO  util.DatabaseMigrator - Flyway migration complete. Applied: 0
2025-12-16 15:32:09.318 [main] INFO  org.flywaydb.core.FlywayExecutor - Database: jdbc:sqlite:enrollment.db (SQLite 3.39)
2025-12-16 15:32:09.379 [main] INFO  o.f.core.internal.command.DbValidate - Successfully validated 9 migrations (execution time 00:00.038s)
2025-12-16 15:32:09.387 [main] INFO  o.f.core.internal.command.DbMigrate - Current version of schema "main": 9
2025-12-16 15:32:09.391 [main] INFO  o.f.core.internal.command.DbMigrate - Schema "main" is up to date. No migration necessary.
2025-12-16 15:32:09.395 [main] INFO  util.DatabaseMigrator - Flyway migration complete. Applied: 0
2025-12-16 15:32:42.683 [main] INFO  org.flywaydb.core.FlywayExecutor - Database: jdbc:sqlite:enrollment.db (SQLite 3.39)
2025-12-16 15:32:42.744 [main] INFO  o.f.core.internal.command.DbValidate - Successfully validated 9 migrations (execution time 00:00.035s)
2025-12-16 15:32:42.753 [main] INFO  o.f.core.internal.command.DbMigrate - Current version of schema "main": 9
2025-12-16 15:32:42.757 [main] INFO  o.f.core.internal.command.DbMigrate - Schema "main" is up to date. No migration necessary.
2025-12-16 15:32:42.760 [main] INFO  util.DatabaseMigrator - Flyway migration complete. Applied: 0
2025-12-16 15:46:51.494 [main] INFO  org.flywaydb.core.FlywayExecutor - Database: jdbc:sqlite:enrollment.db (SQLite 3.39)
2025-12-16 15:46:51.541 [main] INFO  o.f.c.i.s.JdbcTableSchemaHistory - Schema history table "main"."flyway_schema_history" does not exist yet
2025-12-16 15:46:51.541 [main] INFO  o.f.core.internal.command.DbValidate - Successfully validated 9 migrations (execution time 00:00.024s)
2025-12-16 15:46:51.549 [main] INFO  o.f.c.i.s.JdbcTableSchemaHistory - Creating Schema History table "main"."flyway_schema_history" ...
2025-12-16 15:46:51.595 [main] INFO  o.f.core.internal.command.DbMigrate - Current version of schema "main": << Empty Schema >>
2025-12-16 15:46:51.605 [main] INFO  o.f.core.internal.command.DbMigrate - Migrating schema "main" to version "1 - init students"
2025-12-16 15:46:51.629 [main] INFO  o.f.core.internal.command.DbMigrate - Migrating schema "main" to version "2 - init payments"
2025-12-16 15:46:51.651 [main] INFO  o.f.core.internal.command.DbMigrate - Migrating schema "main" to version "3 - messages and seed courses"
2025-12-16 15:46:51.668 [main] INFO  o.f.core.internal.command.DbMigrate - Migrating schema "main" to version "4 - student lookup indexes"
2025-12-16 15:46:51.689 [main] INFO  o.f.core.internal.command.DbMigrate - Migrating schema "main" to version "5 - create academic structure"
2025-12-16 15:46:51.709 [main] INFO  o.f.core.internal.command.DbMigrate - Migrating schema "main" to version "6 - seed demo data"
2025-12-16 15:46:51.721 [main] INFO  o.f.core.internal.command.DbMigrate - Migrating schema "main" to version "7 - create enrollments"
2025-12-16 15:46:51.744 [main] INFO  o.f.core.internal.command.DbMigrate - Migrating schema "main" to version "8 - create payments"
2025-12-16 15:46:51.761 [main] INFO  o.f.core.internal.command.DbMigrate - Migrating schema "main" to version "9 - update student type"
2025-12-16 15:46:51.779 [main] INFO  o.f.core.internal.command.DbMigrate - Successfully applied 9 migrations to schema "main", now at version v9 (execution time 00:00.025s)
2025-12-16 15:46:51.787 [main] INFO  util.DatabaseMigrator - Flyway migration complete. Applied: 9
2025-12-16 15:47:51.380 [AWT-EventQueue-0] ERROR dao.StudentDAO - Error adding student: dfasdfasdf sfgasefgsadfas
org.sqlite.SQLiteException: [SQLITE_ERROR] SQL error or missing database (table students has no column named suffix)
	at org.sqlite.core.DB.newSQLException(DB.java:1135)
	at org.sqlite.core.DB.newSQLException(DB.java:1146)
	at org.sqlite.core.DB.throwex(DB.java:1106)
	at org.sqlite.core.NativeDB.prepare_utf8(Native Method)
	at org.sqlite.core.NativeDB.prepare(NativeDB.java:122)
	at org.sqlite.core.DB.prepare(DB.java:264)
	at org.sqlite.core.CorePreparedStatement.<init>(CorePreparedStatement.java:46)
	at org.sqlite.jdbc3.JDBC3PreparedStatement.<init>(JDBC3PreparedStatement.java:31)
	at org.sqlite.jdbc4.JDBC4PreparedStatement.<init>(JDBC4PreparedStatement.java:25)
	at org.sqlite.jdbc4.JDBC4Connection.prepareStatement(JDBC4Connection.java:34)
	at org.sqlite.jdbc3.JDBC3Connection.prepareStatement(JDBC3Connection.java:226)
	at org.sqlite.jdbc3.JDBC3Connection.prepareStatement(JDBC3Connection.java:206)
	at dao.StudentDAO.addInternal(StudentDAO.java:293)
	at dao.StudentDAO.addWithConnection(StudentDAO.java:37)
	at service.EnrollmentService.persistStudent(EnrollmentService.java:146)
	at service.EnrollmentService.registerNewStudent(EnrollmentService.java:82)
	at ui.screens.BioDataScreen.handleEnrollmentSubmission(BioDataScreen.java:332)
	at ui.screens.BioDataScreen.lambda$4(BioDataScreen.java:307)
	at java.desktop/javax.swing.AbstractButton.fireActionPerformed(AbstractButton.java:1972)
	at java.desktop/javax.swing.AbstractButton$Handler.actionPerformed(AbstractButton.java:2314)
	at java.desktop/javax.swing.DefaultButtonModel.fireActionPerformed(DefaultButtonModel.java:407)
	at java.desktop/javax.swing.DefaultButtonModel.setPressed(DefaultButtonModel.java:262)
	at java.desktop/javax.swing.plaf.basic.BasicButtonListener.mouseReleased(BasicButtonListener.java:279)
	at java.desktop/java.awt.Component.processMouseEvent(Component.java:6621)
	at java.desktop/javax.swing.JComponent.processMouseEvent(JComponent.java:3398)
	at java.desktop/java.awt.Component.processEvent(Component.java:6386)
	at java.desktop/java.awt.Container.processEvent(Container.java:2266)
	at java.desktop/java.awt.Component.dispatchEventImpl(Component.java:4996)
	at java.desktop/java.awt.Container.dispatchEventImpl(Container.java:2324)
	at java.desktop/java.awt.Component.dispatchEvent(Component.java:4828)
	at java.desktop/java.awt.LightweightDispatcher.retargetMouseEvent(Container.java:4948)
	at java.desktop/java.awt.LightweightDispatcher.processMouseEvent(Container.java:4575)
	at java.desktop/java.awt.LightweightDispatcher.dispatchEvent(Container.java:4516)
	at java.desktop/java.awt.Container.dispatchEventImpl(Container.java:2310)
	at java.desktop/java.awt.Window.dispatchEventImpl(Window.java:2780)
	at java.desktop/java.awt.Component.dispatchEvent(Component.java:4828)
	at java.desktop/java.awt.EventQueue.dispatchEventImpl(EventQueue.java:775)
	at java.desktop/java.awt.EventQueue$4.run(EventQueue.java:720)
	at java.desktop/java.awt.EventQueue$4.run(EventQueue.java:714)
	at java.base/java.security.AccessController.doPrivileged(AccessController.java:400)
	at java.base/java.security.ProtectionDomain$JavaSecurityAccessImpl.doIntersectionPrivilege(ProtectionDomain.java:87)
	at java.base/java.security.ProtectionDomain$JavaSecurityAccessImpl.doIntersectionPrivilege(ProtectionDomain.java:98)
	at java.desktop/java.awt.EventQueue$5.run(EventQueue.java:747)
	at java.desktop/java.awt.EventQueue$5.run(EventQueue.java:745)
	at java.base/java.security.AccessController.doPrivileged(AccessController.java:400)
	at java.base/java.security.ProtectionDomain$JavaSecurityAccessImpl.doIntersectionPrivilege(ProtectionDomain.java:87)
	at java.desktop/java.awt.EventQueue.dispatchEvent(EventQueue.java:744)
	at java.desktop/java.awt.EventDispatchThread.pumpOneEventForFilters(EventDispatchThread.java:203)
	at java.desktop/java.awt.EventDispatchThread.pumpEventsForFilter(EventDispatchThread.java:124)
	at java.desktop/java.awt.EventDispatchThread.pumpEventsForHierarchy(EventDispatchThread.java:113)
	at java.desktop/java.awt.EventDispatchThread.pumpEvents(EventDispatchThread.java:109)
	at java.desktop/java.awt.EventDispatchThread.pumpEvents(EventDispatchThread.java:101)
	at java.desktop/java.awt.EventDispatchThread.run(EventDispatchThread.java:90)
2025-12-16 15:50:01.490 [main] INFO  org.flywaydb.core.FlywayExecutor - Database: jdbc:sqlite:enrollment.db (SQLite 3.39)
2025-12-16 15:50:01.528 [main] INFO  o.f.c.i.s.JdbcTableSchemaHistory - Schema history table "main"."flyway_schema_history" does not exist yet
2025-12-16 15:50:01.533 [main] INFO  o.f.core.internal.command.DbValidate - Successfully validated 9 migrations (execution time 00:00.023s)
2025-12-16 15:50:01.541 [main] INFO  o.f.c.i.s.JdbcTableSchemaHistory - Creating Schema History table "main"."flyway_schema_history" ...
2025-12-16 15:50:01.588 [main] INFO  o.f.core.internal.command.DbMigrate - Current version of schema "main": << Empty Schema >>
2025-12-16 15:50:01.597 [main] INFO  o.f.core.internal.command.DbMigrate - Migrating schema "main" to version "1 - init students"
2025-12-16 15:50:01.626 [main] INFO  o.f.core.internal.command.DbMigrate - Migrating schema "main" to version "2 - init payments"
2025-12-16 15:50:01.644 [main] INFO  o.f.core.internal.command.DbMigrate - Migrating schema "main" to version "3 - messages and seed courses"
2025-12-16 15:50:01.658 [main] INFO  o.f.core.internal.command.DbMigrate - Migrating schema "main" to version "4 - student lookup indexes"
2025-12-16 15:50:01.676 [main] INFO  o.f.core.internal.command.DbMigrate - Migrating schema "main" to version "5 - create academic structure"
2025-12-16 15:50:01.695 [main] INFO  o.f.core.internal.command.DbMigrate - Migrating schema "main" to version "6 - seed demo data"
2025-12-16 15:50:01.713 [main] INFO  o.f.core.internal.command.DbMigrate - Migrating schema "main" to version "7 - create enrollments"
2025-12-16 15:50:01.728 [main] INFO  o.f.core.internal.command.DbMigrate - Migrating schema "main" to version "8 - create payments"
2025-12-16 15:50:01.745 [main] INFO  o.f.core.internal.command.DbMigrate - Migrating schema "main" to version "9 - update student type"
2025-12-16 15:50:01.759 [main] ERROR o.f.core.internal.command.DbMigrate - Migration of schema "main" to version "9 - update student type" failed! Changes successfully rolled back.
2025-12-16 15:50:01.764 [main] ERROR util.GlobalExceptionHandler - [2652a509-8dc4-4460-b4b7-3809cfb6e528] Uncaught exception in thread main
org.flywaydb.core.internal.command.DbMigrate$FlywayMigrateException: Script V9__update_student_type.sql failed
-----------------------------------------
SQL State  : null
Error Code : 1
Message    : [SQLITE_ERROR] SQL error or missing database (duplicate column name: student_type)
Location   : db/migration/V9__update_student_type.sql (C:\Users\Asus\OneDrive\Documents\Java college vibe code\enrollmentSystem\target\classes\db\migration\V9__update_student_type.sql)
Line       : 2
Statement  : Run Flyway with -X option to see the actual statement causing the problem

	at org.flywaydb.core.internal.command.DbMigrate.doMigrateGroup(DbMigrate.java:392)
	at org.flywaydb.core.internal.command.DbMigrate.lambda$applyMigrations$1(DbMigrate.java:280)
	at org.flywaydb.core.internal.jdbc.TransactionalExecutionTemplate.execute(TransactionalExecutionTemplate.java:59)
	at org.flywaydb.core.internal.command.DbMigrate.applyMigrations(DbMigrate.java:279)
	at org.flywaydb.core.internal.command.DbMigrate.migrateGroup(DbMigrate.java:252)
	at org.flywaydb.core.internal.command.DbMigrate.lambda$migrateAll$0(DbMigrate.java:146)
	at org.flywaydb.core.internal.jdbc.TableLockingExecutionTemplate$1.call(TableLockingExecutionTemplate.java:40)
	at org.flywaydb.core.internal.jdbc.TransactionalExecutionTemplate.execute(TransactionalExecutionTemplate.java:59)
	at org.flywaydb.core.internal.jdbc.TableLockingExecutionTemplate.execute(TableLockingExecutionTemplate.java:35)
	at org.flywaydb.core.internal.database.base.Connection.lock(Connection.java:106)
	at org.flywaydb.core.internal.schemahistory.JdbcTableSchemaHistory.lock(JdbcTableSchemaHistory.java:149)
	at org.flywaydb.core.internal.command.DbMigrate.migrateAll(DbMigrate.java:146)
	at org.flywaydb.core.internal.command.DbMigrate.migrate(DbMigrate.java:104)
	at org.flywaydb.core.Flyway.lambda$migrate$0(Flyway.java:222)
	at org.flywaydb.core.FlywayExecutor.execute(FlywayExecutor.java:210)
	at org.flywaydb.core.Flyway.migrate(Flyway.java:164)
	at util.DatabaseMigrator.runMigrations(DatabaseMigrator.java:26)
	at Main.main(Main.java:24)
Caused by: org.flywaydb.core.internal.sqlscript.FlywaySqlScriptException: Script V9__update_student_type.sql failed
-----------------------------------------
SQL State  : null
Error Code : 1
Message    : [SQLITE_ERROR] SQL error or missing database (duplicate column name: student_type)
Location   : db/migration/V9__update_student_type.sql (C:\Users\Asus\OneDrive\Documents\Java college vibe code\enrollmentSystem\target\classes\db\migration\V9__update_student_type.sql)
Line       : 2
Statement  : Run Flyway with -X option to see the actual statement causing the problem

	at org.flywaydb.core.internal.sqlscript.DefaultSqlScriptExecutor.handleException(DefaultSqlScriptExecutor.java:252)
	at org.flywaydb.core.internal.sqlscript.DefaultSqlScriptExecutor.executeStatement(DefaultSqlScriptExecutor.java:214)
	at org.flywaydb.core.internal.sqlscript.DefaultSqlScriptExecutor.execute(DefaultSqlScriptExecutor.java:136)
	at org.flywaydb.core.internal.resolver.sql.SqlMigrationExecutor.executeOnce(SqlMigrationExecutor.java:69)
	at org.flywaydb.core.internal.resolver.sql.SqlMigrationExecutor.lambda$execute$0(SqlMigrationExecutor.java:61)
	at org.flywaydb.core.internal.database.DefaultExecutionStrategy.execute(DefaultExecutionStrategy.java:31)
	at org.flywaydb.core.internal.resolver.sql.SqlMigrationExecutor.execute(SqlMigrationExecutor.java:60)
	at org.flywaydb.core.internal.command.DbMigrate.doMigrateGroup(DbMigrate.java:384)
	... 17 common frames omitted
Caused by: org.sqlite.SQLiteException: [SQLITE_ERROR] SQL error or missing database (duplicate column name: student_type)
	at org.sqlite.core.DB.newSQLException(DB.java:1135)
	at org.sqlite.core.DB.newSQLException(DB.java:1146)
	at org.sqlite.core.DB.throwex(DB.java:1106)
	at org.sqlite.core.NativeDB.prepare_utf8(Native Method)
	at org.sqlite.core.NativeDB.prepare(NativeDB.java:122)
	at org.sqlite.core.DB.prepare(DB.java:264)
	at org.sqlite.jdbc3.JDBC3Statement.lambda$execute$0(JDBC3Statement.java:48)
	at org.sqlite.jdbc3.JDBC3Statement.withConnectionTimeout(JDBC3Statement.java:429)
	at org.sqlite.jdbc3.JDBC3Statement.execute(JDBC3Statement.java:37)
	at org.flywaydb.core.internal.jdbc.JdbcTemplate.executeStatement(JdbcTemplate.java:210)
	at org.flywaydb.core.internal.sqlscript.ParsedSqlStatement.execute(ParsedSqlStatement.java:88)
	at org.flywaydb.core.internal.sqlscript.DefaultSqlScriptExecutor.executeStatement(DefaultSqlScriptExecutor.java:209)
	... 23 common frames omitted
2025-12-16 15:54:28.436 [main] INFO  org.flywaydb.core.FlywayExecutor - Database: jdbc:sqlite:enrollment.db (SQLite 3.39)
2025-12-16 15:54:28.479 [main] INFO  o.f.c.i.s.JdbcTableSchemaHistory - Schema history table "main"."flyway_schema_history" does not exist yet
2025-12-16 15:54:28.482 [main] INFO  o.f.core.internal.command.DbValidate - Successfully validated 8 migrations (execution time 00:00.021s)
2025-12-16 15:54:28.487 [main] INFO  o.f.c.i.s.JdbcTableSchemaHistory - Creating Schema History table "main"."flyway_schema_history" ...
2025-12-16 15:54:28.531 [main] INFO  o.f.core.internal.command.DbMigrate - Current version of schema "main": << Empty Schema >>
2025-12-16 15:54:28.540 [main] INFO  o.f.core.internal.command.DbMigrate - Migrating schema "main" to version "1 - init students"
2025-12-16 15:54:28.574 [main] INFO  o.f.core.internal.command.DbMigrate - Migrating schema "main" to version "2 - init payments"
2025-12-16 15:54:28.593 [main] INFO  o.f.core.internal.command.DbMigrate - Migrating schema "main" to version "3 - messages and seed courses"
2025-12-16 15:54:28.609 [main] INFO  o.f.core.internal.command.DbMigrate - Migrating schema "main" to version "4 - student lookup indexes"
2025-12-16 15:54:28.626 [main] INFO  o.f.core.internal.command.DbMigrate - Migrating schema "main" to version "5 - create academic structure"
2025-12-16 15:54:28.645 [main] INFO  o.f.core.internal.command.DbMigrate - Migrating schema "main" to version "6 - seed demo data"
2025-12-16 15:54:28.661 [main] INFO  o.f.core.internal.command.DbMigrate - Migrating schema "main" to version "7 - create enrollments"
2025-12-16 15:54:28.678 [main] INFO  o.f.core.internal.command.DbMigrate - Migrating schema "main" to version "8 - create payments"
2025-12-16 15:54:28.698 [main] INFO  o.f.core.internal.command.DbMigrate - Successfully applied 8 migrations to schema "main", now at version v8 (execution time 00:00.019s)
2025-12-16 15:54:28.705 [main] INFO  util.DatabaseMigrator - Flyway migration complete. Applied: 8
2025-12-16 15:55:12.683 [AWT-EventQueue-0] ERROR dao.StudentDAO - Error adding student: sdfasd afdasdfasdfsdf
org.sqlite.SQLiteException: [SQLITE_ERROR] SQL error or missing database (table students has no column named suffix)
	at org.sqlite.core.DB.newSQLException(DB.java:1135)
	at org.sqlite.core.DB.newSQLException(DB.java:1146)
	at org.sqlite.core.DB.throwex(DB.java:1106)
	at org.sqlite.core.NativeDB.prepare_utf8(Native Method)
	at org.sqlite.core.NativeDB.prepare(NativeDB.java:122)
	at org.sqlite.core.DB.prepare(DB.java:264)
	at org.sqlite.core.CorePreparedStatement.<init>(CorePreparedStatement.java:46)
	at org.sqlite.jdbc3.JDBC3PreparedStatement.<init>(JDBC3PreparedStatement.java:31)
	at org.sqlite.jdbc4.JDBC4PreparedStatement.<init>(JDBC4PreparedStatement.java:25)
	at org.sqlite.jdbc4.JDBC4Connection.prepareStatement(JDBC4Connection.java:34)
	at org.sqlite.jdbc3.JDBC3Connection.prepareStatement(JDBC3Connection.java:226)
	at org.sqlite.jdbc3.JDBC3Connection.prepareStatement(JDBC3Connection.java:206)
	at dao.StudentDAO.addInternal(StudentDAO.java:293)
	at dao.StudentDAO.addWithConnection(StudentDAO.java:37)
	at service.EnrollmentService.persistStudent(EnrollmentService.java:146)
	at service.EnrollmentService.registerNewStudent(EnrollmentService.java:82)
	at ui.screens.BioDataScreen.handleEnrollmentSubmission(BioDataScreen.java:332)
	at ui.screens.BioDataScreen.lambda$4(BioDataScreen.java:307)
	at java.desktop/javax.swing.AbstractButton.fireActionPerformed(AbstractButton.java:1972)
	at java.desktop/javax.swing.AbstractButton$Handler.actionPerformed(AbstractButton.java:2314)
	at java.desktop/javax.swing.DefaultButtonModel.fireActionPerformed(DefaultButtonModel.java:407)
	at java.desktop/javax.swing.DefaultButtonModel.setPressed(DefaultButtonModel.java:262)
	at java.desktop/javax.swing.plaf.basic.BasicButtonListener.mouseReleased(BasicButtonListener.java:279)
	at java.desktop/java.awt.Component.processMouseEvent(Component.java:6621)
	at java.desktop/javax.swing.JComponent.processMouseEvent(JComponent.java:3398)
	at java.desktop/java.awt.Component.processEvent(Component.java:6386)
	at java.desktop/java.awt.Container.processEvent(Container.java:2266)
	at java.desktop/java.awt.Component.dispatchEventImpl(Component.java:4996)
	at java.desktop/java.awt.Container.dispatchEventImpl(Container.java:2324)
	at java.desktop/java.awt.Component.dispatchEvent(Component.java:4828)
	at java.desktop/java.awt.LightweightDispatcher.retargetMouseEvent(Container.java:4948)
	at java.desktop/java.awt.LightweightDispatcher.processMouseEvent(Container.java:4575)
	at java.desktop/java.awt.LightweightDispatcher.dispatchEvent(Container.java:4516)
	at java.desktop/java.awt.Container.dispatchEventImpl(Container.java:2310)
	at java.desktop/java.awt.Window.dispatchEventImpl(Window.java:2780)
	at java.desktop/java.awt.Component.dispatchEvent(Component.java:4828)
	at java.desktop/java.awt.EventQueue.dispatchEventImpl(EventQueue.java:775)
	at java.desktop/java.awt.EventQueue$4.run(EventQueue.java:720)
	at java.desktop/java.awt.EventQueue$4.run(EventQueue.java:714)
	at java.base/java.security.AccessController.doPrivileged(AccessController.java:400)
	at java.base/java.security.ProtectionDomain$JavaSecurityAccessImpl.doIntersectionPrivilege(ProtectionDomain.java:87)
	at java.base/java.security.ProtectionDomain$JavaSecurityAccessImpl.doIntersectionPrivilege(ProtectionDomain.java:98)
	at java.desktop/java.awt.EventQueue$5.run(EventQueue.java:747)
	at java.desktop/java.awt.EventQueue$5.run(EventQueue.java:745)
	at java.base/java.security.AccessController.doPrivileged(AccessController.java:400)
	at java.base/java.security.ProtectionDomain$JavaSecurityAccessImpl.doIntersectionPrivilege(ProtectionDomain.java:87)
	at java.desktop/java.awt.EventQueue.dispatchEvent(EventQueue.java:744)
	at java.desktop/java.awt.EventDispatchThread.pumpOneEventForFilters(EventDispatchThread.java:203)
	at java.desktop/java.awt.EventDispatchThread.pumpEventsForFilter(EventDispatchThread.java:124)
	at java.desktop/java.awt.EventDispatchThread.pumpEventsForHierarchy(EventDispatchThread.java:113)
	at java.desktop/java.awt.EventDispatchThread.pumpEvents(EventDispatchThread.java:109)
	at java.desktop/java.awt.EventDispatchThread.pumpEvents(EventDispatchThread.java:101)
	at java.desktop/java.awt.EventDispatchThread.run(EventDispatchThread.java:90)
2025-12-16 15:55:27.863 [AWT-EventQueue-0] ERROR dao.StudentDAO - Error adding student: sdfasd afdasdfasdfsdf
org.sqlite.SQLiteException: [SQLITE_ERROR] SQL error or missing database (table students has no column named suffix)
	at org.sqlite.core.DB.newSQLException(DB.java:1135)
	at org.sqlite.core.DB.newSQLException(DB.java:1146)
	at org.sqlite.core.DB.throwex(DB.java:1106)
	at org.sqlite.core.NativeDB.prepare_utf8(Native Method)
	at org.sqlite.core.NativeDB.prepare(NativeDB.java:122)
	at org.sqlite.core.DB.prepare(DB.java:264)
	at org.sqlite.core.CorePreparedStatement.<init>(CorePreparedStatement.java:46)
	at org.sqlite.jdbc3.JDBC3PreparedStatement.<init>(JDBC3PreparedStatement.java:31)
	at org.sqlite.jdbc4.JDBC4PreparedStatement.<init>(JDBC4PreparedStatement.java:25)
	at org.sqlite.jdbc4.JDBC4Connection.prepareStatement(JDBC4Connection.java:34)
	at org.sqlite.jdbc3.JDBC3Connection.prepareStatement(JDBC3Connection.java:226)
	at org.sqlite.jdbc3.JDBC3Connection.prepareStatement(JDBC3Connection.java:206)
	at dao.StudentDAO.addInternal(StudentDAO.java:293)
	at dao.StudentDAO.addWithConnection(StudentDAO.java:37)
	at service.EnrollmentService.persistStudent(EnrollmentService.java:146)
	at service.EnrollmentService.registerNewStudent(EnrollmentService.java:82)
	at ui.screens.BioDataScreen.handleEnrollmentSubmission(BioDataScreen.java:332)
	at ui.screens.BioDataScreen.lambda$4(BioDataScreen.java:307)
	at java.desktop/javax.swing.AbstractButton.fireActionPerformed(AbstractButton.java:1972)
	at java.desktop/javax.swing.AbstractButton$Handler.actionPerformed(AbstractButton.java:2314)
	at java.desktop/javax.swing.DefaultButtonModel.fireActionPerformed(DefaultButtonModel.java:407)
	at java.desktop/javax.swing.DefaultButtonModel.setPressed(DefaultButtonModel.java:262)
	at java.desktop/javax.swing.plaf.basic.BasicButtonListener.mouseReleased(BasicButtonListener.java:279)
	at java.desktop/java.awt.Component.processMouseEvent(Component.java:6621)
	at java.desktop/javax.swing.JComponent.processMouseEvent(JComponent.java:3398)
	at java.desktop/java.awt.Component.processEvent(Component.java:6386)
	at java.desktop/java.awt.Container.processEvent(Container.java:2266)
	at java.desktop/java.awt.Component.dispatchEventImpl(Component.java:4996)
	at java.desktop/java.awt.Container.dispatchEventImpl(Container.java:2324)
	at java.desktop/java.awt.Component.dispatchEvent(Component.java:4828)
	at java.desktop/java.awt.LightweightDispatcher.retargetMouseEvent(Container.java:4948)
	at java.desktop/java.awt.LightweightDispatcher.processMouseEvent(Container.java:4575)
	at java.desktop/java.awt.LightweightDispatcher.dispatchEvent(Container.java:4516)
	at java.desktop/java.awt.Container.dispatchEventImpl(Container.java:2310)
	at java.desktop/java.awt.Window.dispatchEventImpl(Window.java:2780)
	at java.desktop/java.awt.Component.dispatchEvent(Component.java:4828)
	at java.desktop/java.awt.EventQueue.dispatchEventImpl(EventQueue.java:775)
	at java.desktop/java.awt.EventQueue$4.run(EventQueue.java:720)
	at java.desktop/java.awt.EventQueue$4.run(EventQueue.java:714)
	at java.base/java.security.AccessController.doPrivileged(AccessController.java:400)
	at java.base/java.security.ProtectionDomain$JavaSecurityAccessImpl.doIntersectionPrivilege(ProtectionDomain.java:87)
	at java.base/java.security.ProtectionDomain$JavaSecurityAccessImpl.doIntersectionPrivilege(ProtectionDomain.java:98)
	at java.desktop/java.awt.EventQueue$5.run(EventQueue.java:747)
	at java.desktop/java.awt.EventQueue$5.run(EventQueue.java:745)
	at java.base/java.security.AccessController.doPrivileged(AccessController.java:400)
	at java.base/java.security.ProtectionDomain$JavaSecurityAccessImpl.doIntersectionPrivilege(ProtectionDomain.java:87)
	at java.desktop/java.awt.EventQueue.dispatchEvent(EventQueue.java:744)
	at java.desktop/java.awt.EventDispatchThread.pumpOneEventForFilters(EventDispatchThread.java:203)
	at java.desktop/java.awt.EventDispatchThread.pumpEventsForFilter(EventDispatchThread.java:124)
	at java.desktop/java.awt.EventDispatchThread.pumpEventsForHierarchy(EventDispatchThread.java:113)
	at java.desktop/java.awt.EventDispatchThread.pumpEvents(EventDispatchThread.java:109)
	at java.desktop/java.awt.EventDispatchThread.pumpEvents(EventDispatchThread.java:101)
	at java.desktop/java.awt.EventDispatchThread.run(EventDispatchThread.java:90)
2025-12-16 15:56:11.013 [main] INFO  org.flywaydb.core.FlywayExecutor - Database: jdbc:sqlite:enrollment.db (SQLite 3.39)
2025-12-16 15:56:11.072 [main] INFO  o.f.core.internal.command.DbValidate - Successfully validated 8 migrations (execution time 00:00.034s)
2025-12-16 15:56:11.078 [main] INFO  o.f.core.internal.command.DbMigrate - Current version of schema "main": 8
2025-12-16 15:56:11.082 [main] INFO  o.f.core.internal.command.DbMigrate - Schema "main" is up to date. No migration necessary.
2025-12-16 15:56:11.086 [main] INFO  util.DatabaseMigrator - Flyway migration complete. Applied: 0
2025-12-16 15:56:54.744 [AWT-EventQueue-0] ERROR dao.StudentDAO - Error adding student: dfasdf asdfasdfas
org.sqlite.SQLiteException: [SQLITE_ERROR] SQL error or missing database (table students has no column named suffix)
	at org.sqlite.core.DB.newSQLException(DB.java:1135)
	at org.sqlite.core.DB.newSQLException(DB.java:1146)
	at org.sqlite.core.DB.throwex(DB.java:1106)
	at org.sqlite.core.NativeDB.prepare_utf8(Native Method)
	at org.sqlite.core.NativeDB.prepare(NativeDB.java:122)
	at org.sqlite.core.DB.prepare(DB.java:264)
	at org.sqlite.core.CorePreparedStatement.<init>(CorePreparedStatement.java:46)
	at org.sqlite.jdbc3.JDBC3PreparedStatement.<init>(JDBC3PreparedStatement.java:31)
	at org.sqlite.jdbc4.JDBC4PreparedStatement.<init>(JDBC4PreparedStatement.java:25)
	at org.sqlite.jdbc4.JDBC4Connection.prepareStatement(JDBC4Connection.java:34)
	at org.sqlite.jdbc3.JDBC3Connection.prepareStatement(JDBC3Connection.java:226)
	at org.sqlite.jdbc3.JDBC3Connection.prepareStatement(JDBC3Connection.java:206)
	at dao.StudentDAO.addInternal(StudentDAO.java:293)
	at dao.StudentDAO.addWithConnection(StudentDAO.java:37)
	at service.EnrollmentService.persistStudent(EnrollmentService.java:146)
	at service.EnrollmentService.registerNewStudent(EnrollmentService.java:82)
	at ui.screens.BioDataScreen.handleEnrollmentSubmission(BioDataScreen.java:332)
	at ui.screens.BioDataScreen.lambda$4(BioDataScreen.java:307)
	at java.desktop/javax.swing.AbstractButton.fireActionPerformed(AbstractButton.java:1972)
	at java.desktop/javax.swing.AbstractButton$Handler.actionPerformed(AbstractButton.java:2314)
	at java.desktop/javax.swing.DefaultButtonModel.fireActionPerformed(DefaultButtonModel.java:407)
	at java.desktop/javax.swing.DefaultButtonModel.setPressed(DefaultButtonModel.java:262)
	at java.desktop/javax.swing.plaf.basic.BasicButtonListener.mouseReleased(BasicButtonListener.java:279)
	at java.desktop/java.awt.Component.processMouseEvent(Component.java:6621)
	at java.desktop/javax.swing.JComponent.processMouseEvent(JComponent.java:3398)
	at java.desktop/java.awt.Component.processEvent(Component.java:6386)
	at java.desktop/java.awt.Container.processEvent(Container.java:2266)
	at java.desktop/java.awt.Component.dispatchEventImpl(Component.java:4996)
	at java.desktop/java.awt.Container.dispatchEventImpl(Container.java:2324)
	at java.desktop/java.awt.Component.dispatchEvent(Component.java:4828)
	at java.desktop/java.awt.LightweightDispatcher.retargetMouseEvent(Container.java:4948)
	at java.desktop/java.awt.LightweightDispatcher.processMouseEvent(Container.java:4575)
	at java.desktop/java.awt.LightweightDispatcher.dispatchEvent(Container.java:4516)
	at java.desktop/java.awt.Container.dispatchEventImpl(Container.java:2310)
	at java.desktop/java.awt.Window.dispatchEventImpl(Window.java:2780)
	at java.desktop/java.awt.Component.dispatchEvent(Component.java:4828)
	at java.desktop/java.awt.EventQueue.dispatchEventImpl(EventQueue.java:775)
	at java.desktop/java.awt.EventQueue$4.run(EventQueue.java:720)
	at java.desktop/java.awt.EventQueue$4.run(EventQueue.java:714)
	at java.base/java.security.AccessController.doPrivileged(AccessController.java:400)
	at java.base/java.security.ProtectionDomain$JavaSecurityAccessImpl.doIntersectionPrivilege(ProtectionDomain.java:87)
	at java.base/java.security.ProtectionDomain$JavaSecurityAccessImpl.doIntersectionPrivilege(ProtectionDomain.java:98)
	at java.desktop/java.awt.EventQueue$5.run(EventQueue.java:747)
	at java.desktop/java.awt.EventQueue$5.run(EventQueue.java:745)
	at java.base/java.security.AccessController.doPrivileged(AccessController.java:400)
	at java.base/java.security.ProtectionDomain$JavaSecurityAccessImpl.doIntersectionPrivilege(ProtectionDomain.java:87)
	at java.desktop/java.awt.EventQueue.dispatchEvent(EventQueue.java:744)
	at java.desktop/java.awt.EventDispatchThread.pumpOneEventForFilters(EventDispatchThread.java:203)
	at java.desktop/java.awt.EventDispatchThread.pumpEventsForFilter(EventDispatchThread.java:124)
	at java.desktop/java.awt.EventDispatchThread.pumpEventsForHierarchy(EventDispatchThread.java:113)
	at java.desktop/java.awt.EventDispatchThread.pumpEvents(EventDispatchThread.java:109)
	at java.desktop/java.awt.EventDispatchThread.pumpEvents(EventDispatchThread.java:101)
	at java.desktop/java.awt.EventDispatchThread.run(EventDispatchThread.java:90)
2025-12-16 16:01:02.542 [main] INFO  org.flywaydb.core.FlywayExecutor - Database: jdbc:sqlite:enrollment.db (SQLite 3.39)
2025-12-16 16:01:02.584 [main] INFO  o.f.c.i.s.JdbcTableSchemaHistory - Schema history table "main"."flyway_schema_history" does not exist yet
2025-12-16 16:01:02.584 [main] INFO  o.f.core.internal.command.DbValidate - Successfully validated 8 migrations (execution time 00:00.025s)
2025-12-16 16:01:02.592 [main] INFO  o.f.c.i.s.JdbcTableSchemaHistory - Creating Schema History table "main"."flyway_schema_history" ...
2025-12-16 16:01:02.642 [main] INFO  o.f.core.internal.command.DbMigrate - Current version of schema "main": << Empty Schema >>
2025-12-16 16:01:02.648 [main] INFO  o.f.core.internal.command.DbMigrate - Migrating schema "main" to version "1 - init students"
2025-12-16 16:01:02.676 [main] INFO  o.f.core.internal.command.DbMigrate - Migrating schema "main" to version "2 - init payments"
2025-12-16 16:01:02.696 [main] INFO  o.f.core.internal.command.DbMigrate - Migrating schema "main" to version "3 - messages and seed courses"
2025-12-16 16:01:02.714 [main] INFO  o.f.core.internal.command.DbMigrate - Migrating schema "main" to version "4 - student lookup indexes"
2025-12-16 16:01:02.733 [main] INFO  o.f.core.internal.command.DbMigrate - Migrating schema "main" to version "5 - create academic structure"
2025-12-16 16:01:02.752 [main] INFO  o.f.core.internal.command.DbMigrate - Migrating schema "main" to version "6 - seed demo data"
2025-12-16 16:01:02.767 [main] INFO  o.f.core.internal.command.DbMigrate - Migrating schema "main" to version "7 - create enrollments"
2025-12-16 16:01:02.784 [main] INFO  o.f.core.internal.command.DbMigrate - Migrating schema "main" to version "8 - create payments"
2025-12-16 16:01:02.805 [main] INFO  o.f.core.internal.command.DbMigrate - Successfully applied 8 migrations to schema "main", now at version v8 (execution time 00:00.021s)
2025-12-16 16:01:02.813 [main] INFO  util.DatabaseMigrator - Flyway migration complete. Applied: 8
2025-12-16 16:02:01.058 [AWT-EventQueue-0] ERROR dao.StudentDAO - Error adding student: gsdfgdsf sdfgsdgf
org.sqlite.SQLiteException: [SQLITE_ERROR] SQL error or missing database (table students has no column named suffix)
	at org.sqlite.core.DB.newSQLException(DB.java:1135)
	at org.sqlite.core.DB.newSQLException(DB.java:1146)
	at org.sqlite.core.DB.throwex(DB.java:1106)
	at org.sqlite.core.NativeDB.prepare_utf8(Native Method)
	at org.sqlite.core.NativeDB.prepare(NativeDB.java:122)
	at org.sqlite.core.DB.prepare(DB.java:264)
	at org.sqlite.core.CorePreparedStatement.<init>(CorePreparedStatement.java:46)
	at org.sqlite.jdbc3.JDBC3PreparedStatement.<init>(JDBC3PreparedStatement.java:31)
	at org.sqlite.jdbc4.JDBC4PreparedStatement.<init>(JDBC4PreparedStatement.java:25)
	at org.sqlite.jdbc4.JDBC4Connection.prepareStatement(JDBC4Connection.java:34)
	at org.sqlite.jdbc3.JDBC3Connection.prepareStatement(JDBC3Connection.java:226)
	at org.sqlite.jdbc3.JDBC3Connection.prepareStatement(JDBC3Connection.java:206)
	at dao.StudentDAO.addInternal(StudentDAO.java:293)
	at dao.StudentDAO.addWithConnection(StudentDAO.java:37)
	at service.EnrollmentService.persistStudent(EnrollmentService.java:146)
	at service.EnrollmentService.registerNewStudent(EnrollmentService.java:82)
	at ui.screens.BioDataScreen.handleEnrollmentSubmission(BioDataScreen.java:332)
	at ui.screens.BioDataScreen.lambda$4(BioDataScreen.java:307)
	at java.desktop/javax.swing.AbstractButton.fireActionPerformed(AbstractButton.java:1972)
	at java.desktop/javax.swing.AbstractButton$Handler.actionPerformed(AbstractButton.java:2314)
	at java.desktop/javax.swing.DefaultButtonModel.fireActionPerformed(DefaultButtonModel.java:407)
	at java.desktop/javax.swing.DefaultButtonModel.setPressed(DefaultButtonModel.java:262)
	at java.desktop/javax.swing.plaf.basic.BasicButtonListener.mouseReleased(BasicButtonListener.java:279)
	at java.desktop/java.awt.Component.processMouseEvent(Component.java:6621)
	at java.desktop/javax.swing.JComponent.processMouseEvent(JComponent.java:3398)
	at java.desktop/java.awt.Component.processEvent(Component.java:6386)
	at java.desktop/java.awt.Container.processEvent(Container.java:2266)
	at java.desktop/java.awt.Component.dispatchEventImpl(Component.java:4996)
	at java.desktop/java.awt.Container.dispatchEventImpl(Container.java:2324)
	at java.desktop/java.awt.Component.dispatchEvent(Component.java:4828)
	at java.desktop/java.awt.LightweightDispatcher.retargetMouseEvent(Container.java:4948)
	at java.desktop/java.awt.LightweightDispatcher.processMouseEvent(Container.java:4575)
	at java.desktop/java.awt.LightweightDispatcher.dispatchEvent(Container.java:4516)
	at java.desktop/java.awt.Container.dispatchEventImpl(Container.java:2310)
	at java.desktop/java.awt.Window.dispatchEventImpl(Window.java:2780)
	at java.desktop/java.awt.Component.dispatchEvent(Component.java:4828)
	at java.desktop/java.awt.EventQueue.dispatchEventImpl(EventQueue.java:775)
	at java.desktop/java.awt.EventQueue$4.run(EventQueue.java:720)
	at java.desktop/java.awt.EventQueue$4.run(EventQueue.java:714)
	at java.base/java.security.AccessController.doPrivileged(AccessController.java:400)
	at java.base/java.security.ProtectionDomain$JavaSecurityAccessImpl.doIntersectionPrivilege(ProtectionDomain.java:87)
	at java.base/java.security.ProtectionDomain$JavaSecurityAccessImpl.doIntersectionPrivilege(ProtectionDomain.java:98)
	at java.desktop/java.awt.EventQueue$5.run(EventQueue.java:747)
	at java.desktop/java.awt.EventQueue$5.run(EventQueue.java:745)
	at java.base/java.security.AccessController.doPrivileged(AccessController.java:400)
	at java.base/java.security.ProtectionDomain$JavaSecurityAccessImpl.doIntersectionPrivilege(ProtectionDomain.java:87)
	at java.desktop/java.awt.EventQueue.dispatchEvent(EventQueue.java:744)
	at java.desktop/java.awt.EventDispatchThread.pumpOneEventForFilters(EventDispatchThread.java:203)
	at java.desktop/java.awt.EventDispatchThread.pumpEventsForFilter(EventDispatchThread.java:124)
	at java.desktop/java.awt.EventDispatchThread.pumpEventsForHierarchy(EventDispatchThread.java:113)
	at java.desktop/java.awt.EventDispatchThread.pumpEvents(EventDispatchThread.java:109)
	at java.desktop/java.awt.EventDispatchThread.pumpEvents(EventDispatchThread.java:101)
	at java.desktop/java.awt.EventDispatchThread.run(EventDispatchThread.java:90)
2025-12-16 16:04:07.959 [main] INFO  org.flywaydb.core.FlywayExecutor - Database: jdbc:sqlite:enrollment.db (SQLite 3.39)
2025-12-16 16:04:08.001 [main] INFO  o.f.c.i.s.JdbcTableSchemaHistory - Schema history table "main"."flyway_schema_history" does not exist yet
2025-12-16 16:04:08.004 [main] INFO  o.f.core.internal.command.DbValidate - Successfully validated 8 migrations (execution time 00:00.023s)
2025-12-16 16:04:08.009 [main] INFO  o.f.c.i.s.JdbcTableSchemaHistory - Creating Schema History table "main"."flyway_schema_history" ...
2025-12-16 16:04:08.053 [main] INFO  o.f.core.internal.command.DbMigrate - Current version of schema "main": << Empty Schema >>
2025-12-16 16:04:08.062 [main] INFO  o.f.core.internal.command.DbMigrate - Migrating schema "main" to version "1 - init students"
2025-12-16 16:04:08.089 [main] INFO  o.f.core.internal.command.DbMigrate - Migrating schema "main" to version "2 - init payments"
2025-12-16 16:04:08.109 [main] INFO  o.f.core.internal.command.DbMigrate - Migrating schema "main" to version "3 - messages and seed courses"
2025-12-16 16:04:08.124 [main] INFO  o.f.core.internal.command.DbMigrate - Migrating schema "main" to version "4 - student lookup indexes"
2025-12-16 16:04:08.141 [main] INFO  o.f.core.internal.command.DbMigrate - Migrating schema "main" to version "5 - create academic structure"
2025-12-16 16:04:08.161 [main] INFO  o.f.core.internal.command.DbMigrate - Migrating schema "main" to version "6 - seed demo data"
2025-12-16 16:04:08.178 [main] INFO  o.f.core.internal.command.DbMigrate - Migrating schema "main" to version "7 - create enrollments"
2025-12-16 16:04:08.195 [main] INFO  o.f.core.internal.command.DbMigrate - Migrating schema "main" to version "8 - create payments"
2025-12-16 16:04:08.215 [main] INFO  o.f.core.internal.command.DbMigrate - Successfully applied 8 migrations to schema "main", now at version v8 (execution time 00:00.022s)
2025-12-16 16:04:08.222 [main] INFO  util.DatabaseMigrator - Flyway migration complete. Applied: 8
2025-12-16 16:04:55.121 [AWT-EventQueue-0] ERROR dao.StudentDAO - Error adding student: fgsdg dsgfdsgds
org.sqlite.SQLiteException: [SQLITE_ERROR] SQL error or missing database (table students has no column named suffix)
	at org.sqlite.core.DB.newSQLException(DB.java:1135)
	at org.sqlite.core.DB.newSQLException(DB.java:1146)
	at org.sqlite.core.DB.throwex(DB.java:1106)
	at org.sqlite.core.NativeDB.prepare_utf8(Native Method)
	at org.sqlite.core.NativeDB.prepare(NativeDB.java:122)
	at org.sqlite.core.DB.prepare(DB.java:264)
	at org.sqlite.core.CorePreparedStatement.<init>(CorePreparedStatement.java:46)
	at org.sqlite.jdbc3.JDBC3PreparedStatement.<init>(JDBC3PreparedStatement.java:31)
	at org.sqlite.jdbc4.JDBC4PreparedStatement.<init>(JDBC4PreparedStatement.java:25)
	at org.sqlite.jdbc4.JDBC4Connection.prepareStatement(JDBC4Connection.java:34)
	at org.sqlite.jdbc3.JDBC3Connection.prepareStatement(JDBC3Connection.java:226)
	at org.sqlite.jdbc3.JDBC3Connection.prepareStatement(JDBC3Connection.java:206)
	at dao.StudentDAO.addInternal(StudentDAO.java:293)
	at dao.StudentDAO.addWithConnection(StudentDAO.java:37)
	at service.EnrollmentService.persistStudent(EnrollmentService.java:146)
	at service.EnrollmentService.registerNewStudent(EnrollmentService.java:82)
	at ui.screens.BioDataScreen.handleEnrollmentSubmission(BioDataScreen.java:332)
	at ui.screens.BioDataScreen.lambda$4(BioDataScreen.java:307)
	at java.desktop/javax.swing.AbstractButton.fireActionPerformed(AbstractButton.java:1972)
	at java.desktop/javax.swing.AbstractButton$Handler.actionPerformed(AbstractButton.java:2314)
	at java.desktop/javax.swing.DefaultButtonModel.fireActionPerformed(DefaultButtonModel.java:407)
	at java.desktop/javax.swing.DefaultButtonModel.setPressed(DefaultButtonModel.java:262)
	at java.desktop/javax.swing.plaf.basic.BasicButtonListener.mouseReleased(BasicButtonListener.java:279)
	at java.desktop/java.awt.Component.processMouseEvent(Component.java:6621)
	at java.desktop/javax.swing.JComponent.processMouseEvent(JComponent.java:3398)
	at java.desktop/java.awt.Component.processEvent(Component.java:6386)
	at java.desktop/java.awt.Container.processEvent(Container.java:2266)
	at java.desktop/java.awt.Component.dispatchEventImpl(Component.java:4996)
	at java.desktop/java.awt.Container.dispatchEventImpl(Container.java:2324)
	at java.desktop/java.awt.Component.dispatchEvent(Component.java:4828)
	at java.desktop/java.awt.LightweightDispatcher.retargetMouseEvent(Container.java:4948)
	at java.desktop/java.awt.LightweightDispatcher.processMouseEvent(Container.java:4575)
	at java.desktop/java.awt.LightweightDispatcher.dispatchEvent(Container.java:4516)
	at java.desktop/java.awt.Container.dispatchEventImpl(Container.java:2310)
	at java.desktop/java.awt.Window.dispatchEventImpl(Window.java:2780)
	at java.desktop/java.awt.Component.dispatchEvent(Component.java:4828)
	at java.desktop/java.awt.EventQueue.dispatchEventImpl(EventQueue.java:775)
	at java.desktop/java.awt.EventQueue$4.run(EventQueue.java:720)
	at java.desktop/java.awt.EventQueue$4.run(EventQueue.java:714)
	at java.base/java.security.AccessController.doPrivileged(AccessController.java:400)
	at java.base/java.security.ProtectionDomain$JavaSecurityAccessImpl.doIntersectionPrivilege(ProtectionDomain.java:87)
	at java.base/java.security.ProtectionDomain$JavaSecurityAccessImpl.doIntersectionPrivilege(ProtectionDomain.java:98)
	at java.desktop/java.awt.EventQueue$5.run(EventQueue.java:747)
	at java.desktop/java.awt.EventQueue$5.run(EventQueue.java:745)
	at java.base/java.security.AccessController.doPrivileged(AccessController.java:400)
	at java.base/java.security.ProtectionDomain$JavaSecurityAccessImpl.doIntersectionPrivilege(ProtectionDomain.java:87)
	at java.desktop/java.awt.EventQueue.dispatchEvent(EventQueue.java:744)
	at java.desktop/java.awt.EventDispatchThread.pumpOneEventForFilters(EventDispatchThread.java:203)
	at java.desktop/java.awt.EventDispatchThread.pumpEventsForFilter(EventDispatchThread.java:124)
	at java.desktop/java.awt.EventDispatchThread.pumpEventsForHierarchy(EventDispatchThread.java:113)
	at java.desktop/java.awt.EventDispatchThread.pumpEvents(EventDispatchThread.java:109)
	at java.desktop/java.awt.EventDispatchThread.pumpEvents(EventDispatchThread.java:101)
	at java.desktop/java.awt.EventDispatchThread.run(EventDispatchThread.java:90)
2025-12-16 16:05:08.549 [AWT-EventQueue-0] ERROR dao.StudentDAO - Error adding student: fgsdg dsgfdsgds
org.sqlite.SQLiteException: [SQLITE_ERROR] SQL error or missing database (table students has no column named suffix)
	at org.sqlite.core.DB.newSQLException(DB.java:1135)
	at org.sqlite.core.DB.newSQLException(DB.java:1146)
	at org.sqlite.core.DB.throwex(DB.java:1106)
	at org.sqlite.core.NativeDB.prepare_utf8(Native Method)
	at org.sqlite.core.NativeDB.prepare(NativeDB.java:122)
	at org.sqlite.core.DB.prepare(DB.java:264)
	at org.sqlite.core.CorePreparedStatement.<init>(CorePreparedStatement.java:46)
	at org.sqlite.jdbc3.JDBC3PreparedStatement.<init>(JDBC3PreparedStatement.java:31)
	at org.sqlite.jdbc4.JDBC4PreparedStatement.<init>(JDBC4PreparedStatement.java:25)
	at org.sqlite.jdbc4.JDBC4Connection.prepareStatement(JDBC4Connection.java:34)
	at org.sqlite.jdbc3.JDBC3Connection.prepareStatement(JDBC3Connection.java:226)
	at org.sqlite.jdbc3.JDBC3Connection.prepareStatement(JDBC3Connection.java:206)
	at dao.StudentDAO.addInternal(StudentDAO.java:293)
	at dao.StudentDAO.addWithConnection(StudentDAO.java:37)
	at service.EnrollmentService.persistStudent(EnrollmentService.java:146)
	at service.EnrollmentService.registerNewStudent(EnrollmentService.java:82)
	at ui.screens.BioDataScreen.handleEnrollmentSubmission(BioDataScreen.java:332)
	at ui.screens.BioDataScreen.lambda$4(BioDataScreen.java:307)
	at java.desktop/javax.swing.AbstractButton.fireActionPerformed(AbstractButton.java:1972)
	at java.desktop/javax.swing.AbstractButton$Handler.actionPerformed(AbstractButton.java:2314)
	at java.desktop/javax.swing.DefaultButtonModel.fireActionPerformed(DefaultButtonModel.java:407)
	at java.desktop/javax.swing.DefaultButtonModel.setPressed(DefaultButtonModel.java:262)
	at java.desktop/javax.swing.plaf.basic.BasicButtonListener.mouseReleased(BasicButtonListener.java:279)
	at java.desktop/java.awt.Component.processMouseEvent(Component.java:6621)
	at java.desktop/javax.swing.JComponent.processMouseEvent(JComponent.java:3398)
	at java.desktop/java.awt.Component.processEvent(Component.java:6386)
	at java.desktop/java.awt.Container.processEvent(Container.java:2266)
	at java.desktop/java.awt.Component.dispatchEventImpl(Component.java:4996)
	at java.desktop/java.awt.Container.dispatchEventImpl(Container.java:2324)
	at java.desktop/java.awt.Component.dispatchEvent(Component.java:4828)
	at java.desktop/java.awt.LightweightDispatcher.retargetMouseEvent(Container.java:4948)
	at java.desktop/java.awt.LightweightDispatcher.processMouseEvent(Container.java:4575)
	at java.desktop/java.awt.LightweightDispatcher.dispatchEvent(Container.java:4516)
	at java.desktop/java.awt.Container.dispatchEventImpl(Container.java:2310)
	at java.desktop/java.awt.Window.dispatchEventImpl(Window.java:2780)
	at java.desktop/java.awt.Component.dispatchEvent(Component.java:4828)
	at java.desktop/java.awt.EventQueue.dispatchEventImpl(EventQueue.java:775)
	at java.desktop/java.awt.EventQueue$4.run(EventQueue.java:720)
	at java.desktop/java.awt.EventQueue$4.run(EventQueue.java:714)
	at java.base/java.security.AccessController.doPrivileged(AccessController.java:400)
	at java.base/java.security.ProtectionDomain$JavaSecurityAccessImpl.doIntersectionPrivilege(ProtectionDomain.java:87)
	at java.base/java.security.ProtectionDomain$JavaSecurityAccessImpl.doIntersectionPrivilege(ProtectionDomain.java:98)
	at java.desktop/java.awt.EventQueue$5.run(EventQueue.java:747)
	at java.desktop/java.awt.EventQueue$5.run(EventQueue.java:745)
	at java.base/java.security.AccessController.doPrivileged(AccessController.java:400)
	at java.base/java.security.ProtectionDomain$JavaSecurityAccessImpl.doIntersectionPrivilege(ProtectionDomain.java:87)
	at java.desktop/java.awt.EventQueue.dispatchEvent(EventQueue.java:744)
	at java.desktop/java.awt.EventDispatchThread.pumpOneEventForFilters(EventDispatchThread.java:203)
	at java.desktop/java.awt.EventDispatchThread.pumpEventsForFilter(EventDispatchThread.java:124)
	at java.desktop/java.awt.EventDispatchThread.pumpEventsForHierarchy(EventDispatchThread.java:113)
	at java.desktop/java.awt.EventDispatchThread.pumpEvents(EventDispatchThread.java:109)
	at java.desktop/java.awt.EventDispatchThread.pumpEvents(EventDispatchThread.java:101)
	at java.desktop/java.awt.EventDispatchThread.run(EventDispatchThread.java:90)
2025-12-16 16:06:23.255 [main] INFO  org.flywaydb.core.FlywayExecutor - Database: jdbc:sqlite:enrollment.db (SQLite 3.39)
2025-12-16 16:06:23.298 [main] INFO  o.f.c.i.s.JdbcTableSchemaHistory - Schema history table "main"."flyway_schema_history" does not exist yet
2025-12-16 16:06:23.301 [main] INFO  o.f.core.internal.command.DbValidate - Successfully validated 8 migrations (execution time 00:00.023s)
2025-12-16 16:06:23.305 [main] INFO  o.f.c.i.s.JdbcTableSchemaHistory - Creating Schema History table "main"."flyway_schema_history" ...
2025-12-16 16:06:23.347 [main] INFO  o.f.core.internal.command.DbMigrate - Current version of schema "main": << Empty Schema >>
2025-12-16 16:06:23.356 [main] INFO  o.f.core.internal.command.DbMigrate - Migrating schema "main" to version "1 - init students"
2025-12-16 16:06:23.383 [main] INFO  o.f.core.internal.command.DbMigrate - Migrating schema "main" to version "2 - init payments"
2025-12-16 16:06:23.403 [main] INFO  o.f.core.internal.command.DbMigrate - Migrating schema "main" to version "3 - messages and seed courses"
2025-12-16 16:06:23.419 [main] INFO  o.f.core.internal.command.DbMigrate - Migrating schema "main" to version "4 - student lookup indexes"
2025-12-16 16:06:23.437 [main] INFO  o.f.core.internal.command.DbMigrate - Migrating schema "main" to version "5 - create academic structure"
2025-12-16 16:06:23.456 [main] INFO  o.f.core.internal.command.DbMigrate - Migrating schema "main" to version "6 - seed demo data"
2025-12-16 16:06:23.472 [main] INFO  o.f.core.internal.command.DbMigrate - Migrating schema "main" to version "7 - create enrollments"
2025-12-16 16:06:23.488 [main] INFO  o.f.core.internal.command.DbMigrate - Migrating schema "main" to version "8 - create payments"
2025-12-16 16:06:23.510 [main] INFO  o.f.core.internal.command.DbMigrate - Successfully applied 8 migrations to schema "main", now at version v8 (execution time 00:00.022s)
2025-12-16 16:06:23.516 [main] INFO  util.DatabaseMigrator - Flyway migration complete. Applied: 8
2025-12-16 16:09:06.565 [main] INFO  org.flywaydb.core.FlywayExecutor - Database: jdbc:sqlite:enrollment.db (SQLite 3.39)
2025-12-16 16:09:06.647 [main] INFO  o.f.core.internal.command.DbValidate - Successfully validated 8 migrations (execution time 00:00.054s)
2025-12-16 16:09:06.665 [main] INFO  o.f.core.internal.command.DbMigrate - Current version of schema "main": 8
2025-12-16 16:09:06.671 [main] INFO  o.f.core.internal.command.DbMigrate - Schema "main" is up to date. No migration necessary.
2025-12-16 16:09:06.677 [main] INFO  util.DatabaseMigrator - Flyway migration complete. Applied: 0
2025-12-16 16:11:33.784 [AWT-EventQueue-0] ERROR util.GlobalExceptionHandler - [b7dcab52-689f-4bdc-8a9d-f2daaa4904bc] Uncaught exception in thread AWT-EventQueue-0
java.lang.ClassCastException: class ui.MainFrame cannot be cast to class ui.MobileFrame (ui.MainFrame and ui.MobileFrame are in unnamed module of loader 'app')
	at ui.screens.DocumentsScreen.navigate(DocumentsScreen.java:136)
	at ui.screens.DocumentsScreen.lambda$1(DocumentsScreen.java:79)
	at java.desktop/javax.swing.AbstractButton.fireActionPerformed(AbstractButton.java:1972)
	at java.desktop/javax.swing.AbstractButton$Handler.actionPerformed(AbstractButton.java:2314)
	at java.desktop/javax.swing.DefaultButtonModel.fireActionPerformed(DefaultButtonModel.java:407)
	at java.desktop/javax.swing.DefaultButtonModel.setPressed(DefaultButtonModel.java:262)
	at java.desktop/javax.swing.plaf.basic.BasicButtonListener.mouseReleased(BasicButtonListener.java:279)
	at java.desktop/java.awt.Component.processMouseEvent(Component.java:6621)
	at java.desktop/javax.swing.JComponent.processMouseEvent(JComponent.java:3398)
	at java.desktop/java.awt.Component.processEvent(Component.java:6386)
	at java.desktop/java.awt.Container.processEvent(Container.java:2266)
	at java.desktop/java.awt.Component.dispatchEventImpl(Component.java:4996)
	at java.desktop/java.awt.Container.dispatchEventImpl(Container.java:2324)
	at java.desktop/java.awt.Component.dispatchEvent(Component.java:4828)
	at java.desktop/java.awt.LightweightDispatcher.retargetMouseEvent(Container.java:4948)
	at java.desktop/java.awt.LightweightDispatcher.processMouseEvent(Container.java:4575)
	at java.desktop/java.awt.LightweightDispatcher.dispatchEvent(Container.java:4516)
	at java.desktop/java.awt.Container.dispatchEventImpl(Container.java:2310)
	at java.desktop/java.awt.Window.dispatchEventImpl(Window.java:2780)
	at java.desktop/java.awt.Component.dispatchEvent(Component.java:4828)
	at java.desktop/java.awt.EventQueue.dispatchEventImpl(EventQueue.java:775)
	at java.desktop/java.awt.EventQueue$4.run(EventQueue.java:720)
	at java.desktop/java.awt.EventQueue$4.run(EventQueue.java:714)
	at java.base/java.security.AccessController.doPrivileged(AccessController.java:400)
	at java.base/java.security.ProtectionDomain$JavaSecurityAccessImpl.doIntersectionPrivilege(ProtectionDomain.java:87)
	at java.base/java.security.ProtectionDomain$JavaSecurityAccessImpl.doIntersectionPrivilege(ProtectionDomain.java:98)
	at java.desktop/java.awt.EventQueue$5.run(EventQueue.java:747)
	at java.desktop/java.awt.EventQueue$5.run(EventQueue.java:745)
	at java.base/java.security.AccessController.doPrivileged(AccessController.java:400)
	at java.base/java.security.ProtectionDomain$JavaSecurityAccessImpl.doIntersectionPrivilege(ProtectionDomain.java:87)
	at java.desktop/java.awt.EventQueue.dispatchEvent(EventQueue.java:744)
	at java.desktop/java.awt.EventDispatchThread.pumpOneEventForFilters(EventDispatchThread.java:203)
	at java.desktop/java.awt.EventDispatchThread.pumpEventsForFilter(EventDispatchThread.java:124)
	at java.desktop/java.awt.EventDispatchThread.pumpEventsForHierarchy(EventDispatchThread.java:113)
	at java.desktop/java.awt.EventDispatchThread.pumpEvents(EventDispatchThread.java:109)
	at java.desktop/java.awt.EventDispatchThread.pumpEvents(EventDispatchThread.java:101)
	at java.desktop/java.awt.EventDispatchThread.run(EventDispatchThread.java:90)
2025-12-16 16:11:36.449 [AWT-EventQueue-0] ERROR util.GlobalExceptionHandler - [9732fd8b-8924-42d6-980b-2b896e891068] Uncaught exception in thread AWT-EventQueue-0
java.lang.ClassCastException: class ui.MainFrame cannot be cast to class ui.MobileFrame (ui.MainFrame and ui.MobileFrame are in unnamed module of loader 'app')
	at ui.screens.DocumentsScreen.navigate(DocumentsScreen.java:136)
	at ui.screens.DocumentsScreen.lambda$1(DocumentsScreen.java:79)
	at java.desktop/javax.swing.AbstractButton.fireActionPerformed(AbstractButton.java:1972)
	at java.desktop/javax.swing.AbstractButton$Handler.actionPerformed(AbstractButton.java:2314)
	at java.desktop/javax.swing.DefaultButtonModel.fireActionPerformed(DefaultButtonModel.java:407)
	at java.desktop/javax.swing.DefaultButtonModel.setPressed(DefaultButtonModel.java:262)
	at java.desktop/javax.swing.plaf.basic.BasicButtonListener.mouseReleased(BasicButtonListener.java:279)
	at java.desktop/java.awt.Component.processMouseEvent(Component.java:6621)
	at java.desktop/javax.swing.JComponent.processMouseEvent(JComponent.java:3398)
	at java.desktop/java.awt.Component.processEvent(Component.java:6386)
	at java.desktop/java.awt.Container.processEvent(Container.java:2266)
	at java.desktop/java.awt.Component.dispatchEventImpl(Component.java:4996)
	at java.desktop/java.awt.Container.dispatchEventImpl(Container.java:2324)
	at java.desktop/java.awt.Component.dispatchEvent(Component.java:4828)
	at java.desktop/java.awt.LightweightDispatcher.retargetMouseEvent(Container.java:4948)
	at java.desktop/java.awt.LightweightDispatcher.processMouseEvent(Container.java:4575)
	at java.desktop/java.awt.LightweightDispatcher.dispatchEvent(Container.java:4516)
	at java.desktop/java.awt.Container.dispatchEventImpl(Container.java:2310)
	at java.desktop/java.awt.Window.dispatchEventImpl(Window.java:2780)
	at java.desktop/java.awt.Component.dispatchEvent(Component.java:4828)
	at java.desktop/java.awt.EventQueue.dispatchEventImpl(EventQueue.java:775)
	at java.desktop/java.awt.EventQueue$4.run(EventQueue.java:720)
	at java.desktop/java.awt.EventQueue$4.run(EventQueue.java:714)
	at java.base/java.security.AccessController.doPrivileged(AccessController.java:400)
	at java.base/java.security.ProtectionDomain$JavaSecurityAccessImpl.doIntersectionPrivilege(ProtectionDomain.java:87)
	at java.base/java.security.ProtectionDomain$JavaSecurityAccessImpl.doIntersectionPrivilege(ProtectionDomain.java:98)
	at java.desktop/java.awt.EventQueue$5.run(EventQueue.java:747)
	at java.desktop/java.awt.EventQueue$5.run(EventQueue.java:745)
	at java.base/java.security.AccessController.doPrivileged(AccessController.java:400)
	at java.base/java.security.ProtectionDomain$JavaSecurityAccessImpl.doIntersectionPrivilege(ProtectionDomain.java:87)
	at java.desktop/java.awt.EventQueue.dispatchEvent(EventQueue.java:744)
	at java.desktop/java.awt.EventDispatchThread.pumpOneEventForFilters(EventDispatchThread.java:203)
	at java.desktop/java.awt.EventDispatchThread.pumpEventsForFilter(EventDispatchThread.java:124)
	at java.desktop/java.awt.EventDispatchThread.pumpEventsForHierarchy(EventDispatchThread.java:113)
	at java.desktop/java.awt.EventDispatchThread.pumpEvents(EventDispatchThread.java:109)
	at java.desktop/java.awt.EventDispatchThread.pumpEvents(EventDispatchThread.java:101)
	at java.desktop/java.awt.EventDispatchThread.run(EventDispatchThread.java:90)
2025-12-16 16:22:43.090 [main] INFO  org.flywaydb.core.FlywayExecutor - Database: jdbc:sqlite:enrollment.db (SQLite 3.39)
2025-12-16 16:22:43.189 [main] INFO  o.f.core.internal.command.DbValidate - Successfully validated 8 migrations (execution time 00:00.054s)
2025-12-16 16:22:43.197 [main] INFO  o.f.core.internal.command.DbMigrate - Current version of schema "main": 8
2025-12-16 16:22:43.207 [main] INFO  o.f.core.internal.command.DbMigrate - Schema "main" is up to date. No migration necessary.
2025-12-16 16:22:43.210 [main] INFO  util.DatabaseMigrator - Flyway migration complete. Applied: 0
2025-12-16 16:27:46.031 [main] INFO  org.flywaydb.core.FlywayExecutor - Database: jdbc:sqlite:enrollment.db (SQLite 3.39)
2025-12-16 16:27:46.118 [main] INFO  o.f.core.internal.command.DbValidate - Successfully validated 8 migrations (execution time 00:00.054s)
2025-12-16 16:27:46.137 [main] INFO  o.f.core.internal.command.DbMigrate - Current version of schema "main": 8
2025-12-16 16:27:46.147 [main] INFO  o.f.core.internal.command.DbMigrate - Schema "main" is up to date. No migration necessary.
2025-12-16 16:27:46.157 [main] INFO  util.DatabaseMigrator - Flyway migration complete. Applied: 0
2025-12-16 16:32:45.254 [main] INFO  org.flywaydb.core.FlywayExecutor - Database: jdbc:sqlite:enrollment.db (SQLite 3.39)
2025-12-16 16:32:45.343 [main] INFO  o.f.core.internal.command.DbValidate - Successfully validated 8 migrations (execution time 00:00.050s)
2025-12-16 16:32:45.353 [main] INFO  o.f.core.internal.command.DbMigrate - Current version of schema "main": 8
2025-12-16 16:32:45.357 [main] INFO  o.f.core.internal.command.DbMigrate - Schema "main" is up to date. No migration necessary.
2025-12-16 16:32:45.367 [main] INFO  util.DatabaseMigrator - Flyway migration complete. Applied: 0
2025-12-16 16:34:00.455 [main] INFO  org.flywaydb.core.FlywayExecutor - Database: jdbc:sqlite:enrollment.db (SQLite 3.39)
2025-12-16 16:34:00.538 [main] INFO  o.f.core.internal.command.DbValidate - Successfully validated 8 migrations (execution time 00:00.049s)
2025-12-16 16:34:00.551 [main] INFO  o.f.core.internal.command.DbMigrate - Current version of schema "main": 8
2025-12-16 16:34:00.555 [main] INFO  o.f.core.internal.command.DbMigrate - Schema "main" is up to date. No migration necessary.
2025-12-16 16:34:00.562 [main] INFO  util.DatabaseMigrator - Flyway migration complete. Applied: 0
2025-12-16 16:43:53.307 [main] INFO  org.flywaydb.core.FlywayExecutor - Database: jdbc:sqlite:enrollment.db (SQLite 3.39)
2025-12-16 16:43:53.396 [main] INFO  o.f.core.internal.command.DbValidate - Successfully validated 8 migrations (execution time 00:00.053s)
2025-12-16 16:43:53.408 [main] INFO  o.f.core.internal.command.DbMigrate - Current version of schema "main": 8
2025-12-16 16:43:53.411 [main] INFO  o.f.core.internal.command.DbMigrate - Schema "main" is up to date. No migration necessary.
2025-12-16 16:43:53.421 [main] INFO  util.DatabaseMigrator - Flyway migration complete. Applied: 0
2025-12-16 16:45:46.795 [AWT-EventQueue-0] ERROR util.GlobalExceptionHandler - [9b8d8141-30b9-4197-86b2-e649471db534] Uncaught exception in thread AWT-EventQueue-0
java.lang.ClassCastException: class ui.MainFrame cannot be cast to class ui.MobileFrame (ui.MainFrame and ui.MobileFrame are in unnamed module of loader 'app')
	at ui.screens.DocumentsScreen.navigate(DocumentsScreen.java:136)
	at ui.screens.DocumentsScreen.lambda$1(DocumentsScreen.java:79)
	at java.desktop/javax.swing.AbstractButton.fireActionPerformed(AbstractButton.java:1972)
	at java.desktop/javax.swing.AbstractButton$Handler.actionPerformed(AbstractButton.java:2314)
	at java.desktop/javax.swing.DefaultButtonModel.fireActionPerformed(DefaultButtonModel.java:407)
	at java.desktop/javax.swing.DefaultButtonModel.setPressed(DefaultButtonModel.java:262)
	at java.desktop/javax.swing.plaf.basic.BasicButtonListener.mouseReleased(BasicButtonListener.java:279)
	at java.desktop/java.awt.Component.processMouseEvent(Component.java:6621)
	at java.desktop/javax.swing.JComponent.processMouseEvent(JComponent.java:3398)
	at java.desktop/java.awt.Component.processEvent(Component.java:6386)
	at java.desktop/java.awt.Container.processEvent(Container.java:2266)
	at java.desktop/java.awt.Component.dispatchEventImpl(Component.java:4996)
	at java.desktop/java.awt.Container.dispatchEventImpl(Container.java:2324)
	at java.desktop/java.awt.Component.dispatchEvent(Component.java:4828)
	at java.desktop/java.awt.LightweightDispatcher.retargetMouseEvent(Container.java:4948)
	at java.desktop/java.awt.LightweightDispatcher.processMouseEvent(Container.java:4575)
	at java.desktop/java.awt.LightweightDispatcher.dispatchEvent(Container.java:4516)
	at java.desktop/java.awt.Container.dispatchEventImpl(Container.java:2310)
	at java.desktop/java.awt.Window.dispatchEventImpl(Window.java:2780)
	at java.desktop/java.awt.Component.dispatchEvent(Component.java:4828)
	at java.desktop/java.awt.EventQueue.dispatchEventImpl(EventQueue.java:775)
	at java.desktop/java.awt.EventQueue$4.run(EventQueue.java:720)
	at java.desktop/java.awt.EventQueue$4.run(EventQueue.java:714)
	at java.base/java.security.AccessController.doPrivileged(AccessController.java:400)
	at java.base/java.security.ProtectionDomain$JavaSecurityAccessImpl.doIntersectionPrivilege(ProtectionDomain.java:87)
	at java.base/java.security.ProtectionDomain$JavaSecurityAccessImpl.doIntersectionPrivilege(ProtectionDomain.java:98)
	at java.desktop/java.awt.EventQueue$5.run(EventQueue.java:747)
	at java.desktop/java.awt.EventQueue$5.run(EventQueue.java:745)
	at java.base/java.security.AccessController.doPrivileged(AccessController.java:400)
	at java.base/java.security.ProtectionDomain$JavaSecurityAccessImpl.doIntersectionPrivilege(ProtectionDomain.java:87)
	at java.desktop/java.awt.EventQueue.dispatchEvent(EventQueue.java:744)
	at java.desktop/java.awt.EventDispatchThread.pumpOneEventForFilters(EventDispatchThread.java:203)
	at java.desktop/java.awt.EventDispatchThread.pumpEventsForFilter(EventDispatchThread.java:124)
	at java.desktop/java.awt.EventDispatchThread.pumpEventsForHierarchy(EventDispatchThread.java:113)
	at java.desktop/java.awt.EventDispatchThread.pumpEvents(EventDispatchThread.java:109)
	at java.desktop/java.awt.EventDispatchThread.pumpEvents(EventDispatchThread.java:101)
	at java.desktop/java.awt.EventDispatchThread.run(EventDispatchThread.java:90)
2025-12-16 16:48:37.741 [main] INFO  org.flywaydb.core.FlywayExecutor - Database: jdbc:sqlite:enrollment.db (SQLite 3.39)
2025-12-16 16:48:37.833 [main] INFO  o.f.core.internal.command.DbValidate - Successfully validated 8 migrations (execution time 00:00.055s)
2025-12-16 16:48:37.844 [main] INFO  o.f.core.internal.command.DbMigrate - Current version of schema "main": 8
2025-12-16 16:48:37.852 [main] INFO  o.f.core.internal.command.DbMigrate - Schema "main" is up to date. No migration necessary.
2025-12-16 16:48:37.861 [main] INFO  util.DatabaseMigrator - Flyway migration complete. Applied: 0
2025-12-16 16:54:42.599 [main] INFO  org.flywaydb.core.FlywayExecutor - Database: jdbc:sqlite:enrollment.db (SQLite 3.39)
2025-12-16 16:54:42.690 [main] INFO  o.f.core.internal.command.DbValidate - Successfully validated 8 migrations (execution time 00:00.054s)
2025-12-16 16:54:42.699 [main] INFO  o.f.core.internal.command.DbMigrate - Current version of schema "main": 8
2025-12-16 16:54:42.706 [main] INFO  o.f.core.internal.command.DbMigrate - Schema "main" is up to date. No migration necessary.
2025-12-16 16:54:42.709 [main] INFO  util.DatabaseMigrator - Flyway migration complete. Applied: 0
2025-12-16 16:55:46.194 [AWT-EventQueue-0] INFO  service.EnrollmentService - Enrollment completed: student 5 -> block Block A (enrollment #1)
2025-12-16 16:56:58.134 [main] INFO  org.flywaydb.core.FlywayExecutor - Database: jdbc:sqlite:enrollment.db (SQLite 3.39)
2025-12-16 16:56:58.223 [main] INFO  o.f.core.internal.command.DbValidate - Successfully validated 8 migrations (execution time 00:00.053s)
2025-12-16 16:56:58.243 [main] INFO  o.f.core.internal.command.DbMigrate - Current version of schema "main": 8
2025-12-16 16:56:58.244 [main] INFO  o.f.core.internal.command.DbMigrate - Schema "main" is up to date. No migration necessary.
2025-12-16 16:56:58.253 [main] INFO  util.DatabaseMigrator - Flyway migration complete. Applied: 0
2025-12-16 16:59:02.970 [main] INFO  org.flywaydb.core.FlywayExecutor - Database: jdbc:sqlite:enrollment.db (SQLite 3.39)
2025-12-16 16:59:03.026 [main] INFO  o.f.core.internal.command.DbValidate - Successfully validated 8 migrations (execution time 00:00.034s)
2025-12-16 16:59:03.036 [main] INFO  o.f.core.internal.command.DbMigrate - Current version of schema "main": 8
2025-12-16 16:59:03.040 [main] INFO  o.f.core.internal.command.DbMigrate - Schema "main" is up to date. No migration necessary.
2025-12-16 16:59:03.046 [main] INFO  util.DatabaseMigrator - Flyway migration complete. Applied: 0
2025-12-16 17:03:34.393 [main] INFO  org.flywaydb.core.FlywayExecutor - Database: jdbc:sqlite:enrollment.db (SQLite 3.39)
2025-12-16 17:03:34.445 [main] INFO  o.f.core.internal.command.DbValidate - Successfully validated 8 migrations (execution time 00:00.033s)
2025-12-16 17:03:34.456 [main] INFO  o.f.core.internal.command.DbMigrate - Current version of schema "main": 8
2025-12-16 17:03:34.460 [main] INFO  o.f.core.internal.command.DbMigrate - Schema "main" is up to date. No migration necessary.
2025-12-16 17:03:34.465 [main] INFO  util.DatabaseMigrator - Flyway migration complete. Applied: 0
2025-12-16 17:11:17.867 [main] INFO  org.flywaydb.core.FlywayExecutor - Database: jdbc:sqlite:enrollment.db (SQLite 3.39)
2025-12-16 17:11:17.920 [main] INFO  o.f.core.internal.command.DbValidate - Successfully validated 8 migrations (execution time 00:00.031s)
2025-12-16 17:11:17.926 [main] INFO  o.f.core.internal.command.DbMigrate - Current version of schema "main": 8
2025-12-16 17:11:17.931 [main] INFO  o.f.core.internal.command.DbMigrate - Schema "main" is up to date. No migration necessary.
2025-12-16 17:11:17.935 [main] INFO  util.DatabaseMigrator - Flyway migration complete. Applied: 0
2025-12-16 17:12:03.725 [main] INFO  org.flywaydb.core.FlywayExecutor - Database: jdbc:sqlite:enrollment.db (SQLite 3.39)
2025-12-16 17:12:03.777 [main] INFO  o.f.core.internal.command.DbValidate - Successfully validated 8 migrations (execution time 00:00.033s)
2025-12-16 17:12:03.787 [main] INFO  o.f.core.internal.command.DbMigrate - Current version of schema "main": 8
2025-12-16 17:12:03.790 [main] INFO  o.f.core.internal.command.DbMigrate - Schema "main" is up to date. No migration necessary.
2025-12-16 17:12:03.794 [main] INFO  util.DatabaseMigrator - Flyway migration complete. Applied: 0
2025-12-16 17:14:09.721 [main] INFO  org.flywaydb.core.FlywayExecutor - Database: jdbc:sqlite:enrollment.db (SQLite 3.39)
2025-12-16 17:14:09.769 [main] INFO  o.f.core.internal.command.DbValidate - Successfully validated 8 migrations (execution time 00:00.029s)
2025-12-16 17:14:09.776 [main] INFO  o.f.core.internal.command.DbMigrate - Current version of schema "main": 8
2025-12-16 17:14:09.780 [main] INFO  o.f.core.internal.command.DbMigrate - Schema "main" is up to date. No migration necessary.
2025-12-16 17:14:09.784 [main] INFO  util.DatabaseMigrator - Flyway migration complete. Applied: 0
2025-12-16 17:19:22.874 [main] INFO  org.flywaydb.core.FlywayExecutor - Database: jdbc:sqlite:enrollment.db (SQLite 3.39)
2025-12-16 17:19:22.933 [main] INFO  o.f.core.internal.command.DbValidate - Successfully validated 8 migrations (execution time 00:00.037s)
2025-12-16 17:19:22.941 [main] INFO  o.f.core.internal.command.DbMigrate - Current version of schema "main": 8
2025-12-16 17:19:22.946 [main] INFO  o.f.core.internal.command.DbMigrate - Schema "main" is up to date. No migration necessary.
2025-12-16 17:19:22.951 [main] INFO  util.DatabaseMigrator - Flyway migration complete. Applied: 0
2025-12-16 17:21:26.010 [main] INFO  org.flywaydb.core.FlywayExecutor - Database: jdbc:sqlite:enrollment.db (SQLite 3.39)
2025-12-16 17:21:26.066 [main] INFO  o.f.core.internal.command.DbValidate - Successfully validated 8 migrations (execution time 00:00.031s)
2025-12-16 17:21:26.075 [main] INFO  o.f.core.internal.command.DbMigrate - Current version of schema "main": 8
2025-12-16 17:21:26.077 [main] INFO  o.f.core.internal.command.DbMigrate - Schema "main" is up to date. No migration necessary.
2025-12-16 17:21:26.081 [main] INFO  util.DatabaseMigrator - Flyway migration complete. Applied: 0
2025-12-16 17:21:59.404 [main] INFO  org.flywaydb.core.FlywayExecutor - Database: jdbc:sqlite:enrollment.db (SQLite 3.39)
2025-12-16 17:21:59.456 [main] INFO  o.f.core.internal.command.DbValidate - Successfully validated 8 migrations (execution time 00:00.030s)
2025-12-16 17:21:59.465 [main] INFO  o.f.core.internal.command.DbMigrate - Current version of schema "main": 8
2025-12-16 17:21:59.467 [main] INFO  o.f.core.internal.command.DbMigrate - Schema "main" is up to date. No migration necessary.
2025-12-16 17:21:59.471 [main] INFO  util.DatabaseMigrator - Flyway migration complete. Applied: 0
2025-12-16 17:27:41.019 [main] INFO  org.flywaydb.core.FlywayExecutor - Database: jdbc:sqlite:enrollment.db (SQLite 3.39)
2025-12-16 17:27:41.073 [main] INFO  o.f.core.internal.command.DbValidate - Successfully validated 8 migrations (execution time 00:00.032s)
2025-12-16 17:27:41.081 [main] INFO  o.f.core.internal.command.DbMigrate - Current version of schema "main": 8
2025-12-16 17:27:41.083 [main] INFO  o.f.core.internal.command.DbMigrate - Schema "main" is up to date. No migration necessary.
2025-12-16 17:27:41.087 [main] INFO  util.DatabaseMigrator - Flyway migration complete. Applied: 0
2025-12-16 17:31:33.627 [main] INFO  org.flywaydb.core.FlywayExecutor - Database: jdbc:sqlite:enrollment.db (SQLite 3.39)
2025-12-16 17:31:33.679 [main] INFO  o.f.core.internal.command.DbValidate - Successfully validated 8 migrations (execution time 00:00.031s)
2025-12-16 17:31:33.684 [main] INFO  o.f.core.internal.command.DbMigrate - Current version of schema "main": 8
2025-12-16 17:31:33.689 [main] INFO  o.f.core.internal.command.DbMigrate - Schema "main" is up to date. No migration necessary.
2025-12-16 17:31:33.694 [main] INFO  util.DatabaseMigrator - Flyway migration complete. Applied: 0
2025-12-16 17:31:52.950 [AWT-EventQueue-0] ERROR util.GlobalExceptionHandler - [ca7bda9f-0567-4816-bc7d-69ed2466b641] Uncaught exception in thread AWT-EventQueue-0
java.lang.IllegalArgumentException: Invalid salt version
	at org.mindrot.jbcrypt.BCrypt.hashpw(BCrypt.java:659)
	at org.mindrot.jbcrypt.BCrypt.checkpw(BCrypt.java:764)
	at ui.screens.StudentLoginScreen.lambda$0(StudentLoginScreen.java:73)
	at java.desktop/javax.swing.AbstractButton.fireActionPerformed(AbstractButton.java:1972)
	at java.desktop/javax.swing.AbstractButton$Handler.actionPerformed(AbstractButton.java:2314)
	at java.desktop/javax.swing.DefaultButtonModel.fireActionPerformed(DefaultButtonModel.java:407)
	at java.desktop/javax.swing.DefaultButtonModel.setPressed(DefaultButtonModel.java:262)
	at java.desktop/javax.swing.plaf.basic.BasicButtonListener.mouseReleased(BasicButtonListener.java:279)
	at java.desktop/java.awt.AWTEventMulticaster.mouseReleased(AWTEventMulticaster.java:299)
	at java.desktop/java.awt.Component.processMouseEvent(Component.java:6621)
	at java.desktop/javax.swing.JComponent.processMouseEvent(JComponent.java:3398)
	at java.desktop/java.awt.Component.processEvent(Component.java:6386)
	at java.desktop/java.awt.Container.processEvent(Container.java:2266)
	at java.desktop/java.awt.Component.dispatchEventImpl(Component.java:4996)
	at java.desktop/java.awt.Container.dispatchEventImpl(Container.java:2324)
	at java.desktop/java.awt.Component.dispatchEvent(Component.java:4828)
	at java.desktop/java.awt.LightweightDispatcher.retargetMouseEvent(Container.java:4948)
	at java.desktop/java.awt.LightweightDispatcher.processMouseEvent(Container.java:4575)
	at java.desktop/java.awt.LightweightDispatcher.dispatchEvent(Container.java:4516)
	at java.desktop/java.awt.Container.dispatchEventImpl(Container.java:2310)
	at java.desktop/java.awt.Window.dispatchEventImpl(Window.java:2780)
	at java.desktop/java.awt.Component.dispatchEvent(Component.java:4828)
	at java.desktop/java.awt.EventQueue.dispatchEventImpl(EventQueue.java:775)
	at java.desktop/java.awt.EventQueue$4.run(EventQueue.java:720)
	at java.desktop/java.awt.EventQueue$4.run(EventQueue.java:714)
	at java.base/java.security.AccessController.doPrivileged(AccessController.java:400)
	at java.base/java.security.ProtectionDomain$JavaSecurityAccessImpl.doIntersectionPrivilege(ProtectionDomain.java:87)
	at java.base/java.security.ProtectionDomain$JavaSecurityAccessImpl.doIntersectionPrivilege(ProtectionDomain.java:98)
	at java.desktop/java.awt.EventQueue$5.run(EventQueue.java:747)
	at java.desktop/java.awt.EventQueue$5.run(EventQueue.java:745)
	at java.base/java.security.AccessController.doPrivileged(AccessController.java:400)
	at java.base/java.security.ProtectionDomain$JavaSecurityAccessImpl.doIntersectionPrivilege(ProtectionDomain.java:87)
	at java.desktop/java.awt.EventQueue.dispatchEvent(EventQueue.java:744)
	at java.desktop/java.awt.EventDispatchThread.pumpOneEventForFilters(EventDispatchThread.java:203)
	at java.desktop/java.awt.EventDispatchThread.pumpEventsForFilter(EventDispatchThread.java:124)
	at java.desktop/java.awt.EventDispatchThread.pumpEventsForHierarchy(EventDispatchThread.java:113)
	at java.desktop/java.awt.EventDispatchThread.pumpEvents(EventDispatchThread.java:109)
	at java.desktop/java.awt.EventDispatchThread.pumpEvents(EventDispatchThread.java:101)
	at java.desktop/java.awt.EventDispatchThread.run(EventDispatchThread.java:90)
2025-12-16 17:33:52.296 [main] INFO  org.flywaydb.core.FlywayExecutor - Database: jdbc:sqlite:enrollment.db (SQLite 3.39)
2025-12-16 17:33:52.346 [main] INFO  o.f.core.internal.command.DbValidate - Successfully validated 8 migrations (execution time 00:00.029s)
2025-12-16 17:33:52.353 [main] INFO  o.f.core.internal.command.DbMigrate - Current version of schema "main": 8
2025-12-16 17:33:52.358 [main] INFO  o.f.core.internal.command.DbMigrate - Schema "main" is up to date. No migration necessary.
2025-12-16 17:33:52.363 [main] INFO  util.DatabaseMigrator - Flyway migration complete. Applied: 0
2025-12-16 17:42:39.312 [main] INFO  org.flywaydb.core.FlywayExecutor - Database: jdbc:sqlite:enrollment.db (SQLite 3.39)
2025-12-16 17:42:39.371 [main] INFO  o.f.core.internal.command.DbValidate - Successfully validated 8 migrations (execution time 00:00.032s)
2025-12-16 17:42:39.379 [main] INFO  o.f.core.internal.command.DbMigrate - Current version of schema "main": 8
2025-12-16 17:42:39.382 [main] INFO  o.f.core.internal.command.DbMigrate - Schema "main" is up to date. No migration necessary.
2025-12-16 17:42:39.388 [main] INFO  util.DatabaseMigrator - Flyway migration complete. Applied: 0
2025-12-16 17:43:06.398 [AWT-EventQueue-0] ERROR util.GlobalExceptionHandler - [7c30c2a8-0304-4078-b48c-980a494592c1] Uncaught exception in thread AWT-EventQueue-0
java.lang.IllegalArgumentException: Invalid salt version
	at org.mindrot.jbcrypt.BCrypt.hashpw(BCrypt.java:659)
	at org.mindrot.jbcrypt.BCrypt.checkpw(BCrypt.java:764)
	at ui.screens.StudentLoginScreen.lambda$0(StudentLoginScreen.java:73)
	at java.desktop/javax.swing.AbstractButton.fireActionPerformed(AbstractButton.java:1972)
	at java.desktop/javax.swing.AbstractButton$Handler.actionPerformed(AbstractButton.java:2314)
	at java.desktop/javax.swing.DefaultButtonModel.fireActionPerformed(DefaultButtonModel.java:407)
	at java.desktop/javax.swing.DefaultButtonModel.setPressed(DefaultButtonModel.java:262)
	at java.desktop/javax.swing.plaf.basic.BasicButtonListener.mouseReleased(BasicButtonListener.java:279)
	at java.desktop/java.awt.AWTEventMulticaster.mouseReleased(AWTEventMulticaster.java:299)
	at java.desktop/java.awt.Component.processMouseEvent(Component.java:6621)
	at java.desktop/javax.swing.JComponent.processMouseEvent(JComponent.java:3398)
	at java.desktop/java.awt.Component.processEvent(Component.java:6386)
	at java.desktop/java.awt.Container.processEvent(Container.java:2266)
	at java.desktop/java.awt.Component.dispatchEventImpl(Component.java:4996)
	at java.desktop/java.awt.Container.dispatchEventImpl(Container.java:2324)
	at java.desktop/java.awt.Component.dispatchEvent(Component.java:4828)
	at java.desktop/java.awt.LightweightDispatcher.retargetMouseEvent(Container.java:4948)
	at java.desktop/java.awt.LightweightDispatcher.processMouseEvent(Container.java:4575)
	at java.desktop/java.awt.LightweightDispatcher.dispatchEvent(Container.java:4516)
	at java.desktop/java.awt.Container.dispatchEventImpl(Container.java:2310)
	at java.desktop/java.awt.Window.dispatchEventImpl(Window.java:2780)
	at java.desktop/java.awt.Component.dispatchEvent(Component.java:4828)
	at java.desktop/java.awt.EventQueue.dispatchEventImpl(EventQueue.java:775)
	at java.desktop/java.awt.EventQueue$4.run(EventQueue.java:720)
	at java.desktop/java.awt.EventQueue$4.run(EventQueue.java:714)
	at java.base/java.security.AccessController.doPrivileged(AccessController.java:400)
	at java.base/java.security.ProtectionDomain$JavaSecurityAccessImpl.doIntersectionPrivilege(ProtectionDomain.java:87)
	at java.base/java.security.ProtectionDomain$JavaSecurityAccessImpl.doIntersectionPrivilege(ProtectionDomain.java:98)
	at java.desktop/java.awt.EventQueue$5.run(EventQueue.java:747)
	at java.desktop/java.awt.EventQueue$5.run(EventQueue.java:745)
	at java.base/java.security.AccessController.doPrivileged(AccessController.java:400)
	at java.base/java.security.ProtectionDomain$JavaSecurityAccessImpl.doIntersectionPrivilege(ProtectionDomain.java:87)
	at java.desktop/java.awt.EventQueue.dispatchEvent(EventQueue.java:744)
	at java.desktop/java.awt.EventDispatchThread.pumpOneEventForFilters(EventDispatchThread.java:203)
	at java.desktop/java.awt.EventDispatchThread.pumpEventsForFilter(EventDispatchThread.java:124)
	at java.desktop/java.awt.EventDispatchThread.pumpEventsForHierarchy(EventDispatchThread.java:113)
	at java.desktop/java.awt.EventDispatchThread.pumpEvents(EventDispatchThread.java:109)
	at java.desktop/java.awt.EventDispatchThread.pumpEvents(EventDispatchThread.java:101)
	at java.desktop/java.awt.EventDispatchThread.run(EventDispatchThread.java:90)
2025-12-16 17:43:21.131 [AWT-EventQueue-0] ERROR util.GlobalExceptionHandler - [3996bd1a-468b-49f7-af93-a14e18e4a84e] Uncaught exception in thread AWT-EventQueue-0
java.lang.IllegalArgumentException: Invalid salt version
	at org.mindrot.jbcrypt.BCrypt.hashpw(BCrypt.java:659)
	at org.mindrot.jbcrypt.BCrypt.checkpw(BCrypt.java:764)
	at ui.screens.StudentLoginScreen.lambda$0(StudentLoginScreen.java:73)
	at java.desktop/javax.swing.AbstractButton.fireActionPerformed(AbstractButton.java:1972)
	at java.desktop/javax.swing.AbstractButton$Handler.actionPerformed(AbstractButton.java:2314)
	at java.desktop/javax.swing.DefaultButtonModel.fireActionPerformed(DefaultButtonModel.java:407)
	at java.desktop/javax.swing.DefaultButtonModel.setPressed(DefaultButtonModel.java:262)
	at java.desktop/javax.swing.plaf.basic.BasicButtonListener.mouseReleased(BasicButtonListener.java:279)
	at java.desktop/java.awt.AWTEventMulticaster.mouseReleased(AWTEventMulticaster.java:299)
	at java.desktop/java.awt.Component.processMouseEvent(Component.java:6621)
	at java.desktop/javax.swing.JComponent.processMouseEvent(JComponent.java:3398)
	at java.desktop/java.awt.Component.processEvent(Component.java:6386)
	at java.desktop/java.awt.Container.processEvent(Container.java:2266)
	at java.desktop/java.awt.Component.dispatchEventImpl(Component.java:4996)
	at java.desktop/java.awt.Container.dispatchEventImpl(Container.java:2324)
	at java.desktop/java.awt.Component.dispatchEvent(Component.java:4828)
	at java.desktop/java.awt.LightweightDispatcher.retargetMouseEvent(Container.java:4948)
	at java.desktop/java.awt.LightweightDispatcher.processMouseEvent(Container.java:4575)
	at java.desktop/java.awt.LightweightDispatcher.dispatchEvent(Container.java:4516)
	at java.desktop/java.awt.Container.dispatchEventImpl(Container.java:2310)
	at java.desktop/java.awt.Window.dispatchEventImpl(Window.java:2780)
	at java.desktop/java.awt.Component.dispatchEvent(Component.java:4828)
	at java.desktop/java.awt.EventQueue.dispatchEventImpl(EventQueue.java:775)
	at java.desktop/java.awt.EventQueue$4.run(EventQueue.java:720)
	at java.desktop/java.awt.EventQueue$4.run(EventQueue.java:714)
	at java.base/java.security.AccessController.doPrivileged(AccessController.java:400)
	at java.base/java.security.ProtectionDomain$JavaSecurityAccessImpl.doIntersectionPrivilege(ProtectionDomain.java:87)
	at java.base/java.security.ProtectionDomain$JavaSecurityAccessImpl.doIntersectionPrivilege(ProtectionDomain.java:98)
	at java.desktop/java.awt.EventQueue$5.run(EventQueue.java:747)
	at java.desktop/java.awt.EventQueue$5.run(EventQueue.java:745)
	at java.base/java.security.AccessController.doPrivileged(AccessController.java:400)
	at java.base/java.security.ProtectionDomain$JavaSecurityAccessImpl.doIntersectionPrivilege(ProtectionDomain.java:87)
	at java.desktop/java.awt.EventQueue.dispatchEvent(EventQueue.java:744)
	at java.desktop/java.awt.EventDispatchThread.pumpOneEventForFilters(EventDispatchThread.java:203)
	at java.desktop/java.awt.EventDispatchThread.pumpEventsForFilter(EventDispatchThread.java:124)
	at java.desktop/java.awt.EventDispatchThread.pumpEventsForHierarchy(EventDispatchThread.java:113)
	at java.desktop/java.awt.EventDispatchThread.pumpEvents(EventDispatchThread.java:109)
	at java.desktop/java.awt.EventDispatchThread.pumpEvents(EventDispatchThread.java:101)
	at java.desktop/java.awt.EventDispatchThread.run(EventDispatchThread.java:90)
2025-12-16 17:45:41.950 [main] INFO  org.flywaydb.core.FlywayExecutor - Database: jdbc:sqlite:enrollment.db (SQLite 3.39)
2025-12-16 17:45:42.004 [main] INFO  o.f.core.internal.command.DbValidate - Successfully validated 8 migrations (execution time 00:00.031s)
2025-12-16 17:45:42.014 [main] INFO  o.f.core.internal.command.DbMigrate - Current version of schema "main": 8
2025-12-16 17:45:42.017 [main] INFO  o.f.core.internal.command.DbMigrate - Schema "main" is up to date. No migration necessary.
2025-12-16 17:45:42.020 [main] INFO  util.DatabaseMigrator - Flyway migration complete. Applied: 0
2025-12-16 17:46:01.913 [AWT-EventQueue-0] ERROR util.GlobalExceptionHandler - [aafb4726-7cc9-4b7e-9de6-7383ed6440dc] Uncaught exception in thread AWT-EventQueue-0
java.lang.IllegalArgumentException: Invalid salt version
	at org.mindrot.jbcrypt.BCrypt.hashpw(BCrypt.java:659)
	at org.mindrot.jbcrypt.BCrypt.checkpw(BCrypt.java:764)
	at ui.screens.StudentLoginScreen.lambda$0(StudentLoginScreen.java:73)
	at java.desktop/javax.swing.AbstractButton.fireActionPerformed(AbstractButton.java:1972)
	at java.desktop/javax.swing.AbstractButton$Handler.actionPerformed(AbstractButton.java:2314)
	at java.desktop/javax.swing.DefaultButtonModel.fireActionPerformed(DefaultButtonModel.java:407)
	at java.desktop/javax.swing.DefaultButtonModel.setPressed(DefaultButtonModel.java:262)
	at java.desktop/javax.swing.plaf.basic.BasicButtonListener.mouseReleased(BasicButtonListener.java:279)
	at java.desktop/java.awt.AWTEventMulticaster.mouseReleased(AWTEventMulticaster.java:299)
	at java.desktop/java.awt.Component.processMouseEvent(Component.java:6621)
	at java.desktop/javax.swing.JComponent.processMouseEvent(JComponent.java:3398)
	at java.desktop/java.awt.Component.processEvent(Component.java:6386)
	at java.desktop/java.awt.Container.processEvent(Container.java:2266)
	at java.desktop/java.awt.Component.dispatchEventImpl(Component.java:4996)
	at java.desktop/java.awt.Container.dispatchEventImpl(Container.java:2324)
	at java.desktop/java.awt.Component.dispatchEvent(Component.java:4828)
	at java.desktop/java.awt.LightweightDispatcher.retargetMouseEvent(Container.java:4948)
	at java.desktop/java.awt.LightweightDispatcher.processMouseEvent(Container.java:4575)
	at java.desktop/java.awt.LightweightDispatcher.dispatchEvent(Container.java:4516)
	at java.desktop/java.awt.Container.dispatchEventImpl(Container.java:2310)
	at java.desktop/java.awt.Window.dispatchEventImpl(Window.java:2780)
	at java.desktop/java.awt.Component.dispatchEvent(Component.java:4828)
	at java.desktop/java.awt.EventQueue.dispatchEventImpl(EventQueue.java:775)
	at java.desktop/java.awt.EventQueue$4.run(EventQueue.java:720)
	at java.desktop/java.awt.EventQueue$4.run(EventQueue.java:714)
	at java.base/java.security.AccessController.doPrivileged(AccessController.java:400)
	at java.base/java.security.ProtectionDomain$JavaSecurityAccessImpl.doIntersectionPrivilege(ProtectionDomain.java:87)
	at java.base/java.security.ProtectionDomain$JavaSecurityAccessImpl.doIntersectionPrivilege(ProtectionDomain.java:98)
	at java.desktop/java.awt.EventQueue$5.run(EventQueue.java:747)
	at java.desktop/java.awt.EventQueue$5.run(EventQueue.java:745)
	at java.base/java.security.AccessController.doPrivileged(AccessController.java:400)
	at java.base/java.security.ProtectionDomain$JavaSecurityAccessImpl.doIntersectionPrivilege(ProtectionDomain.java:87)
	at java.desktop/java.awt.EventQueue.dispatchEvent(EventQueue.java:744)
	at java.desktop/java.awt.EventDispatchThread.pumpOneEventForFilters(EventDispatchThread.java:203)
	at java.desktop/java.awt.EventDispatchThread.pumpEventsForFilter(EventDispatchThread.java:124)
	at java.desktop/java.awt.EventDispatchThread.pumpEventsForHierarchy(EventDispatchThread.java:113)
	at java.desktop/java.awt.EventDispatchThread.pumpEvents(EventDispatchThread.java:109)
	at java.desktop/java.awt.EventDispatchThread.pumpEvents(EventDispatchThread.java:101)
	at java.desktop/java.awt.EventDispatchThread.run(EventDispatchThread.java:90)
2025-12-16 17:47:00.641 [main] INFO  org.flywaydb.core.FlywayExecutor - Database: jdbc:sqlite:enrollment.db (SQLite 3.39)
2025-12-16 17:47:00.694 [main] INFO  o.f.core.internal.command.DbValidate - Successfully validated 8 migrations (execution time 00:00.033s)
2025-12-16 17:47:00.702 [main] INFO  o.f.core.internal.command.DbMigrate - Current version of schema "main": 8
2025-12-16 17:47:00.705 [main] INFO  o.f.core.internal.command.DbMigrate - Schema "main" is up to date. No migration necessary.
2025-12-16 17:47:00.708 [main] INFO  util.DatabaseMigrator - Flyway migration complete. Applied: 0
2025-12-16 17:47:28.929 [AWT-EventQueue-0] ERROR util.GlobalExceptionHandler - [5c24cbda-ef1f-4b37-8d7e-0d5adc6510cb] Uncaught exception in thread AWT-EventQueue-0
java.lang.IllegalArgumentException: Invalid salt version
	at org.mindrot.jbcrypt.BCrypt.hashpw(BCrypt.java:659)
	at org.mindrot.jbcrypt.BCrypt.checkpw(BCrypt.java:764)
	at ui.screens.StudentLoginScreen.lambda$0(StudentLoginScreen.java:73)
	at java.desktop/javax.swing.AbstractButton.fireActionPerformed(AbstractButton.java:1972)
	at java.desktop/javax.swing.AbstractButton$Handler.actionPerformed(AbstractButton.java:2314)
	at java.desktop/javax.swing.DefaultButtonModel.fireActionPerformed(DefaultButtonModel.java:407)
	at java.desktop/javax.swing.DefaultButtonModel.setPressed(DefaultButtonModel.java:262)
	at java.desktop/javax.swing.plaf.basic.BasicButtonListener.mouseReleased(BasicButtonListener.java:279)
	at java.desktop/java.awt.AWTEventMulticaster.mouseReleased(AWTEventMulticaster.java:299)
	at java.desktop/java.awt.Component.processMouseEvent(Component.java:6621)
	at java.desktop/javax.swing.JComponent.processMouseEvent(JComponent.java:3398)
	at java.desktop/java.awt.Component.processEvent(Component.java:6386)
	at java.desktop/java.awt.Container.processEvent(Container.java:2266)
	at java.desktop/java.awt.Component.dispatchEventImpl(Component.java:4996)
	at java.desktop/java.awt.Container.dispatchEventImpl(Container.java:2324)
	at java.desktop/java.awt.Component.dispatchEvent(Component.java:4828)
	at java.desktop/java.awt.LightweightDispatcher.retargetMouseEvent(Container.java:4948)
	at java.desktop/java.awt.LightweightDispatcher.processMouseEvent(Container.java:4575)
	at java.desktop/java.awt.LightweightDispatcher.dispatchEvent(Container.java:4516)
	at java.desktop/java.awt.Container.dispatchEventImpl(Container.java:2310)
	at java.desktop/java.awt.Window.dispatchEventImpl(Window.java:2780)
	at java.desktop/java.awt.Component.dispatchEvent(Component.java:4828)
	at java.desktop/java.awt.EventQueue.dispatchEventImpl(EventQueue.java:775)
	at java.desktop/java.awt.EventQueue$4.run(EventQueue.java:720)
	at java.desktop/java.awt.EventQueue$4.run(EventQueue.java:714)
	at java.base/java.security.AccessController.doPrivileged(AccessController.java:400)
	at java.base/java.security.ProtectionDomain$JavaSecurityAccessImpl.doIntersectionPrivilege(ProtectionDomain.java:87)
	at java.base/java.security.ProtectionDomain$JavaSecurityAccessImpl.doIntersectionPrivilege(ProtectionDomain.java:98)
	at java.desktop/java.awt.EventQueue$5.run(EventQueue.java:747)
	at java.desktop/java.awt.EventQueue$5.run(EventQueue.java:745)
	at java.base/java.security.AccessController.doPrivileged(AccessController.java:400)
	at java.base/java.security.ProtectionDomain$JavaSecurityAccessImpl.doIntersectionPrivilege(ProtectionDomain.java:87)
	at java.desktop/java.awt.EventQueue.dispatchEvent(EventQueue.java:744)
	at java.desktop/java.awt.EventDispatchThread.pumpOneEventForFilters(EventDispatchThread.java:203)
	at java.desktop/java.awt.EventDispatchThread.pumpEventsForFilter(EventDispatchThread.java:124)
	at java.desktop/java.awt.EventDispatchThread.pumpEventsForHierarchy(EventDispatchThread.java:113)
	at java.desktop/java.awt.EventDispatchThread.pumpEvents(EventDispatchThread.java:109)
	at java.desktop/java.awt.EventDispatchThread.pumpEvents(EventDispatchThread.java:101)
	at java.desktop/java.awt.EventDispatchThread.run(EventDispatchThread.java:90)
2025-12-16 17:48:20.496 [main] INFO  org.flywaydb.core.FlywayExecutor - Database: jdbc:sqlite:enrollment.db (SQLite 3.39)
2025-12-16 17:48:20.551 [main] INFO  o.f.core.internal.command.DbValidate - Successfully validated 8 migrations (execution time 00:00.033s)
2025-12-16 17:48:20.562 [main] INFO  o.f.core.internal.command.DbMigrate - Current version of schema "main": 8
2025-12-16 17:48:20.565 [main] INFO  o.f.core.internal.command.DbMigrate - Schema "main" is up to date. No migration necessary.
2025-12-16 17:48:20.570 [main] INFO  util.DatabaseMigrator - Flyway migration complete. Applied: 0
2025-12-16 17:48:42.539 [AWT-EventQueue-0] ERROR util.GlobalExceptionHandler - [8b902529-92b7-47eb-913f-6c2d6e278f53] Uncaught exception in thread AWT-EventQueue-0
java.lang.IllegalArgumentException: Invalid salt version
	at org.mindrot.jbcrypt.BCrypt.hashpw(BCrypt.java:659)
	at org.mindrot.jbcrypt.BCrypt.checkpw(BCrypt.java:764)
	at ui.screens.StudentLoginScreen.lambda$0(StudentLoginScreen.java:73)
	at java.desktop/javax.swing.AbstractButton.fireActionPerformed(AbstractButton.java:1972)
	at java.desktop/javax.swing.AbstractButton$Handler.actionPerformed(AbstractButton.java:2314)
	at java.desktop/javax.swing.DefaultButtonModel.fireActionPerformed(DefaultButtonModel.java:407)
	at java.desktop/javax.swing.DefaultButtonModel.setPressed(DefaultButtonModel.java:262)
	at java.desktop/javax.swing.plaf.basic.BasicButtonListener.mouseReleased(BasicButtonListener.java:279)
	at java.desktop/java.awt.AWTEventMulticaster.mouseReleased(AWTEventMulticaster.java:299)
	at java.desktop/java.awt.Component.processMouseEvent(Component.java:6621)
	at java.desktop/javax.swing.JComponent.processMouseEvent(JComponent.java:3398)
	at java.desktop/java.awt.Component.processEvent(Component.java:6386)
	at java.desktop/java.awt.Container.processEvent(Container.java:2266)
	at java.desktop/java.awt.Component.dispatchEventImpl(Component.java:4996)
	at java.desktop/java.awt.Container.dispatchEventImpl(Container.java:2324)
	at java.desktop/java.awt.Component.dispatchEvent(Component.java:4828)
	at java.desktop/java.awt.LightweightDispatcher.retargetMouseEvent(Container.java:4948)
	at java.desktop/java.awt.LightweightDispatcher.processMouseEvent(Container.java:4575)
	at java.desktop/java.awt.LightweightDispatcher.dispatchEvent(Container.java:4516)
	at java.desktop/java.awt.Container.dispatchEventImpl(Container.java:2310)
	at java.desktop/java.awt.Window.dispatchEventImpl(Window.java:2780)
	at java.desktop/java.awt.Component.dispatchEvent(Component.java:4828)
	at java.desktop/java.awt.EventQueue.dispatchEventImpl(EventQueue.java:775)
	at java.desktop/java.awt.EventQueue$4.run(EventQueue.java:720)
	at java.desktop/java.awt.EventQueue$4.run(EventQueue.java:714)
	at java.base/java.security.AccessController.doPrivileged(AccessController.java:400)
	at java.base/java.security.ProtectionDomain$JavaSecurityAccessImpl.doIntersectionPrivilege(ProtectionDomain.java:87)
	at java.base/java.security.ProtectionDomain$JavaSecurityAccessImpl.doIntersectionPrivilege(ProtectionDomain.java:98)
	at java.desktop/java.awt.EventQueue$5.run(EventQueue.java:747)
	at java.desktop/java.awt.EventQueue$5.run(EventQueue.java:745)
	at java.base/java.security.AccessController.doPrivileged(AccessController.java:400)
	at java.base/java.security.ProtectionDomain$JavaSecurityAccessImpl.doIntersectionPrivilege(ProtectionDomain.java:87)
	at java.desktop/java.awt.EventQueue.dispatchEvent(EventQueue.java:744)
	at java.desktop/java.awt.EventDispatchThread.pumpOneEventForFilters(EventDispatchThread.java:203)
	at java.desktop/java.awt.EventDispatchThread.pumpEventsForFilter(EventDispatchThread.java:124)
	at java.desktop/java.awt.EventDispatchThread.pumpEventsForHierarchy(EventDispatchThread.java:113)
	at java.desktop/java.awt.EventDispatchThread.pumpEvents(EventDispatchThread.java:109)
	at java.desktop/java.awt.EventDispatchThread.pumpEvents(EventDispatchThread.java:101)
	at java.desktop/java.awt.EventDispatchThread.run(EventDispatchThread.java:90)
2025-12-16 17:51:56.152 [main] INFO  org.flywaydb.core.FlywayExecutor - Database: jdbc:sqlite:enrollment.db (SQLite 3.39)
2025-12-16 17:51:56.203 [main] INFO  o.f.core.internal.command.DbValidate - Successfully validated 8 migrations (execution time 00:00.032s)
2025-12-16 17:51:56.212 [main] INFO  o.f.core.internal.command.DbMigrate - Current version of schema "main": 8
2025-12-16 17:51:56.215 [main] INFO  o.f.core.internal.command.DbMigrate - Schema "main" is up to date. No migration necessary.
2025-12-16 17:51:56.219 [main] INFO  util.DatabaseMigrator - Flyway migration complete. Applied: 0
2025-12-16 18:01:00.474 [main] INFO  org.flywaydb.core.FlywayExecutor - Database: jdbc:sqlite:enrollment.db (SQLite 3.39)
2025-12-16 18:01:00.529 [main] INFO  o.f.core.internal.command.DbValidate - Successfully validated 8 migrations (execution time 00:00.031s)
2025-12-16 18:01:00.537 [main] INFO  o.f.core.internal.command.DbMigrate - Current version of schema "main": 8
2025-12-16 18:01:00.539 [main] INFO  o.f.core.internal.command.DbMigrate - Schema "main" is up to date. No migration necessary.
2025-12-16 18:01:00.542 [main] INFO  util.DatabaseMigrator - Flyway migration complete. Applied: 0
2025-12-16 18:02:46.500 [main] INFO  org.flywaydb.core.FlywayExecutor - Database: jdbc:sqlite:enrollment.db (SQLite 3.39)
2025-12-16 18:02:46.560 [main] INFO  o.f.core.internal.command.DbValidate - Successfully validated 8 migrations (execution time 00:00.035s)
2025-12-16 18:02:46.572 [main] INFO  o.f.core.internal.command.DbMigrate - Current version of schema "main": 8
2025-12-16 18:02:46.578 [main] INFO  o.f.core.internal.command.DbMigrate - Schema "main" is up to date. No migration necessary.
2025-12-16 18:02:46.581 [main] INFO  util.DatabaseMigrator - Flyway migration complete. Applied: 0
2025-12-16 18:03:18.321 [AWT-EventQueue-0] INFO  service.EnrollmentService - Enrollment completed: student 6 -> block Block A (enrollment #2)
2025-12-16 18:17:01.497 [main] INFO  org.flywaydb.core.FlywayExecutor - Database: jdbc:sqlite:enrollment.db (SQLite 3.39)
2025-12-16 18:17:01.548 [main] INFO  o.f.core.internal.command.DbValidate - Successfully validated 8 migrations (execution time 00:00.031s)
2025-12-16 18:17:01.554 [main] INFO  o.f.core.internal.command.DbMigrate - Current version of schema "main": 8
2025-12-16 18:17:01.558 [main] INFO  o.f.core.internal.command.DbMigrate - Schema "main" is up to date. No migration necessary.
2025-12-16 18:17:01.561 [main] INFO  util.DatabaseMigrator - Flyway migration complete. Applied: 0
2025-12-16 18:24:04.372 [main] INFO  org.flywaydb.core.FlywayExecutor - Database: jdbc:sqlite:enrollment.db (SQLite 3.39)
2025-12-16 18:24:04.411 [main] INFO  o.f.c.i.s.JdbcTableSchemaHistory - Schema history table "main"."flyway_schema_history" does not exist yet
2025-12-16 18:24:04.415 [main] INFO  o.f.core.internal.command.DbValidate - Successfully validated 8 migrations (execution time 00:00.022s)
2025-12-16 18:24:04.421 [main] INFO  o.f.c.i.s.JdbcTableSchemaHistory - Creating Schema History table "main"."flyway_schema_history" ...
2025-12-16 18:24:04.463 [main] INFO  o.f.core.internal.command.DbMigrate - Current version of schema "main": << Empty Schema >>
2025-12-16 18:24:04.472 [main] INFO  o.f.core.internal.command.DbMigrate - Migrating schema "main" to version "1 - init students"
2025-12-16 18:24:04.496 [main] INFO  o.f.core.internal.command.DbMigrate - Migrating schema "main" to version "2 - init payments"
2025-12-16 18:24:04.512 [main] INFO  o.f.core.internal.command.DbMigrate - Migrating schema "main" to version "3 - messages and seed courses"
2025-12-16 18:24:04.521 [main] INFO  o.f.core.internal.command.DbMigrate - Migrating schema "main" to version "4 - student lookup indexes"
2025-12-16 18:24:04.535 [main] INFO  o.f.core.internal.command.DbMigrate - Migrating schema "main" to version "5 - create academic structure"
2025-12-16 18:24:04.553 [main] INFO  o.f.core.internal.command.DbMigrate - Migrating schema "main" to version "6 - seed demo data"
2025-12-16 18:24:04.565 [main] INFO  o.f.core.internal.command.DbMigrate - Migrating schema "main" to version "7 - create enrollments"
2025-12-16 18:24:04.577 [main] INFO  o.f.core.internal.command.DbMigrate - Migrating schema "main" to version "8 - create payments"
2025-12-16 18:24:04.591 [main] INFO  o.f.core.internal.command.DbMigrate - Successfully applied 8 migrations to schema "main", now at version v8 (execution time 00:00.024s)
2025-12-16 18:24:04.598 [main] INFO  util.DatabaseMigrator - Flyway migration complete. Applied: 8
2025-12-16 18:25:30.894 [AWT-EventQueue-0] INFO  service.EnrollmentService - Enrollment completed: student 1 -> block Block A (enrollment #1)
2025-12-16 18:27:09.509 [main] INFO  org.flywaydb.core.FlywayExecutor - Database: jdbc:sqlite:enrollment.db (SQLite 3.39)
2025-12-16 18:27:09.571 [main] INFO  o.f.core.internal.command.DbValidate - Successfully validated 8 migrations (execution time 00:00.037s)
2025-12-16 18:27:09.579 [main] INFO  o.f.core.internal.command.DbMigrate - Current version of schema "main": 8
2025-12-16 18:27:09.582 [main] INFO  o.f.core.internal.command.DbMigrate - Schema "main" is up to date. No migration necessary.
2025-12-16 18:27:09.587 [main] INFO  util.DatabaseMigrator - Flyway migration complete. Applied: 0
2025-12-16 18:40:58.900 [main] INFO  org.flywaydb.core.FlywayExecutor - Database: jdbc:sqlite:enrollment.db (SQLite 3.39)
2025-12-16 18:40:58.958 [main] ERROR util.GlobalExceptionHandler - [90f1b0e0-03f0-468e-9b57-c4c13f18b87a] Uncaught exception in thread main
org.flywaydb.core.api.exception.FlywayValidateException: Validate failed: Migrations have failed validation
Migration checksum mismatch for migration version 6
-> Applied to database : -1618771919
-> Resolved locally    : -977668640
Either revert the changes to the migration, or run repair to update the schema history.
Need more flexibility with validation rules? Learn more: https://rd.gt/3AbJUZE
	at org.flywaydb.core.Flyway.lambda$migrate$0(Flyway.java:177)
	at org.flywaydb.core.FlywayExecutor.execute(FlywayExecutor.java:210)
	at org.flywaydb.core.Flyway.migrate(Flyway.java:164)
	at util.DatabaseMigrator.runMigrations(DatabaseMigrator.java:26)
	at Main.main(Main.java:24)
2025-12-16 18:41:21.179 [main] INFO  org.flywaydb.core.FlywayExecutor - Database: jdbc:sqlite:enrollment.db (SQLite 3.39)
2025-12-16 18:41:21.217 [main] INFO  o.f.c.i.s.JdbcTableSchemaHistory - Schema history table "main"."flyway_schema_history" does not exist yet
2025-12-16 18:41:21.217 [main] INFO  o.f.core.internal.command.DbValidate - Successfully validated 8 migrations (execution time 00:00.020s)
2025-12-16 18:41:21.225 [main] INFO  o.f.c.i.s.JdbcTableSchemaHistory - Creating Schema History table "main"."flyway_schema_history" ...
2025-12-16 18:41:21.266 [main] INFO  o.f.core.internal.command.DbMigrate - Current version of schema "main": << Empty Schema >>
2025-12-16 18:41:21.275 [main] INFO  o.f.core.internal.command.DbMigrate - Migrating schema "main" to version "1 - init students"
2025-12-16 18:41:21.303 [main] INFO  o.f.core.internal.command.DbMigrate - Migrating schema "main" to version "2 - init payments"
2025-12-16 18:41:21.321 [main] INFO  o.f.core.internal.command.DbMigrate - Migrating schema "main" to version "3 - messages and seed courses"
2025-12-16 18:41:21.337 [main] INFO  o.f.core.internal.command.DbMigrate - Migrating schema "main" to version "4 - student lookup indexes"
2025-12-16 18:41:21.358 [main] INFO  o.f.core.internal.command.DbMigrate - Migrating schema "main" to version "5 - create academic structure"
2025-12-16 18:41:21.377 [main] INFO  o.f.core.internal.command.DbMigrate - Migrating schema "main" to version "6 - seed demo data"
2025-12-16 18:41:21.391 [main] ERROR o.f.core.internal.command.DbMigrate - Migration of schema "main" to version "6 - seed demo data" failed! Changes successfully rolled back.
2025-12-16 18:41:21.395 [main] ERROR util.GlobalExceptionHandler - [38964551-8515-4e9d-9781-f0199b3776db] Uncaught exception in thread main
org.flywaydb.core.internal.command.DbMigrate$FlywayMigrateException: Script V6__seed_demo_data.sql failed
------------------------------------
SQL State  : null
Error Code : 1
Message    : [SQLITE_ERROR] SQL error or missing database (table students has no column named gender)
Location   : db/migration/V6__seed_demo_data.sql (C:\Users\Asus\OneDrive\Documents\Java college vibe code\enrollmentSystem\target\classes\db\migration\V6__seed_demo_data.sql)
Line       : 32
Statement  : Run Flyway with -X option to see the actual statement causing the problem

	at org.flywaydb.core.internal.command.DbMigrate.doMigrateGroup(DbMigrate.java:392)
	at org.flywaydb.core.internal.command.DbMigrate.lambda$applyMigrations$1(DbMigrate.java:280)
	at org.flywaydb.core.internal.jdbc.TransactionalExecutionTemplate.execute(TransactionalExecutionTemplate.java:59)
	at org.flywaydb.core.internal.command.DbMigrate.applyMigrations(DbMigrate.java:279)
	at org.flywaydb.core.internal.command.DbMigrate.migrateGroup(DbMigrate.java:252)
	at org.flywaydb.core.internal.command.DbMigrate.lambda$migrateAll$0(DbMigrate.java:146)
	at org.flywaydb.core.internal.jdbc.TableLockingExecutionTemplate$1.call(TableLockingExecutionTemplate.java:40)
	at org.flywaydb.core.internal.jdbc.TransactionalExecutionTemplate.execute(TransactionalExecutionTemplate.java:59)
	at org.flywaydb.core.internal.jdbc.TableLockingExecutionTemplate.execute(TableLockingExecutionTemplate.java:35)
	at org.flywaydb.core.internal.database.base.Connection.lock(Connection.java:106)
	at org.flywaydb.core.internal.schemahistory.JdbcTableSchemaHistory.lock(JdbcTableSchemaHistory.java:149)
	at org.flywaydb.core.internal.command.DbMigrate.migrateAll(DbMigrate.java:146)
	at org.flywaydb.core.internal.command.DbMigrate.migrate(DbMigrate.java:104)
	at org.flywaydb.core.Flyway.lambda$migrate$0(Flyway.java:222)
	at org.flywaydb.core.FlywayExecutor.execute(FlywayExecutor.java:210)
	at org.flywaydb.core.Flyway.migrate(Flyway.java:164)
	at util.DatabaseMigrator.runMigrations(DatabaseMigrator.java:26)
	at Main.main(Main.java:24)
Caused by: org.flywaydb.core.internal.sqlscript.FlywaySqlScriptException: Script V6__seed_demo_data.sql failed
------------------------------------
SQL State  : null
Error Code : 1
Message    : [SQLITE_ERROR] SQL error or missing database (table students has no column named gender)
Location   : db/migration/V6__seed_demo_data.sql (C:\Users\Asus\OneDrive\Documents\Java college vibe code\enrollmentSystem\target\classes\db\migration\V6__seed_demo_data.sql)
Line       : 32
Statement  : Run Flyway with -X option to see the actual statement causing the problem

	at org.flywaydb.core.internal.sqlscript.DefaultSqlScriptExecutor.handleException(DefaultSqlScriptExecutor.java:252)
	at org.flywaydb.core.internal.sqlscript.DefaultSqlScriptExecutor.executeStatement(DefaultSqlScriptExecutor.java:214)
	at org.flywaydb.core.internal.sqlscript.DefaultSqlScriptExecutor.execute(DefaultSqlScriptExecutor.java:136)
	at org.flywaydb.core.internal.resolver.sql.SqlMigrationExecutor.executeOnce(SqlMigrationExecutor.java:69)
	at org.flywaydb.core.internal.resolver.sql.SqlMigrationExecutor.lambda$execute$0(SqlMigrationExecutor.java:61)
	at org.flywaydb.core.internal.database.DefaultExecutionStrategy.execute(DefaultExecutionStrategy.java:31)
	at org.flywaydb.core.internal.resolver.sql.SqlMigrationExecutor.execute(SqlMigrationExecutor.java:60)
	at org.flywaydb.core.internal.command.DbMigrate.doMigrateGroup(DbMigrate.java:384)
	... 17 common frames omitted
Caused by: org.sqlite.SQLiteException: [SQLITE_ERROR] SQL error or missing database (table students has no column named gender)
	at org.sqlite.core.DB.newSQLException(DB.java:1135)
	at org.sqlite.core.DB.newSQLException(DB.java:1146)
	at org.sqlite.core.DB.throwex(DB.java:1106)
	at org.sqlite.core.NativeDB.prepare_utf8(Native Method)
	at org.sqlite.core.NativeDB.prepare(NativeDB.java:122)
	at org.sqlite.core.DB.prepare(DB.java:264)
	at org.sqlite.jdbc3.JDBC3Statement.lambda$execute$0(JDBC3Statement.java:48)
	at org.sqlite.jdbc3.JDBC3Statement.withConnectionTimeout(JDBC3Statement.java:429)
	at org.sqlite.jdbc3.JDBC3Statement.execute(JDBC3Statement.java:37)
	at org.flywaydb.core.internal.jdbc.JdbcTemplate.executeStatement(JdbcTemplate.java:210)
	at org.flywaydb.core.internal.sqlscript.ParsedSqlStatement.execute(ParsedSqlStatement.java:88)
	at org.flywaydb.core.internal.sqlscript.DefaultSqlScriptExecutor.executeStatement(DefaultSqlScriptExecutor.java:209)
	... 23 common frames omitted
2025-12-16 18:46:02.528 [main] INFO  org.flywaydb.core.FlywayExecutor - Database: jdbc:sqlite:enrollment.db (SQLite 3.39)
2025-12-16 18:46:02.578 [main] INFO  o.f.core.internal.command.DbValidate - Successfully validated 8 migrations (execution time 00:00.030s)
2025-12-16 18:46:02.586 [main] INFO  o.f.core.internal.command.DbMigrate - Current version of schema "main": 5
2025-12-16 18:46:02.605 [main] INFO  o.f.core.internal.command.DbMigrate - Migrating schema "main" to version "6 - seed demo data"
2025-12-16 18:46:02.630 [main] ERROR o.f.core.internal.command.DbMigrate - Migration of schema "main" to version "6 - seed demo data" failed! Changes successfully rolled back.
2025-12-16 18:46:02.634 [main] ERROR util.GlobalExceptionHandler - [299ddcfa-37e8-4d79-bf8d-b0b5e71ad75c] Uncaught exception in thread main
org.flywaydb.core.internal.command.DbMigrate$FlywayMigrateException: Script V6__seed_demo_data.sql failed
------------------------------------
SQL State  : null
Error Code : 1
Message    : [SQLITE_ERROR] SQL error or missing database (table students has no column named gender)
Location   : db/migration/V6__seed_demo_data.sql (C:\Users\Asus\OneDrive\Documents\Java college vibe code\enrollmentSystem\target\classes\db\migration\V6__seed_demo_data.sql)
Line       : 32
Statement  : Run Flyway with -X option to see the actual statement causing the problem

	at org.flywaydb.core.internal.command.DbMigrate.doMigrateGroup(DbMigrate.java:392)
	at org.flywaydb.core.internal.command.DbMigrate.lambda$applyMigrations$1(DbMigrate.java:280)
	at org.flywaydb.core.internal.jdbc.TransactionalExecutionTemplate.execute(TransactionalExecutionTemplate.java:59)
	at org.flywaydb.core.internal.command.DbMigrate.applyMigrations(DbMigrate.java:279)
	at org.flywaydb.core.internal.command.DbMigrate.migrateGroup(DbMigrate.java:252)
	at org.flywaydb.core.internal.command.DbMigrate.lambda$migrateAll$0(DbMigrate.java:146)
	at org.flywaydb.core.internal.jdbc.TableLockingExecutionTemplate$1.call(TableLockingExecutionTemplate.java:40)
	at org.flywaydb.core.internal.jdbc.TransactionalExecutionTemplate.execute(TransactionalExecutionTemplate.java:59)
	at org.flywaydb.core.internal.jdbc.TableLockingExecutionTemplate.execute(TableLockingExecutionTemplate.java:35)
	at org.flywaydb.core.internal.database.base.Connection.lock(Connection.java:106)
	at org.flywaydb.core.internal.schemahistory.JdbcTableSchemaHistory.lock(JdbcTableSchemaHistory.java:149)
	at org.flywaydb.core.internal.command.DbMigrate.migrateAll(DbMigrate.java:146)
	at org.flywaydb.core.internal.command.DbMigrate.migrate(DbMigrate.java:104)
	at org.flywaydb.core.Flyway.lambda$migrate$0(Flyway.java:222)
	at org.flywaydb.core.FlywayExecutor.execute(FlywayExecutor.java:210)
	at org.flywaydb.core.Flyway.migrate(Flyway.java:164)
	at util.DatabaseMigrator.runMigrations(DatabaseMigrator.java:26)
	at Main.main(Main.java:24)
Caused by: org.flywaydb.core.internal.sqlscript.FlywaySqlScriptException: Script V6__seed_demo_data.sql failed
------------------------------------
SQL State  : null
Error Code : 1
Message    : [SQLITE_ERROR] SQL error or missing database (table students has no column named gender)
Location   : db/migration/V6__seed_demo_data.sql (C:\Users\Asus\OneDrive\Documents\Java college vibe code\enrollmentSystem\target\classes\db\migration\V6__seed_demo_data.sql)
Line       : 32
Statement  : Run Flyway with -X option to see the actual statement causing the problem

	at org.flywaydb.core.internal.sqlscript.DefaultSqlScriptExecutor.handleException(DefaultSqlScriptExecutor.java:252)
	at org.flywaydb.core.internal.sqlscript.DefaultSqlScriptExecutor.executeStatement(DefaultSqlScriptExecutor.java:214)
	at org.flywaydb.core.internal.sqlscript.DefaultSqlScriptExecutor.execute(DefaultSqlScriptExecutor.java:136)
	at org.flywaydb.core.internal.resolver.sql.SqlMigrationExecutor.executeOnce(SqlMigrationExecutor.java:69)
	at org.flywaydb.core.internal.resolver.sql.SqlMigrationExecutor.lambda$execute$0(SqlMigrationExecutor.java:61)
	at org.flywaydb.core.internal.database.DefaultExecutionStrategy.execute(DefaultExecutionStrategy.java:31)
	at org.flywaydb.core.internal.resolver.sql.SqlMigrationExecutor.execute(SqlMigrationExecutor.java:60)
	at org.flywaydb.core.internal.command.DbMigrate.doMigrateGroup(DbMigrate.java:384)
	... 17 common frames omitted
Caused by: org.sqlite.SQLiteException: [SQLITE_ERROR] SQL error or missing database (table students has no column named gender)
	at org.sqlite.core.DB.newSQLException(DB.java:1135)
	at org.sqlite.core.DB.newSQLException(DB.java:1146)
	at org.sqlite.core.DB.throwex(DB.java:1106)
	at org.sqlite.core.NativeDB.prepare_utf8(Native Method)
	at org.sqlite.core.NativeDB.prepare(NativeDB.java:122)
	at org.sqlite.core.DB.prepare(DB.java:264)
	at org.sqlite.jdbc3.JDBC3Statement.lambda$execute$0(JDBC3Statement.java:48)
	at org.sqlite.jdbc3.JDBC3Statement.withConnectionTimeout(JDBC3Statement.java:429)
	at org.sqlite.jdbc3.JDBC3Statement.execute(JDBC3Statement.java:37)
	at org.flywaydb.core.internal.jdbc.JdbcTemplate.executeStatement(JdbcTemplate.java:210)
	at org.flywaydb.core.internal.sqlscript.ParsedSqlStatement.execute(ParsedSqlStatement.java:88)
	at org.flywaydb.core.internal.sqlscript.DefaultSqlScriptExecutor.executeStatement(DefaultSqlScriptExecutor.java:209)
	... 23 common frames omitted
2025-12-16 18:47:59.495 [main] INFO  org.flywaydb.core.FlywayExecutor - Database: jdbc:sqlite:enrollment.db (SQLite 3.39)
2025-12-16 18:47:59.531 [main] INFO  o.f.c.i.s.JdbcTableSchemaHistory - Schema history table "main"."flyway_schema_history" does not exist yet
2025-12-16 18:47:59.534 [main] INFO  o.f.core.internal.command.DbValidate - Successfully validated 8 migrations (execution time 00:00.020s)
2025-12-16 18:47:59.539 [main] INFO  o.f.c.i.s.JdbcTableSchemaHistory - Creating Schema History table "main"."flyway_schema_history" ...
2025-12-16 18:47:59.579 [main] INFO  o.f.core.internal.command.DbMigrate - Current version of schema "main": << Empty Schema >>
2025-12-16 18:47:59.587 [main] INFO  o.f.core.internal.command.DbMigrate - Migrating schema "main" to version "1 - init students"
2025-12-16 18:47:59.616 [main] INFO  o.f.core.internal.command.DbMigrate - Migrating schema "main" to version "2 - init payments"
2025-12-16 18:47:59.634 [main] INFO  o.f.core.internal.command.DbMigrate - Migrating schema "main" to version "3 - messages and seed courses"
2025-12-16 18:47:59.650 [main] INFO  o.f.core.internal.command.DbMigrate - Migrating schema "main" to version "4 - student lookup indexes"
2025-12-16 18:47:59.666 [main] INFO  o.f.core.internal.command.DbMigrate - Migrating schema "main" to version "5 - create academic structure"
2025-12-16 18:47:59.687 [main] INFO  o.f.core.internal.command.DbMigrate - Migrating schema "main" to version "6 - seed demo data"
2025-12-16 18:47:59.701 [main] ERROR o.f.core.internal.command.DbMigrate - Migration of schema "main" to version "6 - seed demo data" failed! Changes successfully rolled back.
2025-12-16 18:47:59.706 [main] ERROR util.GlobalExceptionHandler - [a1919409-9384-4a10-88aa-542b7252ac2d] Uncaught exception in thread main
org.flywaydb.core.internal.command.DbMigrate$FlywayMigrateException: Script V6__seed_demo_data.sql failed
------------------------------------
SQL State  : null
Error Code : 1
Message    : [SQLITE_ERROR] SQL error or missing database (table students has no column named gender)
Location   : db/migration/V6__seed_demo_data.sql (C:\Users\Asus\OneDrive\Documents\Java college vibe code\enrollmentSystem\target\classes\db\migration\V6__seed_demo_data.sql)
Line       : 32
Statement  : Run Flyway with -X option to see the actual statement causing the problem

	at org.flywaydb.core.internal.command.DbMigrate.doMigrateGroup(DbMigrate.java:392)
	at org.flywaydb.core.internal.command.DbMigrate.lambda$applyMigrations$1(DbMigrate.java:280)
	at org.flywaydb.core.internal.jdbc.TransactionalExecutionTemplate.execute(TransactionalExecutionTemplate.java:59)
	at org.flywaydb.core.internal.command.DbMigrate.applyMigrations(DbMigrate.java:279)
	at org.flywaydb.core.internal.command.DbMigrate.migrateGroup(DbMigrate.java:252)
	at org.flywaydb.core.internal.command.DbMigrate.lambda$migrateAll$0(DbMigrate.java:146)
	at org.flywaydb.core.internal.jdbc.TableLockingExecutionTemplate$1.call(TableLockingExecutionTemplate.java:40)
	at org.flywaydb.core.internal.jdbc.TransactionalExecutionTemplate.execute(TransactionalExecutionTemplate.java:59)
	at org.flywaydb.core.internal.jdbc.TableLockingExecutionTemplate.execute(TableLockingExecutionTemplate.java:35)
	at org.flywaydb.core.internal.database.base.Connection.lock(Connection.java:106)
	at org.flywaydb.core.internal.schemahistory.JdbcTableSchemaHistory.lock(JdbcTableSchemaHistory.java:149)
	at org.flywaydb.core.internal.command.DbMigrate.migrateAll(DbMigrate.java:146)
	at org.flywaydb.core.internal.command.DbMigrate.migrate(DbMigrate.java:104)
	at org.flywaydb.core.Flyway.lambda$migrate$0(Flyway.java:222)
	at org.flywaydb.core.FlywayExecutor.execute(FlywayExecutor.java:210)
	at org.flywaydb.core.Flyway.migrate(Flyway.java:164)
	at util.DatabaseMigrator.runMigrations(DatabaseMigrator.java:26)
	at Main.main(Main.java:24)
Caused by: org.flywaydb.core.internal.sqlscript.FlywaySqlScriptException: Script V6__seed_demo_data.sql failed
------------------------------------
SQL State  : null
Error Code : 1
Message    : [SQLITE_ERROR] SQL error or missing database (table students has no column named gender)
Location   : db/migration/V6__seed_demo_data.sql (C:\Users\Asus\OneDrive\Documents\Java college vibe code\enrollmentSystem\target\classes\db\migration\V6__seed_demo_data.sql)
Line       : 32
Statement  : Run Flyway with -X option to see the actual statement causing the problem

	at org.flywaydb.core.internal.sqlscript.DefaultSqlScriptExecutor.handleException(DefaultSqlScriptExecutor.java:252)
	at org.flywaydb.core.internal.sqlscript.DefaultSqlScriptExecutor.executeStatement(DefaultSqlScriptExecutor.java:214)
	at org.flywaydb.core.internal.sqlscript.DefaultSqlScriptExecutor.execute(DefaultSqlScriptExecutor.java:136)
	at org.flywaydb.core.internal.resolver.sql.SqlMigrationExecutor.executeOnce(SqlMigrationExecutor.java:69)
	at org.flywaydb.core.internal.resolver.sql.SqlMigrationExecutor.lambda$execute$0(SqlMigrationExecutor.java:61)
	at org.flywaydb.core.internal.database.DefaultExecutionStrategy.execute(DefaultExecutionStrategy.java:31)
	at org.flywaydb.core.internal.resolver.sql.SqlMigrationExecutor.execute(SqlMigrationExecutor.java:60)
	at org.flywaydb.core.internal.command.DbMigrate.doMigrateGroup(DbMigrate.java:384)
	... 17 common frames omitted
Caused by: org.sqlite.SQLiteException: [SQLITE_ERROR] SQL error or missing database (table students has no column named gender)
	at org.sqlite.core.DB.newSQLException(DB.java:1135)
	at org.sqlite.core.DB.newSQLException(DB.java:1146)
	at org.sqlite.core.DB.throwex(DB.java:1106)
	at org.sqlite.core.NativeDB.prepare_utf8(Native Method)
	at org.sqlite.core.NativeDB.prepare(NativeDB.java:122)
	at org.sqlite.core.DB.prepare(DB.java:264)
	at org.sqlite.jdbc3.JDBC3Statement.lambda$execute$0(JDBC3Statement.java:48)
	at org.sqlite.jdbc3.JDBC3Statement.withConnectionTimeout(JDBC3Statement.java:429)
	at org.sqlite.jdbc3.JDBC3Statement.execute(JDBC3Statement.java:37)
	at org.flywaydb.core.internal.jdbc.JdbcTemplate.executeStatement(JdbcTemplate.java:210)
	at org.flywaydb.core.internal.sqlscript.ParsedSqlStatement.execute(ParsedSqlStatement.java:88)
	at org.flywaydb.core.internal.sqlscript.DefaultSqlScriptExecutor.executeStatement(DefaultSqlScriptExecutor.java:209)
	... 23 common frames omitted
2025-12-16 18:48:27.028 [main] INFO  org.flywaydb.core.FlywayExecutor - Database: jdbc:sqlite:enrollment.db (SQLite 3.39)
2025-12-16 18:48:27.075 [main] INFO  o.f.core.internal.command.DbValidate - Successfully validated 8 migrations (execution time 00:00.029s)
2025-12-16 18:48:27.085 [main] INFO  o.f.core.internal.command.DbMigrate - Current version of schema "main": 5
2025-12-16 18:48:27.105 [main] INFO  o.f.core.internal.command.DbMigrate - Migrating schema "main" to version "6 - seed demo data"
2025-12-16 18:48:27.126 [main] ERROR o.f.core.internal.command.DbMigrate - Migration of schema "main" to version "6 - seed demo data" failed! Changes successfully rolled back.
2025-12-16 18:48:27.128 [main] ERROR util.GlobalExceptionHandler - [f1b7ea0d-4e81-4a98-80eb-5697be751e6a] Uncaught exception in thread main
org.flywaydb.core.internal.command.DbMigrate$FlywayMigrateException: Script V6__seed_demo_data.sql failed
------------------------------------
SQL State  : null
Error Code : 1
Message    : [SQLITE_ERROR] SQL error or missing database (table students has no column named gender)
Location   : db/migration/V6__seed_demo_data.sql (C:\Users\Asus\OneDrive\Documents\Java college vibe code\enrollmentSystem\target\classes\db\migration\V6__seed_demo_data.sql)
Line       : 32
Statement  : Run Flyway with -X option to see the actual statement causing the problem

	at org.flywaydb.core.internal.command.DbMigrate.doMigrateGroup(DbMigrate.java:392)
	at org.flywaydb.core.internal.command.DbMigrate.lambda$applyMigrations$1(DbMigrate.java:280)
	at org.flywaydb.core.internal.jdbc.TransactionalExecutionTemplate.execute(TransactionalExecutionTemplate.java:59)
	at org.flywaydb.core.internal.command.DbMigrate.applyMigrations(DbMigrate.java:279)
	at org.flywaydb.core.internal.command.DbMigrate.migrateGroup(DbMigrate.java:252)
	at org.flywaydb.core.internal.command.DbMigrate.lambda$migrateAll$0(DbMigrate.java:146)
	at org.flywaydb.core.internal.jdbc.TableLockingExecutionTemplate$1.call(TableLockingExecutionTemplate.java:40)
	at org.flywaydb.core.internal.jdbc.TransactionalExecutionTemplate.execute(TransactionalExecutionTemplate.java:59)
	at org.flywaydb.core.internal.jdbc.TableLockingExecutionTemplate.execute(TableLockingExecutionTemplate.java:35)
	at org.flywaydb.core.internal.database.base.Connection.lock(Connection.java:106)
	at org.flywaydb.core.internal.schemahistory.JdbcTableSchemaHistory.lock(JdbcTableSchemaHistory.java:149)
	at org.flywaydb.core.internal.command.DbMigrate.migrateAll(DbMigrate.java:146)
	at org.flywaydb.core.internal.command.DbMigrate.migrate(DbMigrate.java:104)
	at org.flywaydb.core.Flyway.lambda$migrate$0(Flyway.java:222)
	at org.flywaydb.core.FlywayExecutor.execute(FlywayExecutor.java:210)
	at org.flywaydb.core.Flyway.migrate(Flyway.java:164)
	at util.DatabaseMigrator.runMigrations(DatabaseMigrator.java:26)
	at Main.main(Main.java:24)
Caused by: org.flywaydb.core.internal.sqlscript.FlywaySqlScriptException: Script V6__seed_demo_data.sql failed
------------------------------------
SQL State  : null
Error Code : 1
Message    : [SQLITE_ERROR] SQL error or missing database (table students has no column named gender)
Location   : db/migration/V6__seed_demo_data.sql (C:\Users\Asus\OneDrive\Documents\Java college vibe code\enrollmentSystem\target\classes\db\migration\V6__seed_demo_data.sql)
Line       : 32
Statement  : Run Flyway with -X option to see the actual statement causing the problem

	at org.flywaydb.core.internal.sqlscript.DefaultSqlScriptExecutor.handleException(DefaultSqlScriptExecutor.java:252)
	at org.flywaydb.core.internal.sqlscript.DefaultSqlScriptExecutor.executeStatement(DefaultSqlScriptExecutor.java:214)
	at org.flywaydb.core.internal.sqlscript.DefaultSqlScriptExecutor.execute(DefaultSqlScriptExecutor.java:136)
	at org.flywaydb.core.internal.resolver.sql.SqlMigrationExecutor.executeOnce(SqlMigrationExecutor.java:69)
	at org.flywaydb.core.internal.resolver.sql.SqlMigrationExecutor.lambda$execute$0(SqlMigrationExecutor.java:61)
	at org.flywaydb.core.internal.database.DefaultExecutionStrategy.execute(DefaultExecutionStrategy.java:31)
	at org.flywaydb.core.internal.resolver.sql.SqlMigrationExecutor.execute(SqlMigrationExecutor.java:60)
	at org.flywaydb.core.internal.command.DbMigrate.doMigrateGroup(DbMigrate.java:384)
	... 17 common frames omitted
Caused by: org.sqlite.SQLiteException: [SQLITE_ERROR] SQL error or missing database (table students has no column named gender)
	at org.sqlite.core.DB.newSQLException(DB.java:1135)
	at org.sqlite.core.DB.newSQLException(DB.java:1146)
	at org.sqlite.core.DB.throwex(DB.java:1106)
	at org.sqlite.core.NativeDB.prepare_utf8(Native Method)
	at org.sqlite.core.NativeDB.prepare(NativeDB.java:122)
	at org.sqlite.core.DB.prepare(DB.java:264)
	at org.sqlite.jdbc3.JDBC3Statement.lambda$execute$0(JDBC3Statement.java:48)
	at org.sqlite.jdbc3.JDBC3Statement.withConnectionTimeout(JDBC3Statement.java:429)
	at org.sqlite.jdbc3.JDBC3Statement.execute(JDBC3Statement.java:37)
	at org.flywaydb.core.internal.jdbc.JdbcTemplate.executeStatement(JdbcTemplate.java:210)
	at org.flywaydb.core.internal.sqlscript.ParsedSqlStatement.execute(ParsedSqlStatement.java:88)
	at org.flywaydb.core.internal.sqlscript.DefaultSqlScriptExecutor.executeStatement(DefaultSqlScriptExecutor.java:209)
	... 23 common frames omitted
2025-12-16 18:49:40.599 [main] INFO  org.flywaydb.core.FlywayExecutor - Database: jdbc:sqlite:enrollment.db (SQLite 3.39)
2025-12-16 18:49:40.638 [main] INFO  o.f.c.i.s.JdbcTableSchemaHistory - Schema history table "main"."flyway_schema_history" does not exist yet
2025-12-16 18:49:40.642 [main] INFO  o.f.core.internal.command.DbValidate - Successfully validated 8 migrations (execution time 00:00.021s)
2025-12-16 18:49:40.646 [main] INFO  o.f.c.i.s.JdbcTableSchemaHistory - Creating Schema History table "main"."flyway_schema_history" ...
2025-12-16 18:49:40.689 [main] INFO  o.f.core.internal.command.DbMigrate - Current version of schema "main": << Empty Schema >>
2025-12-16 18:49:40.699 [main] INFO  o.f.core.internal.command.DbMigrate - Migrating schema "main" to version "1 - init students"
2025-12-16 18:49:40.729 [main] INFO  o.f.core.internal.command.DbMigrate - Migrating schema "main" to version "2 - init payments"
2025-12-16 18:49:40.745 [main] INFO  o.f.core.internal.command.DbMigrate - Migrating schema "main" to version "3 - messages and seed courses"
2025-12-16 18:49:40.763 [main] INFO  o.f.core.internal.command.DbMigrate - Migrating schema "main" to version "4 - student lookup indexes"
2025-12-16 18:49:40.784 [main] INFO  o.f.core.internal.command.DbMigrate - Migrating schema "main" to version "5 - create academic structure"
2025-12-16 18:49:40.803 [main] INFO  o.f.core.internal.command.DbMigrate - Migrating schema "main" to version "6 - seed demo data"
2025-12-16 18:49:40.819 [main] ERROR o.f.core.internal.command.DbMigrate - Migration of schema "main" to version "6 - seed demo data" failed! Changes successfully rolled back.
2025-12-16 18:49:40.825 [main] ERROR util.GlobalExceptionHandler - [ede152e7-3abe-4d74-a754-aeea6f49f15c] Uncaught exception in thread main
org.flywaydb.core.internal.command.DbMigrate$FlywayMigrateException: Script V6__seed_demo_data.sql failed
------------------------------------
SQL State  : null
Error Code : 1
Message    : [SQLITE_ERROR] SQL error or missing database (table students has no column named gender)
Location   : db/migration/V6__seed_demo_data.sql (C:\Users\Asus\OneDrive\Documents\Java college vibe code\enrollmentSystem\target\classes\db\migration\V6__seed_demo_data.sql)
Line       : 32
Statement  : Run Flyway with -X option to see the actual statement causing the problem

	at org.flywaydb.core.internal.command.DbMigrate.doMigrateGroup(DbMigrate.java:392)
	at org.flywaydb.core.internal.command.DbMigrate.lambda$applyMigrations$1(DbMigrate.java:280)
	at org.flywaydb.core.internal.jdbc.TransactionalExecutionTemplate.execute(TransactionalExecutionTemplate.java:59)
	at org.flywaydb.core.internal.command.DbMigrate.applyMigrations(DbMigrate.java:279)
	at org.flywaydb.core.internal.command.DbMigrate.migrateGroup(DbMigrate.java:252)
	at org.flywaydb.core.internal.command.DbMigrate.lambda$migrateAll$0(DbMigrate.java:146)
	at org.flywaydb.core.internal.jdbc.TableLockingExecutionTemplate$1.call(TableLockingExecutionTemplate.java:40)
	at org.flywaydb.core.internal.jdbc.TransactionalExecutionTemplate.execute(TransactionalExecutionTemplate.java:59)
	at org.flywaydb.core.internal.jdbc.TableLockingExecutionTemplate.execute(TableLockingExecutionTemplate.java:35)
	at org.flywaydb.core.internal.database.base.Connection.lock(Connection.java:106)
	at org.flywaydb.core.internal.schemahistory.JdbcTableSchemaHistory.lock(JdbcTableSchemaHistory.java:149)
	at org.flywaydb.core.internal.command.DbMigrate.migrateAll(DbMigrate.java:146)
	at org.flywaydb.core.internal.command.DbMigrate.migrate(DbMigrate.java:104)
	at org.flywaydb.core.Flyway.lambda$migrate$0(Flyway.java:222)
	at org.flywaydb.core.FlywayExecutor.execute(FlywayExecutor.java:210)
	at org.flywaydb.core.Flyway.migrate(Flyway.java:164)
	at util.DatabaseMigrator.runMigrations(DatabaseMigrator.java:26)
	at Main.main(Main.java:24)
Caused by: org.flywaydb.core.internal.sqlscript.FlywaySqlScriptException: Script V6__seed_demo_data.sql failed
------------------------------------
SQL State  : null
Error Code : 1
Message    : [SQLITE_ERROR] SQL error or missing database (table students has no column named gender)
Location   : db/migration/V6__seed_demo_data.sql (C:\Users\Asus\OneDrive\Documents\Java college vibe code\enrollmentSystem\target\classes\db\migration\V6__seed_demo_data.sql)
Line       : 32
Statement  : Run Flyway with -X option to see the actual statement causing the problem

	at org.flywaydb.core.internal.sqlscript.DefaultSqlScriptExecutor.handleException(DefaultSqlScriptExecutor.java:252)
	at org.flywaydb.core.internal.sqlscript.DefaultSqlScriptExecutor.executeStatement(DefaultSqlScriptExecutor.java:214)
	at org.flywaydb.core.internal.sqlscript.DefaultSqlScriptExecutor.execute(DefaultSqlScriptExecutor.java:136)
	at org.flywaydb.core.internal.resolver.sql.SqlMigrationExecutor.executeOnce(SqlMigrationExecutor.java:69)
	at org.flywaydb.core.internal.resolver.sql.SqlMigrationExecutor.lambda$execute$0(SqlMigrationExecutor.java:61)
	at org.flywaydb.core.internal.database.DefaultExecutionStrategy.execute(DefaultExecutionStrategy.java:31)
	at org.flywaydb.core.internal.resolver.sql.SqlMigrationExecutor.execute(SqlMigrationExecutor.java:60)
	at org.flywaydb.core.internal.command.DbMigrate.doMigrateGroup(DbMigrate.java:384)
	... 17 common frames omitted
Caused by: org.sqlite.SQLiteException: [SQLITE_ERROR] SQL error or missing database (table students has no column named gender)
	at org.sqlite.core.DB.newSQLException(DB.java:1135)
	at org.sqlite.core.DB.newSQLException(DB.java:1146)
	at org.sqlite.core.DB.throwex(DB.java:1106)
	at org.sqlite.core.NativeDB.prepare_utf8(Native Method)
	at org.sqlite.core.NativeDB.prepare(NativeDB.java:122)
	at org.sqlite.core.DB.prepare(DB.java:264)
	at org.sqlite.jdbc3.JDBC3Statement.lambda$execute$0(JDBC3Statement.java:48)
	at org.sqlite.jdbc3.JDBC3Statement.withConnectionTimeout(JDBC3Statement.java:429)
	at org.sqlite.jdbc3.JDBC3Statement.execute(JDBC3Statement.java:37)
	at org.flywaydb.core.internal.jdbc.JdbcTemplate.executeStatement(JdbcTemplate.java:210)
	at org.flywaydb.core.internal.sqlscript.ParsedSqlStatement.execute(ParsedSqlStatement.java:88)
	at org.flywaydb.core.internal.sqlscript.DefaultSqlScriptExecutor.executeStatement(DefaultSqlScriptExecutor.java:209)
	... 23 common frames omitted
2025-12-16 18:53:56.433 [main] INFO  org.flywaydb.core.FlywayExecutor - Database: jdbc:sqlite:enrollment.db (SQLite 3.39)
2025-12-16 18:53:56.483 [main] INFO  o.f.core.internal.command.DbValidate - Successfully validated 8 migrations (execution time 00:00.029s)
2025-12-16 18:53:56.490 [main] INFO  o.f.core.internal.command.DbMigrate - Current version of schema "main": 5
2025-12-16 18:53:56.507 [main] INFO  o.f.core.internal.command.DbMigrate - Migrating schema "main" to version "6 - seed demo data"
2025-12-16 18:53:56.559 [main] ERROR util.GlobalExceptionHandler - [0f8252d9-8d50-4bca-978c-73dac479409b] Uncaught exception in thread main
org.flywaydb.core.api.FlywayException: Detected both transactional and non-transactional statements within the same migration (even though mixed is false). Offending statement found at line 6: DROP TABLE IF EXISTS enrollments
	at org.flywaydb.core.internal.sqlscript.ParserSqlScript.parse(ParserSqlScript.java:93)
	at org.flywaydb.core.internal.sqlscript.ParserSqlScript.validate(ParserSqlScript.java:116)
	at org.flywaydb.core.internal.sqlscript.ParserSqlScript.executeInTransaction(ParserSqlScript.java:181)
	at org.flywaydb.core.internal.resolver.sql.SqlMigrationExecutor.canExecuteInTransaction(SqlMigrationExecutor.java:74)
	at org.flywaydb.core.internal.command.DbMigrate.isExecuteGroupInTransaction(DbMigrate.java:312)
	at org.flywaydb.core.internal.command.DbMigrate.applyMigrations(DbMigrate.java:275)
	at org.flywaydb.core.internal.command.DbMigrate.migrateGroup(DbMigrate.java:252)
	at org.flywaydb.core.internal.command.DbMigrate.lambda$migrateAll$0(DbMigrate.java:146)
	at org.flywaydb.core.internal.jdbc.TableLockingExecutionTemplate$1.call(TableLockingExecutionTemplate.java:40)
	at org.flywaydb.core.internal.jdbc.TransactionalExecutionTemplate.execute(TransactionalExecutionTemplate.java:59)
	at org.flywaydb.core.internal.jdbc.TableLockingExecutionTemplate.execute(TableLockingExecutionTemplate.java:35)
	at org.flywaydb.core.internal.database.base.Connection.lock(Connection.java:106)
	at org.flywaydb.core.internal.schemahistory.JdbcTableSchemaHistory.lock(JdbcTableSchemaHistory.java:149)
	at org.flywaydb.core.internal.command.DbMigrate.migrateAll(DbMigrate.java:146)
	at org.flywaydb.core.internal.command.DbMigrate.migrate(DbMigrate.java:104)
	at org.flywaydb.core.Flyway.lambda$migrate$0(Flyway.java:222)
	at org.flywaydb.core.FlywayExecutor.execute(FlywayExecutor.java:210)
	at org.flywaydb.core.Flyway.migrate(Flyway.java:164)
	at util.DatabaseMigrator.runMigrations(DatabaseMigrator.java:26)
	at Main.main(Main.java:24)
2025-12-16 18:55:50.246 [main] INFO  org.flywaydb.core.FlywayExecutor - Database: jdbc:sqlite:enrollment.db (SQLite 3.39)
2025-12-16 18:55:50.302 [main] ERROR util.GlobalExceptionHandler - [6afb7591-83df-4503-aba9-2a76636514bc] Uncaught exception in thread main
org.flywaydb.core.api.exception.FlywayValidateException: Validate failed: Migrations have failed validation
Migration checksum mismatch for migration version 6
-> Applied to database : -871276060
-> Resolved locally    : 130759567
Either revert the changes to the migration, or run repair to update the schema history.
Need more flexibility with validation rules? Learn more: https://rd.gt/3AbJUZE
	at org.flywaydb.core.Flyway.lambda$migrate$0(Flyway.java:177)
	at org.flywaydb.core.FlywayExecutor.execute(FlywayExecutor.java:210)
	at org.flywaydb.core.Flyway.migrate(Flyway.java:164)
	at util.DatabaseMigrator.runMigrations(DatabaseMigrator.java:26)
	at Main.main(Main.java:24)
2025-12-16 18:58:40.420 [main] INFO  org.flywaydb.core.FlywayExecutor - Database: jdbc:sqlite:enrollment.db (SQLite 3.39)
2025-12-16 18:58:40.457 [main] INFO  o.f.c.i.s.JdbcTableSchemaHistory - Schema history table "main"."flyway_schema_history" does not exist yet
2025-12-16 18:58:40.459 [main] INFO  o.f.core.internal.command.DbValidate - Successfully validated 8 migrations (execution time 00:00.019s)
2025-12-16 18:58:40.465 [main] INFO  o.f.c.i.s.JdbcTableSchemaHistory - Creating Schema History table "main"."flyway_schema_history" ...
2025-12-16 18:58:40.505 [main] INFO  o.f.core.internal.command.DbMigrate - Current version of schema "main": << Empty Schema >>
2025-12-16 18:58:40.514 [main] INFO  o.f.core.internal.command.DbMigrate - Migrating schema "main" to version "1 - init students"
2025-12-16 18:58:40.543 [main] INFO  o.f.core.internal.command.DbMigrate - Migrating schema "main" to version "2 - init payments"
2025-12-16 18:58:40.563 [main] INFO  o.f.core.internal.command.DbMigrate - Migrating schema "main" to version "3 - messages and seed courses"
2025-12-16 18:58:40.578 [main] INFO  o.f.core.internal.command.DbMigrate - Migrating schema "main" to version "4 - student lookup indexes"
2025-12-16 18:58:40.596 [main] INFO  o.f.core.internal.command.DbMigrate - Migrating schema "main" to version "5 - create academic structure"
2025-12-16 18:58:40.614 [main] INFO  o.f.core.internal.command.DbMigrate - Migrating schema "main" to version "6 - seed demo data"
2025-12-16 18:58:40.639 [main] ERROR util.GlobalExceptionHandler - [b034cb9e-4a79-449f-8518-b46c8276cd7b] Uncaught exception in thread main
org.flywaydb.core.api.FlywayException: Detected both transactional and non-transactional statements within the same migration (even though mixed is false). Offending statement found at line 6: DROP TABLE IF EXISTS enrollments
	at org.flywaydb.core.internal.sqlscript.ParserSqlScript.parse(ParserSqlScript.java:93)
	at org.flywaydb.core.internal.sqlscript.ParserSqlScript.validate(ParserSqlScript.java:116)
	at org.flywaydb.core.internal.sqlscript.ParserSqlScript.executeInTransaction(ParserSqlScript.java:181)
	at org.flywaydb.core.internal.resolver.sql.SqlMigrationExecutor.canExecuteInTransaction(SqlMigrationExecutor.java:74)
	at org.flywaydb.core.internal.command.DbMigrate.isExecuteGroupInTransaction(DbMigrate.java:312)
	at org.flywaydb.core.internal.command.DbMigrate.applyMigrations(DbMigrate.java:275)
	at org.flywaydb.core.internal.command.DbMigrate.migrateGroup(DbMigrate.java:252)
	at org.flywaydb.core.internal.command.DbMigrate.lambda$migrateAll$0(DbMigrate.java:146)
	at org.flywaydb.core.internal.jdbc.TableLockingExecutionTemplate$1.call(TableLockingExecutionTemplate.java:40)
	at org.flywaydb.core.internal.jdbc.TransactionalExecutionTemplate.execute(TransactionalExecutionTemplate.java:59)
	at org.flywaydb.core.internal.jdbc.TableLockingExecutionTemplate.execute(TableLockingExecutionTemplate.java:35)
	at org.flywaydb.core.internal.database.base.Connection.lock(Connection.java:106)
	at org.flywaydb.core.internal.schemahistory.JdbcTableSchemaHistory.lock(JdbcTableSchemaHistory.java:149)
	at org.flywaydb.core.internal.command.DbMigrate.migrateAll(DbMigrate.java:146)
	at org.flywaydb.core.internal.command.DbMigrate.migrate(DbMigrate.java:104)
	at org.flywaydb.core.Flyway.lambda$migrate$0(Flyway.java:222)
	at org.flywaydb.core.FlywayExecutor.execute(FlywayExecutor.java:210)
	at org.flywaydb.core.Flyway.migrate(Flyway.java:164)
	at util.DatabaseMigrator.runMigrations(DatabaseMigrator.java:26)
	at Main.main(Main.java:24)
2025-12-16 19:02:01.165 [main] INFO  org.flywaydb.core.FlywayExecutor - Database: jdbc:sqlite:enrollment.db (SQLite 3.39)
2025-12-16 19:02:01.199 [main] INFO  o.f.c.i.s.JdbcTableSchemaHistory - Schema history table "main"."flyway_schema_history" does not exist yet
2025-12-16 19:02:01.199 [main] INFO  o.f.core.internal.command.DbValidate - Successfully validated 8 migrations (execution time 00:00.018s)
2025-12-16 19:02:01.207 [main] INFO  o.f.c.i.s.JdbcTableSchemaHistory - Creating Schema History table "main"."flyway_schema_history" ...
2025-12-16 19:02:01.251 [main] INFO  o.f.core.internal.command.DbMigrate - Current version of schema "main": << Empty Schema >>
2025-12-16 19:02:01.256 [main] INFO  o.f.core.internal.command.DbMigrate - Migrating schema "main" to version "1 - init students"
2025-12-16 19:02:01.294 [main] INFO  o.f.core.internal.command.DbMigrate - Migrating schema "main" to version "2 - init payments"
2025-12-16 19:02:01.312 [main] INFO  o.f.core.internal.command.DbMigrate - Migrating schema "main" to version "3 - messages and seed courses"
2025-12-16 19:02:01.328 [main] INFO  o.f.core.internal.command.DbMigrate - Migrating schema "main" to version "4 - student lookup indexes"
2025-12-16 19:02:01.345 [main] INFO  o.f.core.internal.command.DbMigrate - Migrating schema "main" to version "5 - create academic structure"
2025-12-16 19:02:01.365 [main] INFO  o.f.core.internal.command.DbMigrate - Migrating schema "main" to version "6 - seed demo data"
2025-12-16 19:02:01.388 [main] ERROR util.GlobalExceptionHandler - [e2e73fec-706f-4a3d-a6db-2b6c70651d08] Uncaught exception in thread main
org.flywaydb.core.api.FlywayException: Detected both transactional and non-transactional statements within the same migration (even though mixed is false). Offending statement found at line 6: DROP TABLE IF EXISTS enrollments
	at org.flywaydb.core.internal.sqlscript.ParserSqlScript.parse(ParserSqlScript.java:93)
	at org.flywaydb.core.internal.sqlscript.ParserSqlScript.validate(ParserSqlScript.java:116)
	at org.flywaydb.core.internal.sqlscript.ParserSqlScript.executeInTransaction(ParserSqlScript.java:181)
	at org.flywaydb.core.internal.resolver.sql.SqlMigrationExecutor.canExecuteInTransaction(SqlMigrationExecutor.java:74)
	at org.flywaydb.core.internal.command.DbMigrate.isExecuteGroupInTransaction(DbMigrate.java:312)
	at org.flywaydb.core.internal.command.DbMigrate.applyMigrations(DbMigrate.java:275)
	at org.flywaydb.core.internal.command.DbMigrate.migrateGroup(DbMigrate.java:252)
	at org.flywaydb.core.internal.command.DbMigrate.lambda$migrateAll$0(DbMigrate.java:146)
	at org.flywaydb.core.internal.jdbc.TableLockingExecutionTemplate$1.call(TableLockingExecutionTemplate.java:40)
	at org.flywaydb.core.internal.jdbc.TransactionalExecutionTemplate.execute(TransactionalExecutionTemplate.java:59)
	at org.flywaydb.core.internal.jdbc.TableLockingExecutionTemplate.execute(TableLockingExecutionTemplate.java:35)
	at org.flywaydb.core.internal.database.base.Connection.lock(Connection.java:106)
	at org.flywaydb.core.internal.schemahistory.JdbcTableSchemaHistory.lock(JdbcTableSchemaHistory.java:149)
	at org.flywaydb.core.internal.command.DbMigrate.migrateAll(DbMigrate.java:146)
	at org.flywaydb.core.internal.command.DbMigrate.migrate(DbMigrate.java:104)
	at org.flywaydb.core.Flyway.lambda$migrate$0(Flyway.java:222)
	at org.flywaydb.core.FlywayExecutor.execute(FlywayExecutor.java:210)
	at org.flywaydb.core.Flyway.migrate(Flyway.java:164)
	at util.DatabaseMigrator.runMigrations(DatabaseMigrator.java:26)
	at Main.main(Main.java:24)
2025-12-16 19:07:57.022 [main] INFO  org.flywaydb.core.FlywayExecutor - Database: jdbc:sqlite:enrollment.db (SQLite 3.39)
2025-12-16 19:07:57.064 [main] INFO  o.f.c.i.s.JdbcTableSchemaHistory - Schema history table "main"."flyway_schema_history" does not exist yet
2025-12-16 19:07:57.067 [main] INFO  o.f.core.internal.command.DbValidate - Successfully validated 8 migrations (execution time 00:00.019s)
2025-12-16 19:07:57.070 [main] INFO  o.f.c.i.s.JdbcTableSchemaHistory - Creating Schema History table "main"."flyway_schema_history" ...
2025-12-16 19:07:57.115 [main] INFO  o.f.core.internal.command.DbMigrate - Current version of schema "main": << Empty Schema >>
2025-12-16 19:07:57.122 [main] INFO  o.f.core.internal.command.DbMigrate - Migrating schema "main" to version "1 - init students"
2025-12-16 19:07:57.150 [main] INFO  o.f.core.internal.command.DbMigrate - Migrating schema "main" to version "2 - init payments"
2025-12-16 19:07:57.168 [main] INFO  o.f.core.internal.command.DbMigrate - Migrating schema "main" to version "3 - messages and seed courses"
2025-12-16 19:07:57.180 [main] INFO  o.f.core.internal.command.DbMigrate - Migrating schema "main" to version "4 - student lookup indexes"
2025-12-16 19:07:57.200 [main] INFO  o.f.core.internal.command.DbMigrate - Migrating schema "main" to version "5 - create academic structure"
2025-12-16 19:07:57.220 [main] INFO  o.f.core.internal.command.DbMigrate - Migrating schema "main" to version "6 - seed demo data"
2025-12-16 19:07:57.237 [main] INFO  o.f.core.internal.command.DbMigrate - Migrating schema "main" to version "7 - create enrollments"
2025-12-16 19:07:57.248 [main] INFO  o.f.core.internal.command.DbMigrate - Migrating schema "main" to version "8 - create payments"
2025-12-16 19:07:57.277 [main] INFO  o.f.core.internal.command.DbMigrate - Successfully applied 8 migrations to schema "main", now at version v8 (execution time 00:00.019s)
2025-12-16 19:07:57.283 [main] INFO  util.DatabaseMigrator - Flyway migration complete. Applied: 8
2025-12-16 19:08:24.757 [main] INFO  org.flywaydb.core.FlywayExecutor - Database: jdbc:sqlite:enrollment.db (SQLite 3.39)
2025-12-16 19:08:24.809 [main] INFO  o.f.core.internal.command.DbValidate - Successfully validated 8 migrations (execution time 00:00.030s)
2025-12-16 19:08:24.817 [main] INFO  o.f.core.internal.command.DbMigrate - Current version of schema "main": 8
2025-12-16 19:08:24.821 [main] INFO  o.f.core.internal.command.DbMigrate - Schema "main" is up to date. No migration necessary.
2025-12-16 19:08:24.825 [main] INFO  util.DatabaseMigrator - Flyway migration complete. Applied: 0
2025-12-16 21:33:42.696 [main] INFO  org.flywaydb.core.FlywayExecutor - Database: jdbc:sqlite:enrollment.db (SQLite 3.39)
2025-12-16 21:33:42.745 [main] INFO  o.f.core.internal.command.DbValidate - Successfully validated 8 migrations (execution time 00:00.029s)
2025-12-16 21:33:42.745 [main] INFO  o.f.core.internal.command.DbMigrate - Current version of schema "main": 8
2025-12-16 21:33:42.755 [main] INFO  o.f.core.internal.command.DbMigrate - Schema "main" is up to date. No migration necessary.
2025-12-16 21:33:42.759 [main] INFO  util.DatabaseMigrator - Flyway migration complete. Applied: 0
2025-12-16 21:37:31.170 [main] INFO  org.flywaydb.core.FlywayExecutor - Database: jdbc:sqlite:enrollment.db (SQLite 3.39)
2025-12-16 21:37:31.211 [main] INFO  o.f.c.i.s.JdbcTableSchemaHistory - Schema history table "main"."flyway_schema_history" does not exist yet
2025-12-16 21:37:31.216 [main] INFO  o.f.core.internal.command.DbValidate - Successfully validated 8 migrations (execution time 00:00.025s)
2025-12-16 21:37:31.222 [main] INFO  o.f.c.i.s.JdbcTableSchemaHistory - Creating Schema History table "main"."flyway_schema_history" ...
2025-12-16 21:37:31.266 [main] INFO  o.f.core.internal.command.DbMigrate - Current version of schema "main": << Empty Schema >>
2025-12-16 21:37:31.276 [main] INFO  o.f.core.internal.command.DbMigrate - Migrating schema "main" to version "1 - init students"
2025-12-16 21:37:31.302 [main] INFO  o.f.core.internal.command.DbMigrate - Migrating schema "main" to version "2 - init payments"
2025-12-16 21:37:31.321 [main] INFO  o.f.core.internal.command.DbMigrate - Migrating schema "main" to version "3 - messages and seed courses"
2025-12-16 21:37:31.338 [main] INFO  o.f.core.internal.command.DbMigrate - Migrating schema "main" to version "4 - student lookup indexes"
2025-12-16 21:37:31.356 [main] INFO  o.f.core.internal.command.DbMigrate - Migrating schema "main" to version "5 - create academic structure"
2025-12-16 21:37:31.376 [main] INFO  o.f.core.internal.command.DbMigrate - Migrating schema "main" to version "6 - seed demo data"
2025-12-16 21:37:31.392 [main] INFO  o.f.core.internal.command.DbMigrate - Migrating schema "main" to version "7 - create enrollments"
2025-12-16 21:37:31.409 [main] INFO  o.f.core.internal.command.DbMigrate - Migrating schema "main" to version "8 - create payments"
2025-12-16 21:37:31.431 [main] INFO  o.f.core.internal.command.DbMigrate - Successfully applied 8 migrations to schema "main", now at version v8 (execution time 00:00.020s)
2025-12-16 21:37:31.436 [main] INFO  util.DatabaseMigrator - Flyway migration complete. Applied: 8
2025-12-16 21:38:51.842 [main] INFO  org.flywaydb.core.FlywayExecutor - Database: jdbc:sqlite:enrollment.db (SQLite 3.39)
2025-12-16 21:38:51.880 [main] INFO  o.f.c.i.s.JdbcTableSchemaHistory - Schema history table "main"."flyway_schema_history" does not exist yet
2025-12-16 21:38:51.884 [main] INFO  o.f.core.internal.command.DbValidate - Successfully validated 8 migrations (execution time 00:00.022s)
2025-12-16 21:38:51.890 [main] INFO  o.f.c.i.s.JdbcTableSchemaHistory - Creating Schema History table "main"."flyway_schema_history" ...
2025-12-16 21:38:51.930 [main] INFO  o.f.core.internal.command.DbMigrate - Current version of schema "main": << Empty Schema >>
2025-12-16 21:38:51.940 [main] INFO  o.f.core.internal.command.DbMigrate - Migrating schema "main" to version "1 - init students"
2025-12-16 21:38:51.966 [main] INFO  o.f.core.internal.command.DbMigrate - Migrating schema "main" to version "2 - init payments"
2025-12-16 21:38:51.986 [main] INFO  o.f.core.internal.command.DbMigrate - Migrating schema "main" to version "3 - messages and seed courses"
2025-12-16 21:38:52.002 [main] INFO  o.f.core.internal.command.DbMigrate - Migrating schema "main" to version "4 - student lookup indexes"
2025-12-16 21:38:52.020 [main] INFO  o.f.core.internal.command.DbMigrate - Migrating schema "main" to version "5 - create academic structure"
2025-12-16 21:38:52.040 [main] INFO  o.f.core.internal.command.DbMigrate - Migrating schema "main" to version "6 - seed demo data"
2025-12-16 21:38:52.058 [main] INFO  o.f.core.internal.command.DbMigrate - Migrating schema "main" to version "7 - create enrollments"
2025-12-16 21:38:52.074 [main] INFO  o.f.core.internal.command.DbMigrate - Migrating schema "main" to version "8 - create payments"
2025-12-16 21:38:52.096 [main] INFO  o.f.core.internal.command.DbMigrate - Successfully applied 8 migrations to schema "main", now at version v8 (execution time 00:00.021s)
2025-12-16 21:38:52.102 [main] INFO  util.DatabaseMigrator - Flyway migration complete. Applied: 8
2025-12-16 21:41:26.236 [main] INFO  org.flywaydb.core.FlywayExecutor - Database: jdbc:sqlite:enrollment.db (SQLite 3.39)
2025-12-16 21:41:26.279 [main] INFO  o.f.c.i.s.JdbcTableSchemaHistory - Schema history table "main"."flyway_schema_history" does not exist yet
2025-12-16 21:41:26.283 [main] INFO  o.f.core.internal.command.DbValidate - Successfully validated 8 migrations (execution time 00:00.024s)
2025-12-16 21:41:26.289 [main] INFO  o.f.c.i.s.JdbcTableSchemaHistory - Creating Schema History table "main"."flyway_schema_history" ...
2025-12-16 21:41:26.333 [main] INFO  o.f.core.internal.command.DbMigrate - Current version of schema "main": << Empty Schema >>
2025-12-16 21:41:26.341 [main] INFO  o.f.core.internal.command.DbMigrate - Migrating schema "main" to version "1 - init students"
2025-12-16 21:41:26.367 [main] INFO  o.f.core.internal.command.DbMigrate - Migrating schema "main" to version "2 - init payments"
2025-12-16 21:41:26.385 [main] INFO  o.f.core.internal.command.DbMigrate - Migrating schema "main" to version "3 - messages and seed courses"
2025-12-16 21:41:26.402 [main] INFO  o.f.core.internal.command.DbMigrate - Migrating schema "main" to version "4 - student lookup indexes"
2025-12-16 21:41:26.419 [main] INFO  o.f.core.internal.command.DbMigrate - Migrating schema "main" to version "5 - create academic structure"
2025-12-16 21:41:26.441 [main] INFO  o.f.core.internal.command.DbMigrate - Migrating schema "main" to version "6 - seed demo data"
2025-12-16 21:41:26.459 [main] INFO  o.f.core.internal.command.DbMigrate - Migrating schema "main" to version "7 - create enrollments"
2025-12-16 21:41:26.475 [main] INFO  o.f.core.internal.command.DbMigrate - Migrating schema "main" to version "8 - create payments"
2025-12-16 21:41:26.496 [main] INFO  o.f.core.internal.command.DbMigrate - Successfully applied 8 migrations to schema "main", now at version v8 (execution time 00:00.023s)
2025-12-16 21:41:26.501 [main] INFO  util.DatabaseMigrator - Flyway migration complete. Applied: 8
2025-12-16 21:47:30.609 [main] INFO  org.flywaydb.core.FlywayExecutor - Database: jdbc:sqlite:enrollment.db (SQLite 3.39)
2025-12-16 21:47:30.670 [main] INFO  o.f.core.internal.command.DbValidate - Successfully validated 8 migrations (execution time 00:00.038s)
2025-12-16 21:47:30.676 [main] INFO  o.f.core.internal.command.DbMigrate - Current version of schema "main": 8
2025-12-16 21:47:30.682 [main] INFO  o.f.core.internal.command.DbMigrate - Schema "main" is up to date. No migration necessary.
2025-12-16 21:47:30.686 [main] INFO  util.DatabaseMigrator - Flyway migration complete. Applied: 0
2025-12-16 21:52:38.732 [main] INFO  org.flywaydb.core.FlywayExecutor - Database: jdbc:sqlite:enrollment.db (SQLite 3.39)
2025-12-16 21:52:38.773 [main] INFO  o.f.c.i.s.JdbcTableSchemaHistory - Schema history table "main"."flyway_schema_history" does not exist yet
2025-12-16 21:52:38.775 [main] INFO  o.f.core.internal.command.DbValidate - Successfully validated 8 migrations (execution time 00:00.020s)
2025-12-16 21:52:38.775 [main] INFO  o.f.c.i.s.JdbcTableSchemaHistory - Creating Schema History table "main"."flyway_schema_history" ...
2025-12-16 21:52:38.822 [main] INFO  o.f.core.internal.command.DbMigrate - Current version of schema "main": << Empty Schema >>
2025-12-16 21:52:38.829 [main] INFO  o.f.core.internal.command.DbMigrate - Migrating schema "main" to version "1 - init students"
2025-12-16 21:52:38.858 [main] INFO  o.f.core.internal.command.DbMigrate - Migrating schema "main" to version "2 - init payments"
2025-12-16 21:52:38.876 [main] INFO  o.f.core.internal.command.DbMigrate - Migrating schema "main" to version "3 - messages and seed courses"
2025-12-16 21:52:38.893 [main] INFO  o.f.core.internal.command.DbMigrate - Migrating schema "main" to version "4 - student lookup indexes"
2025-12-16 21:52:38.909 [main] INFO  o.f.core.internal.command.DbMigrate - Migrating schema "main" to version "5 - create academic structure"
2025-12-16 21:52:38.931 [main] INFO  o.f.core.internal.command.DbMigrate - Migrating schema "main" to version "6 - seed demo data"
2025-12-16 21:52:38.948 [main] INFO  o.f.core.internal.command.DbMigrate - Migrating schema "main" to version "7 - create enrollments"
2025-12-16 21:52:38.963 [main] INFO  o.f.core.internal.command.DbMigrate - Migrating schema "main" to version "8 - create payments"
2025-12-16 21:52:38.979 [main] INFO  o.f.core.internal.command.DbMigrate - Successfully applied 8 migrations to schema "main", now at version v8 (execution time 00:00.021s)
2025-12-16 21:52:38.988 [main] INFO  util.DatabaseMigrator - Flyway migration complete. Applied: 8
2025-12-16 21:56:03.760 [main] INFO  org.flywaydb.core.FlywayExecutor - Database: jdbc:sqlite:enrollment.db (SQLite 3.39)
2025-12-16 21:56:03.794 [main] INFO  o.f.c.i.s.JdbcTableSchemaHistory - Schema history table "main"."flyway_schema_history" does not exist yet
2025-12-16 21:56:03.801 [main] INFO  o.f.core.internal.command.DbValidate - Successfully validated 8 migrations (execution time 00:00.022s)
2025-12-16 21:56:03.805 [main] INFO  o.f.c.i.s.JdbcTableSchemaHistory - Creating Schema History table "main"."flyway_schema_history" ...
2025-12-16 21:56:03.844 [main] INFO  o.f.core.internal.command.DbMigrate - Current version of schema "main": << Empty Schema >>
2025-12-16 21:56:03.850 [main] INFO  o.f.core.internal.command.DbMigrate - Migrating schema "main" to version "1 - init students"
2025-12-16 21:56:03.879 [main] INFO  o.f.core.internal.command.DbMigrate - Migrating schema "main" to version "2 - init payments"
2025-12-16 21:56:03.896 [main] INFO  o.f.core.internal.command.DbMigrate - Migrating schema "main" to version "3 - messages and seed courses"
2025-12-16 21:56:03.912 [main] INFO  o.f.core.internal.command.DbMigrate - Migrating schema "main" to version "4 - student lookup indexes"
2025-12-16 21:56:03.938 [main] INFO  o.f.core.internal.command.DbMigrate - Migrating schema "main" to version "5 - create academic structure"
2025-12-16 21:56:03.958 [main] INFO  o.f.core.internal.command.DbMigrate - Migrating schema "main" to version "6 - seed demo data"
2025-12-16 21:56:03.976 [main] INFO  o.f.core.internal.command.DbMigrate - Migrating schema "main" to version "7 - create enrollments"
2025-12-16 21:56:03.991 [main] INFO  o.f.core.internal.command.DbMigrate - Migrating schema "main" to version "8 - create payments"
2025-12-16 21:56:04.010 [main] INFO  o.f.core.internal.command.DbMigrate - Successfully applied 8 migrations to schema "main", now at version v8 (execution time 00:00.021s)
2025-12-16 21:56:04.014 [main] INFO  util.DatabaseMigrator - Flyway migration complete. Applied: 8
2025-12-16 21:56:36.524 [AWT-EventQueue-0] INFO  ui.screens.StudentLoginScreen - Login attempt studentId=2023-0001 found=true auth=false pwdHashPrefix=$2a$10$7 wd=C:\Users\Asus\OneDrive\Documents\Java college vibe code\enrollmentSystem
2025-12-16 21:58:14.090 [main] INFO  org.flywaydb.core.FlywayExecutor - Database: jdbc:sqlite:enrollment.db (SQLite 3.39)
2025-12-16 21:58:14.139 [main] INFO  o.f.core.internal.command.DbValidate - Successfully validated 8 migrations (execution time 00:00.030s)
2025-12-16 21:58:14.148 [main] INFO  o.f.core.internal.command.DbMigrate - Current version of schema "main": 8
2025-12-16 21:58:14.150 [main] INFO  o.f.core.internal.command.DbMigrate - Schema "main" is up to date. No migration necessary.
2025-12-16 21:58:14.154 [main] INFO  util.DatabaseMigrator - Flyway migration complete. Applied: 0
2025-12-16 21:58:52.361 [AWT-EventQueue-0] INFO  ui.screens.StudentLoginScreen - Login attempt studentId=2023-0001 found=true auth=false pwdHashPrefix=$2a$10$7 wd=C:\Users\Asus\OneDrive\Documents\Java college vibe code\enrollmentSystem
2025-12-16 22:04:06.216 [main] INFO  org.flywaydb.core.FlywayExecutor - Database: jdbc:sqlite:enrollment.db (SQLite 3.39)
2025-12-16 22:04:06.257 [main] INFO  o.f.c.i.s.JdbcTableSchemaHistory - Schema history table "main"."flyway_schema_history" does not exist yet
2025-12-16 22:04:06.260 [main] INFO  o.f.core.internal.command.DbValidate - Successfully validated 8 migrations (execution time 00:00.020s)
2025-12-16 22:04:06.265 [main] INFO  o.f.c.i.s.JdbcTableSchemaHistory - Creating Schema History table "main"."flyway_schema_history" ...
2025-12-16 22:04:06.309 [main] INFO  o.f.core.internal.command.DbMigrate - Current version of schema "main": << Empty Schema >>
2025-12-16 22:04:06.315 [main] INFO  o.f.core.internal.command.DbMigrate - Migrating schema "main" to version "1 - init students"
2025-12-16 22:04:06.343 [main] INFO  o.f.core.internal.command.DbMigrate - Migrating schema "main" to version "2 - init payments"
2025-12-16 22:04:06.359 [main] INFO  o.f.core.internal.command.DbMigrate - Migrating schema "main" to version "3 - messages and seed courses"
2025-12-16 22:04:06.377 [main] INFO  o.f.core.internal.command.DbMigrate - Migrating schema "main" to version "4 - student lookup indexes"
2025-12-16 22:04:06.394 [main] INFO  o.f.core.internal.command.DbMigrate - Migrating schema "main" to version "5 - create academic structure"
2025-12-16 22:04:06.415 [main] INFO  o.f.core.internal.command.DbMigrate - Migrating schema "main" to version "6 - seed demo data"
2025-12-16 22:04:06.432 [main] INFO  o.f.core.internal.command.DbMigrate - Migrating schema "main" to version "7 - create enrollments"
2025-12-16 22:04:06.448 [main] INFO  o.f.core.internal.command.DbMigrate - Migrating schema "main" to version "8 - create payments"
2025-12-16 22:04:06.468 [main] INFO  o.f.core.internal.command.DbMigrate - Successfully applied 8 migrations to schema "main", now at version v8 (execution time 00:00.022s)
2025-12-16 22:04:06.475 [main] INFO  util.DatabaseMigrator - Flyway migration complete. Applied: 8
2025-12-16 22:04:49.564 [AWT-EventQueue-0] INFO  ui.screens.StudentLoginScreen - Login attempt studentId=2023-0001 found=true auth=false pwdHashPrefix=$2a$10$7 wd=C:\Users\Asus\OneDrive\Documents\Java college vibe code\enrollmentSystem inputLen=11 seededCheck=false
2025-12-16 22:05:15.615 [AWT-EventQueue-0] INFO  ui.screens.StudentLoginScreen - Login attempt studentId=2023-0001 found=true auth=false pwdHashPrefix=$2a$10$7 wd=C:\Users\Asus\OneDrive\Documents\Java college vibe code\enrollmentSystem inputLen=11 seededCheck=false
2025-12-16 22:09:51.526 [main] INFO  org.flywaydb.core.FlywayExecutor - Database: jdbc:sqlite:enrollment.db (SQLite 3.39)
2025-12-16 22:09:51.563 [main] INFO  o.f.c.i.s.JdbcTableSchemaHistory - Schema history table "main"."flyway_schema_history" does not exist yet
2025-12-16 22:09:51.566 [main] INFO  o.f.core.internal.command.DbValidate - Successfully validated 8 migrations (execution time 00:00.020s)
2025-12-16 22:09:51.571 [main] INFO  o.f.c.i.s.JdbcTableSchemaHistory - Creating Schema History table "main"."flyway_schema_history" ...
2025-12-16 22:09:51.613 [main] INFO  o.f.core.internal.command.DbMigrate - Current version of schema "main": << Empty Schema >>
2025-12-16 22:09:51.622 [main] INFO  o.f.core.internal.command.DbMigrate - Migrating schema "main" to version "1 - init students"
2025-12-16 22:09:51.651 [main] INFO  o.f.core.internal.command.DbMigrate - Migrating schema "main" to version "2 - init payments"
2025-12-16 22:09:51.668 [main] INFO  o.f.core.internal.command.DbMigrate - Migrating schema "main" to version "3 - messages and seed courses"
2025-12-16 22:09:51.687 [main] INFO  o.f.core.internal.command.DbMigrate - Migrating schema "main" to version "4 - student lookup indexes"
2025-12-16 22:09:51.705 [main] INFO  o.f.core.internal.command.DbMigrate - Migrating schema "main" to version "5 - create academic structure"
2025-12-16 22:09:51.726 [main] INFO  o.f.core.internal.command.DbMigrate - Migrating schema "main" to version "6 - seed demo data"
2025-12-16 22:09:51.743 [main] INFO  o.f.core.internal.command.DbMigrate - Migrating schema "main" to version "7 - create enrollments"
2025-12-16 22:09:51.759 [main] INFO  o.f.core.internal.command.DbMigrate - Migrating schema "main" to version "8 - create payments"
2025-12-16 22:09:51.777 [main] INFO  o.f.core.internal.command.DbMigrate - Successfully applied 8 migrations to schema "main", now at version v8 (execution time 00:00.024s)
2025-12-16 22:09:51.783 [main] INFO  util.DatabaseMigrator - Flyway migration complete. Applied: 8
2025-12-16 22:10:22.429 [AWT-EventQueue-0] INFO  ui.screens.StudentLoginScreen - Login attempt studentId=2023-0001 found=true auth=false pwdHashPrefix=$2b$10$z wd=C:\Users\Asus\OneDrive\Documents\Java college vibe code\enrollmentSystem inputLen=11 seededCheck=false
2025-12-16 22:19:54.832 [main] INFO  org.flywaydb.core.FlywayExecutor - Database: jdbc:sqlite:enrollment.db (SQLite 3.39)
2025-12-16 22:19:54.857 [main] INFO  o.f.c.i.s.JdbcTableSchemaHistory - Schema history table "main"."flyway_schema_history" does not exist yet
2025-12-16 22:19:54.859 [main] INFO  o.f.c.i.command.clean.CleanExecutor - Successfully dropped pre-schema database level objects (execution time 00:00.001s)
2025-12-16 22:19:54.859 [main] INFO  o.f.c.i.command.clean.CleanExecutor - Successfully cleaned schema "main" (execution time 00:00.000s)
2025-12-16 22:19:54.859 [main] INFO  o.f.c.i.command.clean.CleanExecutor - Successfully cleaned schema "main" (execution time 00:00.000s)
2025-12-16 22:19:54.859 [main] INFO  o.f.c.i.command.clean.CleanExecutor - Successfully dropped post-schema database level objects (execution time 00:00.000s)
2025-12-16 22:19:54.889 [main] INFO  o.f.c.i.s.JdbcTableSchemaHistory - Schema history table "main"."flyway_schema_history" does not exist yet
2025-12-16 22:19:54.892 [main] INFO  o.f.core.internal.command.DbValidate - Successfully validated 8 migrations (execution time 00:00.018s)
2025-12-16 22:19:54.892 [main] INFO  o.f.c.i.s.JdbcTableSchemaHistory - Creating Schema History table "main"."flyway_schema_history" ...
2025-12-16 22:19:54.949 [main] INFO  o.f.core.internal.command.DbMigrate - Current version of schema "main": << Empty Schema >>
2025-12-16 22:19:54.955 [main] INFO  o.f.core.internal.command.DbMigrate - Migrating schema "main" to version "1 - init students"
2025-12-16 22:19:54.984 [main] INFO  o.f.core.internal.command.DbMigrate - Migrating schema "main" to version "2 - init payments"
2025-12-16 22:19:55.001 [main] INFO  o.f.core.internal.command.DbMigrate - Migrating schema "main" to version "3 - messages and seed courses"
2025-12-16 22:19:55.018 [main] INFO  o.f.core.internal.command.DbMigrate - Migrating schema "main" to version "4 - student lookup indexes"
2025-12-16 22:19:55.035 [main] INFO  o.f.core.internal.command.DbMigrate - Migrating schema "main" to version "5 - create academic structure"
2025-12-16 22:19:55.056 [main] INFO  o.f.core.internal.command.DbMigrate - Migrating schema "main" to version "6 - seed demo data"
2025-12-16 22:19:55.073 [main] INFO  o.f.core.internal.command.DbMigrate - Migrating schema "main" to version "7 - create enrollments"
2025-12-16 22:19:55.089 [main] INFO  o.f.core.internal.command.DbMigrate - Migrating schema "main" to version "8 - create payments"
2025-12-16 22:19:55.110 [main] INFO  o.f.core.internal.command.DbMigrate - Successfully applied 8 migrations to schema "main", now at version v8 (execution time 00:00.021s)
2025-12-16 22:19:55.111 [main] INFO  util.DatabaseMigrator - Flyway migration complete. Applied: 8
2025-12-16 22:20:57.515 [AWT-EventQueue-0] INFO  ui.screens.StudentLoginScreen - Login attempt studentId=2023-0001 found=true auth=true pwdHashPrefix=$2a$10$z wd=C:\Users\Asus\OneDrive\Documents\Java college vibe code\enrollmentSystem inputLen=11 seededCheck=true
2025-12-16 22:21:04.921 [AWT-EventQueue-0] INFO  service.EnrollmentService - Enrollment completed: student 1 -> block Block A (enrollment #1)
2025-12-16 22:29:39.584 [main] INFO  org.flywaydb.core.FlywayExecutor - Database: jdbc:sqlite:enrollment.db (SQLite 3.39)
2025-12-16 22:29:39.622 [main] INFO  o.f.c.i.command.clean.CleanExecutor - Successfully dropped pre-schema database level objects (execution time 00:00.001s)
2025-12-16 22:29:39.640 [main] INFO  o.f.c.i.command.clean.CleanExecutor - Successfully cleaned schema "main" (execution time 00:00.018s)
2025-12-16 22:29:39.652 [main] INFO  o.f.c.i.command.clean.CleanExecutor - Successfully cleaned schema "main" (execution time 00:00.009s)
2025-12-16 22:29:39.654 [main] INFO  o.f.c.i.command.clean.CleanExecutor - Successfully dropped post-schema database level objects (execution time 00:00.000s)
2025-12-16 22:29:39.678 [main] INFO  o.f.c.i.s.JdbcTableSchemaHistory - Schema history table "main"."flyway_schema_history" does not exist yet
2025-12-16 22:29:39.681 [main] INFO  o.f.core.internal.command.DbValidate - Successfully validated 8 migrations (execution time 00:00.016s)
2025-12-16 22:29:39.684 [main] INFO  o.f.c.i.s.JdbcTableSchemaHistory - Creating Schema History table "main"."flyway_schema_history" ...
2025-12-16 22:29:39.714 [main] INFO  o.f.core.internal.command.DbMigrate - Current version of schema "main": << Empty Schema >>
2025-12-16 22:29:39.720 [main] INFO  o.f.core.internal.command.DbMigrate - Migrating schema "main" to version "1 - init students"
2025-12-16 22:29:39.745 [main] INFO  o.f.core.internal.command.DbMigrate - Migrating schema "main" to version "2 - init payments"
2025-12-16 22:29:39.763 [main] INFO  o.f.core.internal.command.DbMigrate - Migrating schema "main" to version "3 - messages and seed courses"
2025-12-16 22:29:39.780 [main] INFO  o.f.core.internal.command.DbMigrate - Migrating schema "main" to version "4 - student lookup indexes"
2025-12-16 22:29:39.798 [main] INFO  o.f.core.internal.command.DbMigrate - Migrating schema "main" to version "5 - create academic structure"
2025-12-16 22:29:39.817 [main] INFO  o.f.core.internal.command.DbMigrate - Migrating schema "main" to version "6 - seed demo data"
2025-12-16 22:29:39.835 [main] INFO  o.f.core.internal.command.DbMigrate - Migrating schema "main" to version "7 - create enrollments"
2025-12-16 22:29:39.852 [main] INFO  o.f.core.internal.command.DbMigrate - Migrating schema "main" to version "8 - create payments"
2025-12-16 22:29:39.875 [main] INFO  o.f.core.internal.command.DbMigrate - Successfully applied 8 migrations to schema "main", now at version v8 (execution time 00:00.024s)
2025-12-16 22:29:39.875 [main] INFO  util.DatabaseMigrator - Flyway migration complete. Applied: 8
2025-12-16 22:29:51.159 [main] INFO  org.flywaydb.core.FlywayExecutor - Database: jdbc:sqlite:enrollment.db (SQLite 3.39)
2025-12-16 22:29:51.195 [main] INFO  o.f.c.i.command.clean.CleanExecutor - Successfully dropped pre-schema database level objects (execution time 00:00.001s)
2025-12-16 22:29:51.214 [main] INFO  o.f.c.i.command.clean.CleanExecutor - Successfully cleaned schema "main" (execution time 00:00.017s)
2025-12-16 22:29:51.225 [main] INFO  o.f.c.i.command.clean.CleanExecutor - Successfully cleaned schema "main" (execution time 00:00.009s)
2025-12-16 22:29:51.225 [main] INFO  o.f.c.i.command.clean.CleanExecutor - Successfully dropped post-schema database level objects (execution time 00:00.000s)
2025-12-16 22:29:51.252 [main] INFO  o.f.c.i.s.JdbcTableSchemaHistory - Schema history table "main"."flyway_schema_history" does not exist yet
2025-12-16 22:29:51.256 [main] INFO  o.f.core.internal.command.DbValidate - Successfully validated 8 migrations (execution time 00:00.018s)
2025-12-16 22:29:51.258 [main] INFO  o.f.c.i.s.JdbcTableSchemaHistory - Creating Schema History table "main"."flyway_schema_history" ...
2025-12-16 22:29:51.290 [main] INFO  o.f.core.internal.command.DbMigrate - Current version of schema "main": << Empty Schema >>
2025-12-16 22:29:51.296 [main] INFO  o.f.core.internal.command.DbMigrate - Migrating schema "main" to version "1 - init students"
2025-12-16 22:29:51.321 [main] INFO  o.f.core.internal.command.DbMigrate - Migrating schema "main" to version "2 - init payments"
2025-12-16 22:29:51.341 [main] INFO  o.f.core.internal.command.DbMigrate - Migrating schema "main" to version "3 - messages and seed courses"
2025-12-16 22:29:51.356 [main] INFO  o.f.core.internal.command.DbMigrate - Migrating schema "main" to version "4 - student lookup indexes"
2025-12-16 22:29:51.372 [main] INFO  o.f.core.internal.command.DbMigrate - Migrating schema "main" to version "5 - create academic structure"
2025-12-16 22:29:51.393 [main] INFO  o.f.core.internal.command.DbMigrate - Migrating schema "main" to version "6 - seed demo data"
2025-12-16 22:29:51.411 [main] INFO  o.f.core.internal.command.DbMigrate - Migrating schema "main" to version "7 - create enrollments"
2025-12-16 22:29:51.427 [main] INFO  o.f.core.internal.command.DbMigrate - Migrating schema "main" to version "8 - create payments"
2025-12-16 22:29:51.446 [main] INFO  o.f.core.internal.command.DbMigrate - Successfully applied 8 migrations to schema "main", now at version v8 (execution time 00:00.021s)
2025-12-16 22:29:51.447 [main] INFO  util.DatabaseMigrator - Flyway migration complete. Applied: 8
2025-12-16 22:31:11.194 [main] INFO  org.flywaydb.core.FlywayExecutor - Database: jdbc:sqlite:enrollment.db (SQLite 3.39)
2025-12-16 22:31:11.234 [main] INFO  o.f.c.i.command.clean.CleanExecutor - Successfully dropped pre-schema database level objects (execution time 00:00.002s)
2025-12-16 22:31:11.247 [main] INFO  o.f.c.i.command.clean.CleanExecutor - Successfully cleaned schema "main" (execution time 00:00.016s)
2025-12-16 22:31:11.262 [main] INFO  o.f.c.i.command.clean.CleanExecutor - Successfully cleaned schema "main" (execution time 00:00.009s)
2025-12-16 22:31:11.263 [main] INFO  o.f.c.i.command.clean.CleanExecutor - Successfully dropped post-schema database level objects (execution time 00:00.000s)
2025-12-16 22:31:11.289 [main] INFO  o.f.c.i.s.JdbcTableSchemaHistory - Schema history table "main"."flyway_schema_history" does not exist yet
2025-12-16 22:31:11.293 [main] INFO  o.f.core.internal.command.DbValidate - Successfully validated 8 migrations (execution time 00:00.019s)
2025-12-16 22:31:11.296 [main] INFO  o.f.c.i.s.JdbcTableSchemaHistory - Creating Schema History table "main"."flyway_schema_history" ...
2025-12-16 22:31:11.328 [main] INFO  o.f.core.internal.command.DbMigrate - Current version of schema "main": << Empty Schema >>
2025-12-16 22:31:11.336 [main] INFO  o.f.core.internal.command.DbMigrate - Migrating schema "main" to version "1 - init students"
2025-12-16 22:31:11.361 [main] INFO  o.f.core.internal.command.DbMigrate - Migrating schema "main" to version "2 - init payments"
2025-12-16 22:31:11.377 [main] INFO  o.f.core.internal.command.DbMigrate - Migrating schema "main" to version "3 - messages and seed courses"
2025-12-16 22:31:11.395 [main] INFO  o.f.core.internal.command.DbMigrate - Migrating schema "main" to version "4 - student lookup indexes"
2025-12-16 22:31:11.411 [main] INFO  o.f.core.internal.command.DbMigrate - Migrating schema "main" to version "5 - create academic structure"
2025-12-16 22:31:11.431 [main] INFO  o.f.core.internal.command.DbMigrate - Migrating schema "main" to version "6 - seed demo data"
2025-12-16 22:31:11.447 [main] INFO  o.f.core.internal.command.DbMigrate - Migrating schema "main" to version "7 - create enrollments"
2025-12-16 22:31:11.463 [main] INFO  o.f.core.internal.command.DbMigrate - Migrating schema "main" to version "8 - create payments"
2025-12-16 22:31:11.484 [main] INFO  o.f.core.internal.command.DbMigrate - Successfully applied 8 migrations to schema "main", now at version v8 (execution time 00:00.023s)
2025-12-16 22:31:11.484 [main] INFO  util.DatabaseMigrator - Flyway migration complete. Applied: 8
2025-12-16 22:31:19.217 [main] INFO  org.flywaydb.core.FlywayExecutor - Database: jdbc:sqlite:enrollment.db (SQLite 3.39)
2025-12-16 22:31:19.257 [main] INFO  o.f.c.i.command.clean.CleanExecutor - Successfully dropped pre-schema database level objects (execution time 00:00.001s)
2025-12-16 22:31:19.276 [main] INFO  o.f.c.i.command.clean.CleanExecutor - Successfully cleaned schema "main" (execution time 00:00.017s)
2025-12-16 22:31:19.288 [main] INFO  o.f.c.i.command.clean.CleanExecutor - Successfully cleaned schema "main" (execution time 00:00.010s)
2025-12-16 22:31:19.289 [main] INFO  o.f.c.i.command.clean.CleanExecutor - Successfully dropped post-schema database level objects (execution time 00:00.000s)
2025-12-16 22:31:19.319 [main] INFO  o.f.c.i.s.JdbcTableSchemaHistory - Schema history table "main"."flyway_schema_history" does not exist yet
2025-12-16 22:31:19.321 [main] INFO  o.f.core.internal.command.DbValidate - Successfully validated 8 migrations (execution time 00:00.018s)
2025-12-16 22:31:19.326 [main] INFO  o.f.c.i.s.JdbcTableSchemaHistory - Creating Schema History table "main"."flyway_schema_history" ...
2025-12-16 22:31:19.358 [main] INFO  o.f.core.internal.command.DbMigrate - Current version of schema "main": << Empty Schema >>
2025-12-16 22:31:19.366 [main] INFO  o.f.core.internal.command.DbMigrate - Migrating schema "main" to version "1 - init students"
2025-12-16 22:31:19.393 [main] INFO  o.f.core.internal.command.DbMigrate - Migrating schema "main" to version "2 - init payments"
2025-12-16 22:31:19.411 [main] INFO  o.f.core.internal.command.DbMigrate - Migrating schema "main" to version "3 - messages and seed courses"
2025-12-16 22:31:19.429 [main] INFO  o.f.core.internal.command.DbMigrate - Migrating schema "main" to version "4 - student lookup indexes"
2025-12-16 22:31:19.447 [main] INFO  o.f.core.internal.command.DbMigrate - Migrating schema "main" to version "5 - create academic structure"
2025-12-16 22:31:19.470 [main] INFO  o.f.core.internal.command.DbMigrate - Migrating schema "main" to version "6 - seed demo data"
2025-12-16 22:31:19.487 [main] INFO  o.f.core.internal.command.DbMigrate - Migrating schema "main" to version "7 - create enrollments"
2025-12-16 22:31:19.505 [main] INFO  o.f.core.internal.command.DbMigrate - Migrating schema "main" to version "8 - create payments"
2025-12-16 22:31:19.529 [main] INFO  o.f.core.internal.command.DbMigrate - Successfully applied 8 migrations to schema "main", now at version v8 (execution time 00:00.025s)
2025-12-16 22:31:19.531 [main] INFO  util.DatabaseMigrator - Flyway migration complete. Applied: 8
2025-12-16 22:31:26.568 [main] INFO  org.flywaydb.core.FlywayExecutor - Database: jdbc:sqlite:enrollment.db (SQLite 3.39)
2025-12-16 22:31:26.613 [main] INFO  o.f.c.i.command.clean.CleanExecutor - Successfully dropped pre-schema database level objects (execution time 00:00.001s)
2025-12-16 22:31:26.631 [main] INFO  o.f.c.i.command.clean.CleanExecutor - Successfully cleaned schema "main" (execution time 00:00.016s)
2025-12-16 22:31:26.642 [main] INFO  o.f.c.i.command.clean.CleanExecutor - Successfully cleaned schema "main" (execution time 00:00.010s)
2025-12-16 22:31:26.644 [main] INFO  o.f.c.i.command.clean.CleanExecutor - Successfully dropped post-schema database level objects (execution time 00:00.000s)
2025-12-16 22:31:26.671 [main] INFO  o.f.c.i.s.JdbcTableSchemaHistory - Schema history table "main"."flyway_schema_history" does not exist yet
2025-12-16 22:31:26.673 [main] INFO  o.f.core.internal.command.DbValidate - Successfully validated 8 migrations (execution time 00:00.018s)
2025-12-16 22:31:26.675 [main] INFO  o.f.c.i.s.JdbcTableSchemaHistory - Creating Schema History table "main"."flyway_schema_history" ...
2025-12-16 22:31:26.708 [main] INFO  o.f.core.internal.command.DbMigrate - Current version of schema "main": << Empty Schema >>
2025-12-16 22:31:26.716 [main] INFO  o.f.core.internal.command.DbMigrate - Migrating schema "main" to version "1 - init students"
2025-12-16 22:31:26.741 [main] INFO  o.f.core.internal.command.DbMigrate - Migrating schema "main" to version "2 - init payments"
2025-12-16 22:31:26.759 [main] INFO  o.f.core.internal.command.DbMigrate - Migrating schema "main" to version "3 - messages and seed courses"
2025-12-16 22:31:26.774 [main] INFO  o.f.core.internal.command.DbMigrate - Migrating schema "main" to version "4 - student lookup indexes"
2025-12-16 22:31:26.791 [main] INFO  o.f.core.internal.command.DbMigrate - Migrating schema "main" to version "5 - create academic structure"
2025-12-16 22:31:26.812 [main] INFO  o.f.core.internal.command.DbMigrate - Migrating schema "main" to version "6 - seed demo data"
2025-12-16 22:31:26.828 [main] INFO  o.f.core.internal.command.DbMigrate - Migrating schema "main" to version "7 - create enrollments"
2025-12-16 22:31:26.844 [main] INFO  o.f.core.internal.command.DbMigrate - Migrating schema "main" to version "8 - create payments"
2025-12-16 22:31:26.866 [main] INFO  o.f.core.internal.command.DbMigrate - Successfully applied 8 migrations to schema "main", now at version v8 (execution time 00:00.021s)
2025-12-16 22:31:26.866 [main] INFO  util.DatabaseMigrator - Flyway migration complete. Applied: 8
2025-12-16 22:33:27.404 [main] INFO  org.flywaydb.core.FlywayExecutor - Database: jdbc:sqlite:enrollment.db (SQLite 3.39)
2025-12-16 22:33:27.439 [main] INFO  o.f.c.i.command.clean.CleanExecutor - Successfully dropped pre-schema database level objects (execution time 00:00.001s)
2025-12-16 22:33:27.457 [main] INFO  o.f.c.i.command.clean.CleanExecutor - Successfully cleaned schema "main" (execution time 00:00.017s)
2025-12-16 22:33:27.470 [main] INFO  o.f.c.i.command.clean.CleanExecutor - Successfully cleaned schema "main" (execution time 00:00.009s)
2025-12-16 22:33:27.471 [main] INFO  o.f.c.i.command.clean.CleanExecutor - Successfully dropped post-schema database level objects (execution time 00:00.000s)
2025-12-16 22:33:27.494 [main] INFO  o.f.c.i.s.JdbcTableSchemaHistory - Schema history table "main"."flyway_schema_history" does not exist yet
2025-12-16 22:33:27.500 [main] INFO  o.f.core.internal.command.DbValidate - Successfully validated 8 migrations (execution time 00:00.017s)
2025-12-16 22:33:27.503 [main] INFO  o.f.c.i.s.JdbcTableSchemaHistory - Creating Schema History table "main"."flyway_schema_history" ...
2025-12-16 22:33:27.532 [main] INFO  o.f.core.internal.command.DbMigrate - Current version of schema "main": << Empty Schema >>
2025-12-16 22:33:27.540 [main] INFO  o.f.core.internal.command.DbMigrate - Migrating schema "main" to version "1 - init students"
2025-12-16 22:33:27.566 [main] INFO  o.f.core.internal.command.DbMigrate - Migrating schema "main" to version "2 - init payments"
2025-12-16 22:33:27.583 [main] INFO  o.f.core.internal.command.DbMigrate - Migrating schema "main" to version "3 - messages and seed courses"
2025-12-16 22:33:27.601 [main] INFO  o.f.core.internal.command.DbMigrate - Migrating schema "main" to version "4 - student lookup indexes"
2025-12-16 22:33:27.617 [main] INFO  o.f.core.internal.command.DbMigrate - Migrating schema "main" to version "5 - create academic structure"
2025-12-16 22:33:27.638 [main] INFO  o.f.core.internal.command.DbMigrate - Migrating schema "main" to version "6 - seed demo data"
2025-12-16 22:33:27.651 [main] INFO  o.f.core.internal.command.DbMigrate - Migrating schema "main" to version "7 - create enrollments"
2025-12-16 22:33:27.669 [main] INFO  o.f.core.internal.command.DbMigrate - Migrating schema "main" to version "8 - create payments"
2025-12-16 22:33:27.691 [main] INFO  o.f.core.internal.command.DbMigrate - Successfully applied 8 migrations to schema "main", now at version v8 (execution time 00:00.022s)
2025-12-16 22:33:27.692 [main] INFO  util.DatabaseMigrator - Flyway migration complete. Applied: 8
2025-12-16 22:33:34.579 [main] INFO  org.flywaydb.core.FlywayExecutor - Database: jdbc:sqlite:enrollment.db (SQLite 3.39)
2025-12-16 22:33:34.616 [main] INFO  o.f.c.i.command.clean.CleanExecutor - Successfully dropped pre-schema database level objects (execution time 00:00.001s)
2025-12-16 22:33:34.639 [main] INFO  o.f.c.i.command.clean.CleanExecutor - Successfully cleaned schema "main" (execution time 00:00.021s)
2025-12-16 22:33:34.651 [main] INFO  o.f.c.i.command.clean.CleanExecutor - Successfully cleaned schema "main" (execution time 00:00.010s)
2025-12-16 22:33:34.652 [main] INFO  o.f.c.i.command.clean.CleanExecutor - Successfully dropped post-schema database level objects (execution time 00:00.000s)
2025-12-16 22:33:34.677 [main] INFO  o.f.c.i.s.JdbcTableSchemaHistory - Schema history table "main"."flyway_schema_history" does not exist yet
2025-12-16 22:33:34.679 [main] INFO  o.f.core.internal.command.DbValidate - Successfully validated 8 migrations (execution time 00:00.016s)
2025-12-16 22:33:34.683 [main] INFO  o.f.c.i.s.JdbcTableSchemaHistory - Creating Schema History table "main"."flyway_schema_history" ...
2025-12-16 22:33:34.715 [main] INFO  o.f.core.internal.command.DbMigrate - Current version of schema "main": << Empty Schema >>
2025-12-16 22:33:34.723 [main] INFO  o.f.core.internal.command.DbMigrate - Migrating schema "main" to version "1 - init students"
2025-12-16 22:33:34.750 [main] INFO  o.f.core.internal.command.DbMigrate - Migrating schema "main" to version "2 - init payments"
2025-12-16 22:33:34.764 [main] INFO  o.f.core.internal.command.DbMigrate - Migrating schema "main" to version "3 - messages and seed courses"
2025-12-16 22:33:34.787 [main] INFO  o.f.core.internal.command.DbMigrate - Migrating schema "main" to version "4 - student lookup indexes"
2025-12-16 22:33:34.811 [main] INFO  o.f.core.internal.command.DbMigrate - Migrating schema "main" to version "5 - create academic structure"
2025-12-16 22:33:34.831 [main] INFO  o.f.core.internal.command.DbMigrate - Migrating schema "main" to version "6 - seed demo data"
2025-12-16 22:33:34.847 [main] INFO  o.f.core.internal.command.DbMigrate - Migrating schema "main" to version "7 - create enrollments"
2025-12-16 22:33:34.862 [main] INFO  o.f.core.internal.command.DbMigrate - Migrating schema "main" to version "8 - create payments"
2025-12-16 22:33:34.883 [main] INFO  o.f.core.internal.command.DbMigrate - Successfully applied 8 migrations to schema "main", now at version v8 (execution time 00:00.025s)
2025-12-16 22:33:34.884 [main] INFO  util.DatabaseMigrator - Flyway migration complete. Applied: 8
2025-12-16 22:40:54.257 [main] INFO  org.flywaydb.core.FlywayExecutor - Database: jdbc:sqlite:enrollment.db (SQLite 3.39)
2025-12-16 22:40:54.295 [main] INFO  o.f.c.i.command.clean.CleanExecutor - Successfully dropped pre-schema database level objects (execution time 00:00.001s)
2025-12-16 22:40:54.308 [main] INFO  o.f.c.i.command.clean.CleanExecutor - Successfully cleaned schema "main" (execution time 00:00.016s)
2025-12-16 22:40:54.325 [main] INFO  o.f.c.i.command.clean.CleanExecutor - Successfully cleaned schema "main" (execution time 00:00.010s)
2025-12-16 22:40:54.326 [main] INFO  o.f.c.i.command.clean.CleanExecutor - Successfully dropped post-schema database level objects (execution time 00:00.000s)
2025-12-16 22:40:54.348 [main] INFO  o.f.c.i.s.JdbcTableSchemaHistory - Schema history table "main"."flyway_schema_history" does not exist yet
2025-12-16 22:40:54.352 [main] INFO  o.f.core.internal.command.DbValidate - Successfully validated 8 migrations (execution time 00:00.016s)
2025-12-16 22:40:54.356 [main] INFO  o.f.c.i.s.JdbcTableSchemaHistory - Creating Schema History table "main"."flyway_schema_history" ...
2025-12-16 22:40:54.387 [main] INFO  o.f.core.internal.command.DbMigrate - Current version of schema "main": << Empty Schema >>
2025-12-16 22:40:54.394 [main] INFO  o.f.core.internal.command.DbMigrate - Migrating schema "main" to version "1 - init students"
2025-12-16 22:40:54.419 [main] INFO  o.f.core.internal.command.DbMigrate - Migrating schema "main" to version "2 - init payments"
2025-12-16 22:40:54.436 [main] INFO  o.f.core.internal.command.DbMigrate - Migrating schema "main" to version "3 - messages and seed courses"
2025-12-16 22:40:54.454 [main] INFO  o.f.core.internal.command.DbMigrate - Migrating schema "main" to version "4 - student lookup indexes"
2025-12-16 22:40:54.469 [main] INFO  o.f.core.internal.command.DbMigrate - Migrating schema "main" to version "5 - create academic structure"
2025-12-16 22:40:54.490 [main] INFO  o.f.core.internal.command.DbMigrate - Migrating schema "main" to version "6 - seed demo data"
2025-12-16 22:40:54.506 [main] INFO  o.f.core.internal.command.DbMigrate - Migrating schema "main" to version "7 - create enrollments"
2025-12-16 22:40:54.520 [main] INFO  o.f.core.internal.command.DbMigrate - Migrating schema "main" to version "8 - create payments"
2025-12-16 22:40:54.537 [main] INFO  o.f.core.internal.command.DbMigrate - Successfully applied 8 migrations to schema "main", now at version v8 (execution time 00:00.021s)
2025-12-16 22:40:54.537 [main] INFO  util.DatabaseMigrator - Flyway migration complete. Applied: 8
2025-12-16 22:41:10.730 [main] INFO  org.flywaydb.core.FlywayExecutor - Database: jdbc:sqlite:enrollment.db (SQLite 3.39)
2025-12-16 22:41:10.767 [main] INFO  o.f.c.i.command.clean.CleanExecutor - Successfully dropped pre-schema database level objects (execution time 00:00.001s)
2025-12-16 22:41:10.785 [main] INFO  o.f.c.i.command.clean.CleanExecutor - Successfully cleaned schema "main" (execution time 00:00.017s)
2025-12-16 22:41:10.794 [main] INFO  o.f.c.i.command.clean.CleanExecutor - Successfully cleaned schema "main" (execution time 00:00.008s)
2025-12-16 22:41:10.795 [main] INFO  o.f.c.i.command.clean.CleanExecutor - Successfully dropped post-schema database level objects (execution time 00:00.000s)
2025-12-16 22:41:10.820 [main] INFO  o.f.c.i.s.JdbcTableSchemaHistory - Schema history table "main"."flyway_schema_history" does not exist yet
2025-12-16 22:41:10.823 [main] INFO  o.f.core.internal.command.DbValidate - Successfully validated 8 migrations (execution time 00:00.017s)
2025-12-16 22:41:10.826 [main] INFO  o.f.c.i.s.JdbcTableSchemaHistory - Creating Schema History table "main"."flyway_schema_history" ...
2025-12-16 22:41:10.856 [main] INFO  o.f.core.internal.command.DbMigrate - Current version of schema "main": << Empty Schema >>
2025-12-16 22:41:10.864 [main] INFO  o.f.core.internal.command.DbMigrate - Migrating schema "main" to version "1 - init students"
2025-12-16 22:41:10.891 [main] INFO  o.f.core.internal.command.DbMigrate - Migrating schema "main" to version "2 - init payments"
2025-12-16 22:41:10.910 [main] INFO  o.f.core.internal.command.DbMigrate - Migrating schema "main" to version "3 - messages and seed courses"
2025-12-16 22:41:10.927 [main] INFO  o.f.core.internal.command.DbMigrate - Migrating schema "main" to version "4 - student lookup indexes"
2025-12-16 22:41:10.943 [main] INFO  o.f.core.internal.command.DbMigrate - Migrating schema "main" to version "5 - create academic structure"
2025-12-16 22:41:10.968 [main] INFO  o.f.core.internal.command.DbMigrate - Migrating schema "main" to version "6 - seed demo data"
2025-12-16 22:41:10.986 [main] INFO  o.f.core.internal.command.DbMigrate - Migrating schema "main" to version "7 - create enrollments"
2025-12-16 22:41:11.002 [main] INFO  o.f.core.internal.command.DbMigrate - Migrating schema "main" to version "8 - create payments"
2025-12-16 22:41:11.023 [main] INFO  o.f.core.internal.command.DbMigrate - Successfully applied 8 migrations to schema "main", now at version v8 (execution time 00:00.023s)
2025-12-16 22:41:11.024 [main] INFO  util.DatabaseMigrator - Flyway migration complete. Applied: 8
2025-12-16 22:41:49.472 [main] INFO  org.flywaydb.core.FlywayExecutor - Database: jdbc:sqlite:enrollment.db (SQLite 3.39)
2025-12-16 22:41:49.514 [main] INFO  o.f.c.i.command.clean.CleanExecutor - Successfully dropped pre-schema database level objects (execution time 00:00.001s)
2025-12-16 22:41:49.546 [main] INFO  o.f.c.i.command.clean.CleanExecutor - Successfully cleaned schema "main" (execution time 00:00.030s)
2025-12-16 22:41:49.549 [main] INFO  o.f.c.i.command.clean.CleanExecutor - Successfully cleaned schema "main" (execution time 00:00.010s)
2025-12-16 22:41:49.558 [main] INFO  o.f.c.i.command.clean.CleanExecutor - Successfully dropped post-schema database level objects (execution time 00:00.000s)
2025-12-16 22:41:49.588 [main] INFO  o.f.c.i.s.JdbcTableSchemaHistory - Schema history table "main"."flyway_schema_history" does not exist yet
2025-12-16 22:41:49.592 [main] INFO  o.f.core.internal.command.DbValidate - Successfully validated 8 migrations (execution time 00:00.022s)
2025-12-16 22:41:49.596 [main] INFO  o.f.c.i.s.JdbcTableSchemaHistory - Creating Schema History table "main"."flyway_schema_history" ...
2025-12-16 22:41:49.630 [main] INFO  o.f.core.internal.command.DbMigrate - Current version of schema "main": << Empty Schema >>
2025-12-16 22:41:49.638 [main] INFO  o.f.core.internal.command.DbMigrate - Migrating schema "main" to version "1 - init students"
2025-12-16 22:41:49.663 [main] INFO  o.f.core.internal.command.DbMigrate - Migrating schema "main" to version "2 - init payments"
2025-12-16 22:41:49.681 [main] INFO  o.f.core.internal.command.DbMigrate - Migrating schema "main" to version "3 - messages and seed courses"
2025-12-16 22:41:49.699 [main] INFO  o.f.core.internal.command.DbMigrate - Migrating schema "main" to version "4 - student lookup indexes"
2025-12-16 22:41:49.719 [main] INFO  o.f.core.internal.command.DbMigrate - Migrating schema "main" to version "5 - create academic structure"
2025-12-16 22:41:49.739 [main] INFO  o.f.core.internal.command.DbMigrate - Migrating schema "main" to version "6 - seed demo data"
2025-12-16 22:41:49.754 [main] INFO  o.f.core.internal.command.DbMigrate - Migrating schema "main" to version "7 - create enrollments"
2025-12-16 22:41:49.766 [main] INFO  o.f.core.internal.command.DbMigrate - Migrating schema "main" to version "8 - create payments"
2025-12-16 22:41:49.791 [main] INFO  o.f.core.internal.command.DbMigrate - Successfully applied 8 migrations to schema "main", now at version v8 (execution time 00:00.023s)
2025-12-16 22:41:49.791 [main] INFO  util.DatabaseMigrator - Flyway migration complete. Applied: 8
2025-12-16 22:43:27.860 [main] INFO  org.flywaydb.core.FlywayExecutor - Database: jdbc:sqlite:enrollment.db (SQLite 3.39)
2025-12-16 22:43:27.902 [main] INFO  o.f.c.i.command.clean.CleanExecutor - Successfully dropped pre-schema database level objects (execution time 00:00.001s)
2025-12-16 22:43:27.921 [main] INFO  o.f.c.i.command.clean.CleanExecutor - Successfully cleaned schema "main" (execution time 00:00.017s)
2025-12-16 22:43:27.931 [main] INFO  o.f.c.i.command.clean.CleanExecutor - Successfully cleaned schema "main" (execution time 00:00.009s)
2025-12-16 22:43:27.932 [main] INFO  o.f.c.i.command.clean.CleanExecutor - Successfully dropped post-schema database level objects (execution time 00:00.000s)
2025-12-16 22:43:27.954 [main] INFO  o.f.c.i.s.JdbcTableSchemaHistory - Schema history table "main"."flyway_schema_history" does not exist yet
2025-12-16 22:43:27.954 [main] INFO  o.f.core.internal.command.DbValidate - Successfully validated 8 migrations (execution time 00:00.016s)
2025-12-16 22:43:27.960 [main] INFO  o.f.c.i.s.JdbcTableSchemaHistory - Creating Schema History table "main"."flyway_schema_history" ...
2025-12-16 22:43:27.990 [main] INFO  o.f.core.internal.command.DbMigrate - Current version of schema "main": << Empty Schema >>
2025-12-16 22:43:28.000 [main] INFO  o.f.core.internal.command.DbMigrate - Migrating schema "main" to version "1 - init students"
2025-12-16 22:43:28.023 [main] INFO  o.f.core.internal.command.DbMigrate - Migrating schema "main" to version "2 - init payments"
2025-12-16 22:43:28.037 [main] INFO  o.f.core.internal.command.DbMigrate - Migrating schema "main" to version "3 - messages and seed courses"
2025-12-16 22:43:28.054 [main] INFO  o.f.core.internal.command.DbMigrate - Migrating schema "main" to version "4 - student lookup indexes"
2025-12-16 22:43:28.071 [main] INFO  o.f.core.internal.command.DbMigrate - Migrating schema "main" to version "5 - create academic structure"
2025-12-16 22:43:28.091 [main] INFO  o.f.core.internal.command.DbMigrate - Migrating schema "main" to version "6 - seed demo data"
2025-12-16 22:43:28.109 [main] INFO  o.f.core.internal.command.DbMigrate - Migrating schema "main" to version "7 - create enrollments"
2025-12-16 22:43:28.123 [main] INFO  o.f.core.internal.command.DbMigrate - Migrating schema "main" to version "8 - create payments"
2025-12-16 22:43:28.144 [main] INFO  o.f.core.internal.command.DbMigrate - Successfully applied 8 migrations to schema "main", now at version v8 (execution time 00:00.022s)
2025-12-16 22:43:28.145 [main] INFO  util.DatabaseMigrator - Flyway migration complete. Applied: 8
2025-12-16 22:44:25.664 [main] INFO  org.flywaydb.core.FlywayExecutor - Database: jdbc:sqlite:enrollment.db (SQLite 3.39)
2025-12-16 22:44:25.700 [main] INFO  o.f.c.i.command.clean.CleanExecutor - Successfully dropped pre-schema database level objects (execution time 00:00.001s)
2025-12-16 22:44:25.718 [main] INFO  o.f.c.i.command.clean.CleanExecutor - Successfully cleaned schema "main" (execution time 00:00.016s)
2025-12-16 22:44:25.730 [main] INFO  o.f.c.i.command.clean.CleanExecutor - Successfully cleaned schema "main" (execution time 00:00.010s)
2025-12-16 22:44:25.731 [main] INFO  o.f.c.i.command.clean.CleanExecutor - Successfully dropped post-schema database level objects (execution time 00:00.000s)
2025-12-16 22:44:25.759 [main] INFO  o.f.c.i.s.JdbcTableSchemaHistory - Schema history table "main"."flyway_schema_history" does not exist yet
2025-12-16 22:44:25.762 [main] INFO  o.f.core.internal.command.DbValidate - Successfully validated 8 migrations (execution time 00:00.020s)
2025-12-16 22:44:25.765 [main] INFO  o.f.c.i.s.JdbcTableSchemaHistory - Creating Schema History table "main"."flyway_schema_history" ...
2025-12-16 22:44:25.800 [main] INFO  o.f.core.internal.command.DbMigrate - Current version of schema "main": << Empty Schema >>
2025-12-16 22:44:25.809 [main] INFO  o.f.core.internal.command.DbMigrate - Migrating schema "main" to version "1 - init students"
2025-12-16 22:44:25.834 [main] INFO  o.f.core.internal.command.DbMigrate - Migrating schema "main" to version "2 - init payments"
2025-12-16 22:44:25.857 [main] INFO  o.f.core.internal.command.DbMigrate - Migrating schema "main" to version "3 - messages and seed courses"
2025-12-16 22:44:25.875 [main] INFO  o.f.core.internal.command.DbMigrate - Migrating schema "main" to version "4 - student lookup indexes"
2025-12-16 22:44:25.891 [main] INFO  o.f.core.internal.command.DbMigrate - Migrating schema "main" to version "5 - create academic structure"
2025-12-16 22:44:25.912 [main] INFO  o.f.core.internal.command.DbMigrate - Migrating schema "main" to version "6 - seed demo data"
2025-12-16 22:44:25.929 [main] INFO  o.f.core.internal.command.DbMigrate - Migrating schema "main" to version "7 - create enrollments"
2025-12-16 22:44:25.944 [main] INFO  o.f.core.internal.command.DbMigrate - Migrating schema "main" to version "8 - create payments"
2025-12-16 22:44:25.965 [main] INFO  o.f.core.internal.command.DbMigrate - Successfully applied 8 migrations to schema "main", now at version v8 (execution time 00:00.023s)
2025-12-16 22:44:25.966 [main] INFO  util.DatabaseMigrator - Flyway migration complete. Applied: 8
2025-12-16 22:44:33.927 [main] INFO  org.flywaydb.core.FlywayExecutor - Database: jdbc:sqlite:enrollment.db (SQLite 3.39)
2025-12-16 22:44:33.965 [main] INFO  o.f.c.i.command.clean.CleanExecutor - Successfully dropped pre-schema database level objects (execution time 00:00.001s)
2025-12-16 22:44:33.986 [main] INFO  o.f.c.i.command.clean.CleanExecutor - Successfully cleaned schema "main" (execution time 00:00.020s)
2025-12-16 22:44:33.998 [main] INFO  o.f.c.i.command.clean.CleanExecutor - Successfully cleaned schema "main" (execution time 00:00.010s)
2025-12-16 22:44:33.999 [main] INFO  o.f.c.i.command.clean.CleanExecutor - Successfully dropped post-schema database level objects (execution time 00:00.000s)
2025-12-16 22:44:34.023 [main] INFO  o.f.c.i.s.JdbcTableSchemaHistory - Schema history table "main"."flyway_schema_history" does not exist yet
2025-12-16 22:44:34.026 [main] INFO  o.f.core.internal.command.DbValidate - Successfully validated 8 migrations (execution time 00:00.016s)
2025-12-16 22:44:34.029 [main] INFO  o.f.c.i.s.JdbcTableSchemaHistory - Creating Schema History table "main"."flyway_schema_history" ...
2025-12-16 22:44:34.058 [main] INFO  o.f.core.internal.command.DbMigrate - Current version of schema "main": << Empty Schema >>
2025-12-16 22:44:34.066 [main] INFO  o.f.core.internal.command.DbMigrate - Migrating schema "main" to version "1 - init students"
2025-12-16 22:44:34.090 [main] INFO  o.f.core.internal.command.DbMigrate - Migrating schema "main" to version "2 - init payments"
2025-12-16 22:44:34.107 [main] INFO  o.f.core.internal.command.DbMigrate - Migrating schema "main" to version "3 - messages and seed courses"
2025-12-16 22:44:34.120 [main] INFO  o.f.core.internal.command.DbMigrate - Migrating schema "main" to version "4 - student lookup indexes"
2025-12-16 22:44:34.139 [main] INFO  o.f.core.internal.command.DbMigrate - Migrating schema "main" to version "5 - create academic structure"
2025-12-16 22:44:34.160 [main] INFO  o.f.core.internal.command.DbMigrate - Migrating schema "main" to version "6 - seed demo data"
2025-12-16 22:44:34.176 [main] INFO  o.f.core.internal.command.DbMigrate - Migrating schema "main" to version "7 - create enrollments"
2025-12-16 22:44:34.194 [main] INFO  o.f.core.internal.command.DbMigrate - Migrating schema "main" to version "8 - create payments"
2025-12-16 22:44:34.215 [main] INFO  o.f.core.internal.command.DbMigrate - Successfully applied 8 migrations to schema "main", now at version v8 (execution time 00:00.022s)
2025-12-16 22:44:34.215 [main] INFO  util.DatabaseMigrator - Flyway migration complete. Applied: 8
2025-12-16 22:46:20.505 [main] INFO  org.flywaydb.core.FlywayExecutor - Database: jdbc:sqlite:enrollment.db (SQLite 3.39)
2025-12-16 22:46:20.542 [main] INFO  o.f.c.i.command.clean.CleanExecutor - Successfully dropped pre-schema database level objects (execution time 00:00.001s)
2025-12-16 22:46:20.562 [main] INFO  o.f.c.i.command.clean.CleanExecutor - Successfully cleaned schema "main" (execution time 00:00.017s)
2025-12-16 22:46:20.572 [main] INFO  o.f.c.i.command.clean.CleanExecutor - Successfully cleaned schema "main" (execution time 00:00.009s)
2025-12-16 22:46:20.573 [main] INFO  o.f.c.i.command.clean.CleanExecutor - Successfully dropped post-schema database level objects (execution time 00:00.000s)
2025-12-16 22:46:20.598 [main] INFO  o.f.c.i.s.JdbcTableSchemaHistory - Schema history table "main"."flyway_schema_history" does not exist yet
2025-12-16 22:46:20.602 [main] INFO  o.f.core.internal.command.DbValidate - Successfully validated 8 migrations (execution time 00:00.017s)
2025-12-16 22:46:20.606 [main] INFO  o.f.c.i.s.JdbcTableSchemaHistory - Creating Schema History table "main"."flyway_schema_history" ...
2025-12-16 22:46:20.638 [main] INFO  o.f.core.internal.command.DbMigrate - Current version of schema "main": << Empty Schema >>
2025-12-16 22:46:20.647 [main] INFO  o.f.core.internal.command.DbMigrate - Migrating schema "main" to version "1 - init students"
2025-12-16 22:46:20.670 [main] INFO  o.f.core.internal.command.DbMigrate - Migrating schema "main" to version "2 - init payments"
2025-12-16 22:46:20.687 [main] INFO  o.f.core.internal.command.DbMigrate - Migrating schema "main" to version "3 - messages and seed courses"
2025-12-16 22:46:20.704 [main] INFO  o.f.core.internal.command.DbMigrate - Migrating schema "main" to version "4 - student lookup indexes"
2025-12-16 22:46:20.722 [main] INFO  o.f.core.internal.command.DbMigrate - Migrating schema "main" to version "5 - create academic structure"
2025-12-16 22:46:20.738 [main] INFO  o.f.core.internal.command.DbMigrate - Migrating schema "main" to version "6 - seed demo data"
2025-12-16 22:46:20.757 [main] INFO  o.f.core.internal.command.DbMigrate - Migrating schema "main" to version "7 - create enrollments"
2025-12-16 22:46:20.776 [main] INFO  o.f.core.internal.command.DbMigrate - Migrating schema "main" to version "8 - create payments"
2025-12-16 22:46:20.799 [main] INFO  o.f.core.internal.command.DbMigrate - Successfully applied 8 migrations to schema "main", now at version v8 (execution time 00:00.023s)
2025-12-16 22:46:20.799 [main] INFO  util.DatabaseMigrator - Flyway migration complete. Applied: 8
2025-12-16 22:49:15.909 [main] INFO  org.flywaydb.core.FlywayExecutor - Database: jdbc:sqlite:enrollment.db (SQLite 3.39)
2025-12-16 22:49:15.946 [main] INFO  o.f.c.i.command.clean.CleanExecutor - Successfully dropped pre-schema database level objects (execution time 00:00.001s)
2025-12-16 22:49:15.969 [main] INFO  o.f.c.i.command.clean.CleanExecutor - Successfully cleaned schema "main" (execution time 00:00.021s)
2025-12-16 22:49:15.979 [main] INFO  o.f.c.i.command.clean.CleanExecutor - Successfully cleaned schema "main" (execution time 00:00.009s)
2025-12-16 22:49:15.980 [main] INFO  o.f.c.i.command.clean.CleanExecutor - Successfully dropped post-schema database level objects (execution time 00:00.000s)
2025-12-16 22:49:16.005 [main] INFO  o.f.c.i.s.JdbcTableSchemaHistory - Schema history table "main"."flyway_schema_history" does not exist yet
2025-12-16 22:49:16.008 [main] INFO  o.f.core.internal.command.DbValidate - Successfully validated 8 migrations (execution time 00:00.017s)
2025-12-16 22:49:16.010 [main] INFO  o.f.c.i.s.JdbcTableSchemaHistory - Creating Schema History table "main"."flyway_schema_history" ...
2025-12-16 22:49:16.042 [main] INFO  o.f.core.internal.command.DbMigrate - Current version of schema "main": << Empty Schema >>
2025-12-16 22:49:16.045 [main] INFO  o.f.core.internal.command.DbMigrate - Migrating schema "main" to version "1 - init students"
2025-12-16 22:49:16.075 [main] INFO  o.f.core.internal.command.DbMigrate - Migrating schema "main" to version "2 - init payments"
2025-12-16 22:49:16.093 [main] INFO  o.f.core.internal.command.DbMigrate - Migrating schema "main" to version "3 - messages and seed courses"
2025-12-16 22:49:16.109 [main] INFO  o.f.core.internal.command.DbMigrate - Migrating schema "main" to version "4 - student lookup indexes"
2025-12-16 22:49:16.126 [main] INFO  o.f.core.internal.command.DbMigrate - Migrating schema "main" to version "5 - create academic structure"
2025-12-16 22:49:16.148 [main] INFO  o.f.core.internal.command.DbMigrate - Migrating schema "main" to version "6 - seed demo data"
2025-12-16 22:49:16.165 [main] INFO  o.f.core.internal.command.DbMigrate - Migrating schema "main" to version "7 - create enrollments"
2025-12-16 22:49:16.181 [main] INFO  o.f.core.internal.command.DbMigrate - Migrating schema "main" to version "8 - create payments"
2025-12-16 22:49:16.200 [main] INFO  o.f.core.internal.command.DbMigrate - Successfully applied 8 migrations to schema "main", now at version v8 (execution time 00:00.020s)
2025-12-16 22:49:16.201 [main] INFO  util.DatabaseMigrator - Flyway migration complete. Applied: 8
2025-12-16 22:51:15.942 [main] INFO  org.flywaydb.core.FlywayExecutor - Database: jdbc:sqlite:enrollment.db (SQLite 3.39)
2025-12-16 22:51:15.977 [main] INFO  o.f.c.i.command.clean.CleanExecutor - Successfully dropped pre-schema database level objects (execution time 00:00.001s)
2025-12-16 22:51:15.996 [main] INFO  o.f.c.i.command.clean.CleanExecutor - Successfully cleaned schema "main" (execution time 00:00.018s)
2025-12-16 22:51:16.007 [main] INFO  o.f.c.i.command.clean.CleanExecutor - Successfully cleaned schema "main" (execution time 00:00.009s)
2025-12-16 22:51:16.007 [main] INFO  o.f.c.i.command.clean.CleanExecutor - Successfully dropped post-schema database level objects (execution time 00:00.000s)
2025-12-16 22:51:16.034 [main] INFO  o.f.c.i.s.JdbcTableSchemaHistory - Schema history table "main"."flyway_schema_history" does not exist yet
2025-12-16 22:51:16.037 [main] INFO  o.f.core.internal.command.DbValidate - Successfully validated 8 migrations (execution time 00:00.018s)
2025-12-16 22:51:16.040 [main] INFO  o.f.c.i.s.JdbcTableSchemaHistory - Creating Schema History table "main"."flyway_schema_history" ...
2025-12-16 22:51:16.069 [main] INFO  o.f.core.internal.command.DbMigrate - Current version of schema "main": << Empty Schema >>
2025-12-16 22:51:16.077 [main] INFO  o.f.core.internal.command.DbMigrate - Migrating schema "main" to version "1 - init students"
2025-12-16 22:51:16.104 [main] INFO  o.f.core.internal.command.DbMigrate - Migrating schema "main" to version "2 - init payments"
2025-12-16 22:51:16.120 [main] INFO  o.f.core.internal.command.DbMigrate - Migrating schema "main" to version "3 - messages and seed courses"
2025-12-16 22:51:16.137 [main] INFO  o.f.core.internal.command.DbMigrate - Migrating schema "main" to version "4 - student lookup indexes"
2025-12-16 22:51:16.153 [main] INFO  o.f.core.internal.command.DbMigrate - Migrating schema "main" to version "5 - create academic structure"
2025-12-16 22:51:16.172 [main] INFO  o.f.core.internal.command.DbMigrate - Migrating schema "main" to version "6 - seed demo data"
2025-12-16 22:51:16.189 [main] INFO  o.f.core.internal.command.DbMigrate - Migrating schema "main" to version "7 - create enrollments"
2025-12-16 22:51:16.205 [main] INFO  o.f.core.internal.command.DbMigrate - Migrating schema "main" to version "8 - create payments"
2025-12-16 22:51:16.227 [main] INFO  o.f.core.internal.command.DbMigrate - Successfully applied 8 migrations to schema "main", now at version v8 (execution time 00:00.020s)
2025-12-16 22:51:16.228 [main] INFO  util.DatabaseMigrator - Flyway migration complete. Applied: 8
2025-12-16 22:55:24.440 [main] INFO  org.flywaydb.core.FlywayExecutor - Database: jdbc:sqlite:enrollment.db (SQLite 3.39)
2025-12-16 22:55:24.486 [main] INFO  o.f.c.i.command.clean.CleanExecutor - Successfully dropped pre-schema database level objects (execution time 00:00.001s)
2025-12-16 22:55:24.512 [main] INFO  o.f.c.i.command.clean.CleanExecutor - Successfully cleaned schema "main" (execution time 00:00.021s)
2025-12-16 22:55:24.523 [main] INFO  o.f.c.i.command.clean.CleanExecutor - Successfully cleaned schema "main" (execution time 00:00.010s)
2025-12-16 22:55:24.524 [main] INFO  o.f.c.i.command.clean.CleanExecutor - Successfully dropped post-schema database level objects (execution time 00:00.000s)
2025-12-16 22:55:24.550 [main] INFO  o.f.c.i.s.JdbcTableSchemaHistory - Schema history table "main"."flyway_schema_history" does not exist yet
2025-12-16 22:55:24.550 [main] INFO  o.f.core.internal.command.DbValidate - Successfully validated 8 migrations (execution time 00:00.016s)
2025-12-16 22:55:24.555 [main] INFO  o.f.c.i.s.JdbcTableSchemaHistory - Creating Schema History table "main"."flyway_schema_history" ...
2025-12-16 22:55:24.585 [main] INFO  o.f.core.internal.command.DbMigrate - Current version of schema "main": << Empty Schema >>
2025-12-16 22:55:24.594 [main] INFO  o.f.core.internal.command.DbMigrate - Migrating schema "main" to version "1 - init students"
2025-12-16 22:55:24.617 [main] INFO  o.f.core.internal.command.DbMigrate - Migrating schema "main" to version "2 - init payments"
2025-12-16 22:55:24.637 [main] INFO  o.f.core.internal.command.DbMigrate - Migrating schema "main" to version "3 - messages and seed courses"
2025-12-16 22:55:24.654 [main] INFO  o.f.core.internal.command.DbMigrate - Migrating schema "main" to version "4 - student lookup indexes"
2025-12-16 22:55:24.671 [main] INFO  o.f.core.internal.command.DbMigrate - Migrating schema "main" to version "5 - create academic structure"
2025-12-16 22:55:24.691 [main] INFO  o.f.core.internal.command.DbMigrate - Migrating schema "main" to version "6 - seed demo data"
2025-12-16 22:55:24.707 [main] INFO  o.f.core.internal.command.DbMigrate - Migrating schema "main" to version "7 - create enrollments"
2025-12-16 22:55:24.723 [main] INFO  o.f.core.internal.command.DbMigrate - Migrating schema "main" to version "8 - create payments"
2025-12-16 22:55:24.742 [main] INFO  o.f.core.internal.command.DbMigrate - Successfully applied 8 migrations to schema "main", now at version v8 (execution time 00:00.021s)
2025-12-16 22:55:24.742 [main] INFO  util.DatabaseMigrator - Flyway migration complete. Applied: 8
2025-12-16 22:58:45.297 [main] INFO  org.flywaydb.core.FlywayExecutor - Database: jdbc:sqlite:enrollment.db (SQLite 3.39)
2025-12-16 22:58:45.338 [main] INFO  o.f.c.i.command.clean.CleanExecutor - Successfully dropped pre-schema database level objects (execution time 00:00.002s)
2025-12-16 22:58:45.365 [main] INFO  o.f.c.i.command.clean.CleanExecutor - Successfully cleaned schema "main" (execution time 00:00.025s)
2025-12-16 22:58:45.375 [main] INFO  o.f.c.i.command.clean.CleanExecutor - Successfully cleaned schema "main" (execution time 00:00.009s)
2025-12-16 22:58:45.377 [main] INFO  o.f.c.i.command.clean.CleanExecutor - Successfully dropped post-schema database level objects (execution time 00:00.000s)
2025-12-16 22:58:45.405 [main] INFO  o.f.c.i.s.JdbcTableSchemaHistory - Schema history table "main"."flyway_schema_history" does not exist yet
2025-12-16 22:58:45.408 [main] INFO  o.f.core.internal.command.DbValidate - Successfully validated 8 migrations (execution time 00:00.019s)
2025-12-16 22:58:45.411 [main] INFO  o.f.c.i.s.JdbcTableSchemaHistory - Creating Schema History table "main"."flyway_schema_history" ...
2025-12-16 22:58:45.443 [main] INFO  o.f.core.internal.command.DbMigrate - Current version of schema "main": << Empty Schema >>
2025-12-16 22:58:45.451 [main] INFO  o.f.core.internal.command.DbMigrate - Migrating schema "main" to version "1 - init students"
2025-12-16 22:58:45.489 [main] INFO  o.f.core.internal.command.DbMigrate - Migrating schema "main" to version "2 - init payments"
2025-12-16 22:58:45.512 [main] INFO  o.f.core.internal.command.DbMigrate - Migrating schema "main" to version "3 - messages and seed courses"
2025-12-16 22:58:45.531 [main] INFO  o.f.core.internal.command.DbMigrate - Migrating schema "main" to version "4 - student lookup indexes"
2025-12-16 22:58:45.554 [main] INFO  o.f.core.internal.command.DbMigrate - Migrating schema "main" to version "5 - create academic structure"
2025-12-16 22:58:45.579 [main] INFO  o.f.core.internal.command.DbMigrate - Migrating schema "main" to version "6 - seed demo data"
2025-12-16 22:58:45.594 [main] INFO  o.f.core.internal.command.DbMigrate - Migrating schema "main" to version "7 - create enrollments"
2025-12-16 22:58:45.612 [main] INFO  o.f.core.internal.command.DbMigrate - Migrating schema "main" to version "8 - create payments"
2025-12-16 22:58:45.630 [main] INFO  o.f.core.internal.command.DbMigrate - Successfully applied 8 migrations to schema "main", now at version v8 (execution time 00:00.025s)
2025-12-16 22:58:45.630 [main] INFO  util.DatabaseMigrator - Flyway migration complete. Applied: 8
2025-12-16 23:02:51.607 [main] INFO  org.flywaydb.core.FlywayExecutor - Database: jdbc:sqlite:enrollment.db (SQLite 3.39)
2025-12-16 23:02:51.655 [main] INFO  o.f.c.i.command.clean.CleanExecutor - Successfully dropped pre-schema database level objects (execution time 00:00.002s)
2025-12-16 23:02:51.672 [main] INFO  o.f.c.i.command.clean.CleanExecutor - Successfully cleaned schema "main" (execution time 00:00.017s)
2025-12-16 23:02:51.683 [main] INFO  o.f.c.i.command.clean.CleanExecutor - Successfully cleaned schema "main" (execution time 00:00.009s)
2025-12-16 23:02:51.684 [main] INFO  o.f.c.i.command.clean.CleanExecutor - Successfully dropped post-schema database level objects (execution time 00:00.000s)
2025-12-16 23:02:51.710 [main] INFO  o.f.c.i.s.JdbcTableSchemaHistory - Schema history table "main"."flyway_schema_history" does not exist yet
2025-12-16 23:02:51.713 [main] INFO  o.f.core.internal.command.DbValidate - Successfully validated 8 migrations (execution time 00:00.017s)
2025-12-16 23:02:51.716 [main] INFO  o.f.c.i.s.JdbcTableSchemaHistory - Creating Schema History table "main"."flyway_schema_history" ...
2025-12-16 23:02:51.744 [main] INFO  o.f.core.internal.command.DbMigrate - Current version of schema "main": << Empty Schema >>
2025-12-16 23:02:51.752 [main] INFO  o.f.core.internal.command.DbMigrate - Migrating schema "main" to version "1 - init students"
2025-12-16 23:02:51.777 [main] INFO  o.f.core.internal.command.DbMigrate - Migrating schema "main" to version "2 - init payments"
2025-12-16 23:02:51.793 [main] INFO  o.f.core.internal.command.DbMigrate - Migrating schema "main" to version "3 - messages and seed courses"
2025-12-16 23:02:51.809 [main] INFO  o.f.core.internal.command.DbMigrate - Migrating schema "main" to version "4 - student lookup indexes"
2025-12-16 23:02:51.826 [main] INFO  o.f.core.internal.command.DbMigrate - Migrating schema "main" to version "5 - create academic structure"
2025-12-16 23:02:51.846 [main] INFO  o.f.core.internal.command.DbMigrate - Migrating schema "main" to version "6 - seed demo data"
2025-12-16 23:02:51.867 [main] INFO  o.f.core.internal.command.DbMigrate - Migrating schema "main" to version "7 - create enrollments"
2025-12-16 23:02:51.884 [main] INFO  o.f.core.internal.command.DbMigrate - Migrating schema "main" to version "8 - create payments"
2025-12-16 23:02:51.907 [main] INFO  o.f.core.internal.command.DbMigrate - Successfully applied 8 migrations to schema "main", now at version v8 (execution time 00:00.021s)
2025-12-16 23:02:51.909 [main] INFO  util.DatabaseMigrator - Flyway migration complete. Applied: 8
2025-12-16 23:07:42.099 [main] INFO  org.flywaydb.core.FlywayExecutor - Database: jdbc:sqlite:enrollment.db (SQLite 3.39)
2025-12-16 23:07:42.138 [main] INFO  o.f.c.i.command.clean.CleanExecutor - Successfully dropped pre-schema database level objects (execution time 00:00.002s)
2025-12-16 23:07:42.157 [main] INFO  o.f.c.i.command.clean.CleanExecutor - Successfully cleaned schema "main" (execution time 00:00.018s)
2025-12-16 23:07:42.171 [main] INFO  o.f.c.i.command.clean.CleanExecutor - Successfully cleaned schema "main" (execution time 00:00.012s)
2025-12-16 23:07:42.171 [main] INFO  o.f.c.i.command.clean.CleanExecutor - Successfully dropped post-schema database level objects (execution time 00:00.000s)
2025-12-16 23:07:42.196 [main] INFO  o.f.c.i.s.JdbcTableSchemaHistory - Schema history table "main"."flyway_schema_history" does not exist yet
2025-12-16 23:07:42.198 [main] INFO  o.f.core.internal.command.DbValidate - Successfully validated 8 migrations (execution time 00:00.017s)
2025-12-16 23:07:42.203 [main] INFO  o.f.c.i.s.JdbcTableSchemaHistory - Creating Schema History table "main"."flyway_schema_history" ...
2025-12-16 23:07:42.236 [main] INFO  o.f.core.internal.command.DbMigrate - Current version of schema "main": << Empty Schema >>
2025-12-16 23:07:42.244 [main] INFO  o.f.core.internal.command.DbMigrate - Migrating schema "main" to version "1 - init students"
2025-12-16 23:07:42.269 [main] INFO  o.f.core.internal.command.DbMigrate - Migrating schema "main" to version "2 - init payments"
2025-12-16 23:07:42.283 [main] INFO  o.f.core.internal.command.DbMigrate - Migrating schema "main" to version "3 - messages and seed courses"
2025-12-16 23:07:42.303 [main] INFO  o.f.core.internal.command.DbMigrate - Migrating schema "main" to version "4 - student lookup indexes"
2025-12-16 23:07:42.323 [main] INFO  o.f.core.internal.command.DbMigrate - Migrating schema "main" to version "5 - create academic structure"
2025-12-16 23:07:42.344 [main] INFO  o.f.core.internal.command.DbMigrate - Migrating schema "main" to version "6 - seed demo data"
2025-12-16 23:07:42.362 [main] INFO  o.f.core.internal.command.DbMigrate - Migrating schema "main" to version "7 - create enrollments"
2025-12-16 23:07:42.378 [main] INFO  o.f.core.internal.command.DbMigrate - Migrating schema "main" to version "8 - create payments"
2025-12-16 23:07:42.400 [main] INFO  o.f.core.internal.command.DbMigrate - Successfully applied 8 migrations to schema "main", now at version v8 (execution time 00:00.023s)
2025-12-16 23:07:42.400 [main] INFO  util.DatabaseMigrator - Flyway migration complete. Applied: 8
2025-12-16 23:14:01.351 [main] INFO  org.flywaydb.core.FlywayExecutor - Database: jdbc:sqlite:enrollment.db (SQLite 3.39)
2025-12-16 23:14:01.388 [main] INFO  o.f.c.i.command.clean.CleanExecutor - Successfully dropped pre-schema database level objects (execution time 00:00.001s)
2025-12-16 23:14:01.405 [main] INFO  o.f.c.i.command.clean.CleanExecutor - Successfully cleaned schema "main" (execution time 00:00.016s)
2025-12-16 23:14:01.413 [main] INFO  o.f.c.i.command.clean.CleanExecutor - Successfully cleaned schema "main" (execution time 00:00.010s)
2025-12-16 23:14:01.419 [main] INFO  o.f.c.i.command.clean.CleanExecutor - Successfully dropped post-schema database level objects (execution time 00:00.000s)
2025-12-16 23:14:01.446 [main] INFO  o.f.c.i.s.JdbcTableSchemaHistory - Schema history table "main"."flyway_schema_history" does not exist yet
2025-12-16 23:14:01.449 [main] INFO  o.f.core.internal.command.DbValidate - Successfully validated 8 migrations (execution time 00:00.018s)
2025-12-16 23:14:01.451 [main] INFO  o.f.c.i.s.JdbcTableSchemaHistory - Creating Schema History table "main"."flyway_schema_history" ...
2025-12-16 23:14:01.484 [main] INFO  o.f.core.internal.command.DbMigrate - Current version of schema "main": << Empty Schema >>
2025-12-16 23:14:01.492 [main] INFO  o.f.core.internal.command.DbMigrate - Migrating schema "main" to version "1 - init students"
2025-12-16 23:14:01.518 [main] INFO  o.f.core.internal.command.DbMigrate - Migrating schema "main" to version "2 - init payments"
2025-12-16 23:14:01.535 [main] INFO  o.f.core.internal.command.DbMigrate - Migrating schema "main" to version "3 - messages and seed courses"
2025-12-16 23:14:01.553 [main] INFO  o.f.core.internal.command.DbMigrate - Migrating schema "main" to version "4 - student lookup indexes"
2025-12-16 23:14:01.572 [main] INFO  o.f.core.internal.command.DbMigrate - Migrating schema "main" to version "5 - create academic structure"
2025-12-16 23:14:01.593 [main] INFO  o.f.core.internal.command.DbMigrate - Migrating schema "main" to version "6 - seed demo data"
2025-12-16 23:14:01.609 [main] INFO  o.f.core.internal.command.DbMigrate - Migrating schema "main" to version "7 - create enrollments"
2025-12-16 23:14:01.624 [main] INFO  o.f.core.internal.command.DbMigrate - Migrating schema "main" to version "8 - create payments"
2025-12-16 23:14:01.644 [main] INFO  o.f.core.internal.command.DbMigrate - Successfully applied 8 migrations to schema "main", now at version v8 (execution time 00:00.022s)
2025-12-16 23:14:01.645 [main] INFO  util.DatabaseMigrator - Flyway migration complete. Applied: 8
2025-12-16 23:22:28.187 [main] INFO  org.flywaydb.core.FlywayExecutor - Database: jdbc:sqlite:enrollment.db (SQLite 3.39)
2025-12-16 23:22:28.227 [main] INFO  o.f.c.i.command.clean.CleanExecutor - Successfully dropped pre-schema database level objects (execution time 00:00.002s)
2025-12-16 23:22:28.245 [main] INFO  o.f.c.i.command.clean.CleanExecutor - Successfully cleaned schema "main" (execution time 00:00.016s)
2025-12-16 23:22:28.255 [main] INFO  o.f.c.i.command.clean.CleanExecutor - Successfully cleaned schema "main" (execution time 00:00.010s)
2025-12-16 23:22:28.258 [main] INFO  o.f.c.i.command.clean.CleanExecutor - Successfully dropped post-schema database level objects (execution time 00:00.000s)
2025-12-16 23:22:28.286 [main] INFO  o.f.c.i.s.JdbcTableSchemaHistory - Schema history table "main"."flyway_schema_history" does not exist yet
2025-12-16 23:22:28.289 [main] INFO  o.f.core.internal.command.DbValidate - Successfully validated 8 migrations (execution time 00:00.019s)
2025-12-16 23:22:28.292 [main] INFO  o.f.c.i.s.JdbcTableSchemaHistory - Creating Schema History table "main"."flyway_schema_history" ...
2025-12-16 23:22:28.324 [main] INFO  o.f.core.internal.command.DbMigrate - Current version of schema "main": << Empty Schema >>
2025-12-16 23:22:28.333 [main] INFO  o.f.core.internal.command.DbMigrate - Migrating schema "main" to version "1 - init students"
2025-12-16 23:22:28.358 [main] INFO  o.f.core.internal.command.DbMigrate - Migrating schema "main" to version "2 - init payments"
2025-12-16 23:22:28.375 [main] INFO  o.f.core.internal.command.DbMigrate - Migrating schema "main" to version "3 - messages and seed courses"
2025-12-16 23:22:28.393 [main] INFO  o.f.core.internal.command.DbMigrate - Migrating schema "main" to version "4 - student lookup indexes"
2025-12-16 23:22:28.410 [main] INFO  o.f.core.internal.command.DbMigrate - Migrating schema "main" to version "5 - create academic structure"
2025-12-16 23:22:28.430 [main] INFO  o.f.core.internal.command.DbMigrate - Migrating schema "main" to version "6 - seed demo data"
2025-12-16 23:22:28.449 [main] INFO  o.f.core.internal.command.DbMigrate - Migrating schema "main" to version "7 - create enrollments"
2025-12-16 23:22:28.464 [main] INFO  o.f.core.internal.command.DbMigrate - Migrating schema "main" to version "8 - create payments"
2025-12-16 23:22:28.485 [main] INFO  o.f.core.internal.command.DbMigrate - Successfully applied 8 migrations to schema "main", now at version v8 (execution time 00:00.021s)
2025-12-16 23:22:28.486 [main] INFO  util.DatabaseMigrator - Flyway migration complete. Applied: 8
2025-12-16 23:29:38.307 [main] INFO  org.flywaydb.core.FlywayExecutor - Database: jdbc:sqlite:enrollment.db (SQLite 3.39)
2025-12-16 23:29:38.348 [main] INFO  o.f.c.i.command.clean.CleanExecutor - Successfully dropped pre-schema database level objects (execution time 00:00.001s)
2025-12-16 23:29:38.365 [main] INFO  o.f.c.i.command.clean.CleanExecutor - Successfully cleaned schema "main" (execution time 00:00.016s)
2025-12-16 23:29:38.376 [main] INFO  o.f.c.i.command.clean.CleanExecutor - Successfully cleaned schema "main" (execution time 00:00.010s)
2025-12-16 23:29:38.377 [main] INFO  o.f.c.i.command.clean.CleanExecutor - Successfully dropped post-schema database level objects (execution time 00:00.000s)
2025-12-16 23:29:38.402 [main] INFO  o.f.c.i.s.JdbcTableSchemaHistory - Schema history table "main"."flyway_schema_history" does not exist yet
2025-12-16 23:29:38.404 [main] INFO  o.f.core.internal.command.DbValidate - Successfully validated 8 migrations (execution time 00:00.015s)
2025-12-16 23:29:38.407 [main] INFO  o.f.c.i.s.JdbcTableSchemaHistory - Creating Schema History table "main"."flyway_schema_history" ...
2025-12-16 23:29:38.436 [main] INFO  o.f.core.internal.command.DbMigrate - Current version of schema "main": << Empty Schema >>
2025-12-16 23:29:38.446 [main] INFO  o.f.core.internal.command.DbMigrate - Migrating schema "main" to version "1 - init students"
2025-12-16 23:29:38.469 [main] INFO  o.f.core.internal.command.DbMigrate - Migrating schema "main" to version "2 - init payments"
2025-12-16 23:29:38.486 [main] INFO  o.f.core.internal.command.DbMigrate - Migrating schema "main" to version "3 - messages and seed courses"
2025-12-16 23:29:38.502 [main] INFO  o.f.core.internal.command.DbMigrate - Migrating schema "main" to version "4 - student lookup indexes"
2025-12-16 23:29:38.520 [main] INFO  o.f.core.internal.command.DbMigrate - Migrating schema "main" to version "5 - create academic structure"
2025-12-16 23:29:38.540 [main] INFO  o.f.core.internal.command.DbMigrate - Migrating schema "main" to version "6 - seed demo data"
2025-12-16 23:29:38.557 [main] INFO  o.f.core.internal.command.DbMigrate - Migrating schema "main" to version "7 - create enrollments"
2025-12-16 23:29:38.567 [main] INFO  o.f.core.internal.command.DbMigrate - Migrating schema "main" to version "8 - create payments"
2025-12-16 23:29:38.592 [main] INFO  o.f.core.internal.command.DbMigrate - Successfully applied 8 migrations to schema "main", now at version v8 (execution time 00:00.020s)
2025-12-16 23:29:38.593 [main] INFO  util.DatabaseMigrator - Flyway migration complete. Applied: 8
2025-12-16 23:41:37.882 [main] INFO  org.flywaydb.core.FlywayExecutor - Database: jdbc:sqlite:enrollment.db (SQLite 3.39)
2025-12-16 23:41:37.918 [main] INFO  o.f.c.i.command.clean.CleanExecutor - Successfully dropped pre-schema database level objects (execution time 00:00.002s)
2025-12-16 23:41:37.938 [main] INFO  o.f.c.i.command.clean.CleanExecutor - Successfully cleaned schema "main" (execution time 00:00.017s)
2025-12-16 23:41:37.949 [main] INFO  o.f.c.i.command.clean.CleanExecutor - Successfully cleaned schema "main" (execution time 00:00.009s)
2025-12-16 23:41:37.950 [main] INFO  o.f.c.i.command.clean.CleanExecutor - Successfully dropped post-schema database level objects (execution time 00:00.000s)
2025-12-16 23:41:37.976 [main] INFO  o.f.c.i.s.JdbcTableSchemaHistory - Schema history table "main"."flyway_schema_history" does not exist yet
2025-12-16 23:41:37.979 [main] INFO  o.f.core.internal.command.DbValidate - Successfully validated 8 migrations (execution time 00:00.018s)
2025-12-16 23:41:37.983 [main] INFO  o.f.c.i.s.JdbcTableSchemaHistory - Creating Schema History table "main"."flyway_schema_history" ...
2025-12-16 23:41:38.017 [main] INFO  o.f.core.internal.command.DbMigrate - Current version of schema "main": << Empty Schema >>
2025-12-16 23:41:38.026 [main] INFO  o.f.core.internal.command.DbMigrate - Migrating schema "main" to version "1 - init students"
2025-12-16 23:41:38.051 [main] INFO  o.f.core.internal.command.DbMigrate - Migrating schema "main" to version "2 - init payments"
2025-12-16 23:41:38.067 [main] INFO  o.f.core.internal.command.DbMigrate - Migrating schema "main" to version "3 - messages and seed courses"
2025-12-16 23:41:38.084 [main] INFO  o.f.core.internal.command.DbMigrate - Migrating schema "main" to version "4 - student lookup indexes"
2025-12-16 23:41:38.102 [main] INFO  o.f.core.internal.command.DbMigrate - Migrating schema "main" to version "5 - create academic structure"
2025-12-16 23:41:38.122 [main] INFO  o.f.core.internal.command.DbMigrate - Migrating schema "main" to version "6 - seed demo data"
2025-12-16 23:41:38.139 [main] INFO  o.f.core.internal.command.DbMigrate - Migrating schema "main" to version "7 - create enrollments"
2025-12-16 23:41:38.155 [main] INFO  o.f.core.internal.command.DbMigrate - Migrating schema "main" to version "8 - create payments"
2025-12-16 23:41:38.174 [main] INFO  o.f.core.internal.command.DbMigrate - Successfully applied 8 migrations to schema "main", now at version v8 (execution time 00:00.021s)
2025-12-16 23:41:38.175 [main] INFO  util.DatabaseMigrator - Flyway migration complete. Applied: 8
2025-12-16 23:44:49.663 [main] INFO  org.flywaydb.core.FlywayExecutor - Database: jdbc:sqlite:enrollment.db (SQLite 3.39)
2025-12-16 23:44:49.709 [main] INFO  o.f.c.i.command.clean.CleanExecutor - Successfully dropped pre-schema database level objects (execution time 00:00.002s)
2025-12-16 23:44:49.745 [main] INFO  o.f.c.i.command.clean.CleanExecutor - Successfully cleaned schema "main" (execution time 00:00.035s)
2025-12-16 23:44:49.756 [main] INFO  o.f.c.i.command.clean.CleanExecutor - Successfully cleaned schema "main" (execution time 00:00.010s)
2025-12-16 23:44:49.757 [main] INFO  o.f.c.i.command.clean.CleanExecutor - Successfully dropped post-schema database level objects (execution time 00:00.000s)
2025-12-16 23:44:49.785 [main] INFO  o.f.c.i.s.JdbcTableSchemaHistory - Schema history table "main"."flyway_schema_history" does not exist yet
2025-12-16 23:44:49.788 [main] INFO  o.f.core.internal.command.DbValidate - Successfully validated 8 migrations (execution time 00:00.018s)
2025-12-16 23:44:49.791 [main] INFO  o.f.c.i.s.JdbcTableSchemaHistory - Creating Schema History table "main"."flyway_schema_history" ...
2025-12-16 23:44:49.824 [main] INFO  o.f.core.internal.command.DbMigrate - Current version of schema "main": << Empty Schema >>
2025-12-16 23:44:49.833 [main] INFO  o.f.core.internal.command.DbMigrate - Migrating schema "main" to version "1 - init students"
2025-12-16 23:44:49.860 [main] INFO  o.f.core.internal.command.DbMigrate - Migrating schema "main" to version "2 - init payments"
2025-12-16 23:44:49.881 [main] INFO  o.f.core.internal.command.DbMigrate - Migrating schema "main" to version "3 - messages and seed courses"
2025-12-16 23:44:49.901 [main] INFO  o.f.core.internal.command.DbMigrate - Migrating schema "main" to version "4 - student lookup indexes"
2025-12-16 23:44:49.921 [main] INFO  o.f.core.internal.command.DbMigrate - Migrating schema "main" to version "5 - create academic structure"
2025-12-16 23:44:49.943 [main] INFO  o.f.core.internal.command.DbMigrate - Migrating schema "main" to version "6 - seed demo data"
2025-12-16 23:44:49.961 [main] INFO  o.f.core.internal.command.DbMigrate - Migrating schema "main" to version "7 - create enrollments"
2025-12-16 23:44:49.978 [main] INFO  o.f.core.internal.command.DbMigrate - Migrating schema "main" to version "8 - create payments"
2025-12-16 23:44:50.000 [main] INFO  o.f.core.internal.command.DbMigrate - Successfully applied 8 migrations to schema "main", now at version v8 (execution time 00:00.024s)
2025-12-16 23:44:50.001 [main] INFO  util.DatabaseMigrator - Flyway migration complete. Applied: 8
2025-12-16 23:52:44.835 [main] INFO  org.flywaydb.core.FlywayExecutor - Database: jdbc:sqlite:enrollment.db (SQLite 3.39)
2025-12-16 23:52:44.869 [main] INFO  o.f.c.i.command.clean.CleanExecutor - Successfully dropped pre-schema database level objects (execution time 00:00.001s)
2025-12-16 23:52:44.897 [main] INFO  o.f.c.i.command.clean.CleanExecutor - Successfully cleaned schema "main" (execution time 00:00.019s)
2025-12-16 23:52:44.907 [main] INFO  o.f.c.i.command.clean.CleanExecutor - Successfully cleaned schema "main" (execution time 00:00.009s)
2025-12-16 23:52:44.908 [main] INFO  o.f.c.i.command.clean.CleanExecutor - Successfully dropped post-schema database level objects (execution time 00:00.000s)
2025-12-16 23:52:44.935 [main] INFO  o.f.c.i.s.JdbcTableSchemaHistory - Schema history table "main"."flyway_schema_history" does not exist yet
2025-12-16 23:52:44.939 [main] INFO  o.f.core.internal.command.DbValidate - Successfully validated 8 migrations (execution time 00:00.018s)
2025-12-16 23:52:44.942 [main] INFO  o.f.c.i.s.JdbcTableSchemaHistory - Creating Schema History table "main"."flyway_schema_history" ...
2025-12-16 23:52:44.974 [main] INFO  o.f.core.internal.command.DbMigrate - Current version of schema "main": << Empty Schema >>
2025-12-16 23:52:44.981 [main] INFO  o.f.core.internal.command.DbMigrate - Migrating schema "main" to version "1 - init students"
2025-12-16 23:52:45.006 [main] INFO  o.f.core.internal.command.DbMigrate - Migrating schema "main" to version "2 - init payments"
2025-12-16 23:52:45.033 [main] INFO  o.f.core.internal.command.DbMigrate - Migrating schema "main" to version "3 - messages and seed courses"
2025-12-16 23:52:45.052 [main] INFO  o.f.core.internal.command.DbMigrate - Migrating schema "main" to version "4 - student lookup indexes"
2025-12-16 23:52:45.075 [main] INFO  o.f.core.internal.command.DbMigrate - Migrating schema "main" to version "5 - create academic structure"
2025-12-16 23:52:45.099 [main] INFO  o.f.core.internal.command.DbMigrate - Migrating schema "main" to version "6 - seed demo data"
2025-12-16 23:52:45.125 [main] INFO  o.f.core.internal.command.DbMigrate - Migrating schema "main" to version "7 - create enrollments"
2025-12-16 23:52:45.142 [main] INFO  o.f.core.internal.command.DbMigrate - Migrating schema "main" to version "8 - create payments"
2025-12-16 23:52:45.162 [main] INFO  o.f.core.internal.command.DbMigrate - Successfully applied 8 migrations to schema "main", now at version v8 (execution time 00:00.035s)
2025-12-16 23:52:45.163 [main] INFO  util.DatabaseMigrator - Flyway migration complete. Applied: 8
2025-12-16 23:55:48.536 [main] INFO  org.flywaydb.core.FlywayExecutor - Database: jdbc:sqlite:enrollment.db (SQLite 3.39)
2025-12-16 23:55:48.571 [main] INFO  o.f.c.i.command.clean.CleanExecutor - Successfully dropped pre-schema database level objects (execution time 00:00.001s)
2025-12-16 23:55:48.588 [main] INFO  o.f.c.i.command.clean.CleanExecutor - Successfully cleaned schema "main" (execution time 00:00.016s)
2025-12-16 23:55:48.600 [main] INFO  o.f.c.i.command.clean.CleanExecutor - Successfully cleaned schema "main" (execution time 00:00.010s)
2025-12-16 23:55:48.600 [main] INFO  o.f.c.i.command.clean.CleanExecutor - Successfully dropped post-schema database level objects (execution time 00:00.000s)
2025-12-16 23:55:48.626 [main] INFO  o.f.c.i.s.JdbcTableSchemaHistory - Schema history table "main"."flyway_schema_history" does not exist yet
2025-12-16 23:55:48.629 [main] INFO  o.f.core.internal.command.DbValidate - Successfully validated 8 migrations (execution time 00:00.017s)
2025-12-16 23:55:48.632 [main] INFO  o.f.c.i.s.JdbcTableSchemaHistory - Creating Schema History table "main"."flyway_schema_history" ...
2025-12-16 23:55:48.662 [main] INFO  o.f.core.internal.command.DbMigrate - Current version of schema "main": << Empty Schema >>
2025-12-16 23:55:48.670 [main] INFO  o.f.core.internal.command.DbMigrate - Migrating schema "main" to version "1 - init students"
2025-12-16 23:55:48.694 [main] INFO  o.f.core.internal.command.DbMigrate - Migrating schema "main" to version "2 - init payments"
2025-12-16 23:55:48.710 [main] INFO  o.f.core.internal.command.DbMigrate - Migrating schema "main" to version "3 - messages and seed courses"
2025-12-16 23:55:48.727 [main] INFO  o.f.core.internal.command.DbMigrate - Migrating schema "main" to version "4 - student lookup indexes"
2025-12-16 23:55:48.744 [main] INFO  o.f.core.internal.command.DbMigrate - Migrating schema "main" to version "5 - create academic structure"
2025-12-16 23:55:48.764 [main] INFO  o.f.core.internal.command.DbMigrate - Migrating schema "main" to version "6 - seed demo data"
2025-12-16 23:55:48.779 [main] INFO  o.f.core.internal.command.DbMigrate - Migrating schema "main" to version "7 - create enrollments"
2025-12-16 23:55:48.796 [main] INFO  o.f.core.internal.command.DbMigrate - Migrating schema "main" to version "8 - create payments"
2025-12-16 23:55:48.816 [main] INFO  o.f.core.internal.command.DbMigrate - Successfully applied 8 migrations to schema "main", now at version v8 (execution time 00:00.021s)
2025-12-16 23:55:48.817 [main] INFO  util.DatabaseMigrator - Flyway migration complete. Applied: 8
2025-12-17 00:02:23.636 [main] INFO  org.flywaydb.core.FlywayExecutor - Database: jdbc:sqlite:enrollment.db (SQLite 3.39)
2025-12-17 00:02:23.686 [main] INFO  o.f.c.i.command.clean.CleanExecutor - Successfully dropped pre-schema database level objects (execution time 00:00.002s)
2025-12-17 00:02:23.706 [main] INFO  o.f.c.i.command.clean.CleanExecutor - Successfully cleaned schema "main" (execution time 00:00.018s)
2025-12-17 00:02:23.714 [main] INFO  o.f.c.i.command.clean.CleanExecutor - Successfully cleaned schema "main" (execution time 00:00.010s)
2025-12-17 00:02:23.719 [main] INFO  o.f.c.i.command.clean.CleanExecutor - Successfully dropped post-schema database level objects (execution time 00:00.000s)
2025-12-17 00:02:23.741 [main] INFO  o.f.c.i.s.JdbcTableSchemaHistory - Schema history table "main"."flyway_schema_history" does not exist yet
2025-12-17 00:02:23.744 [main] INFO  o.f.core.internal.command.DbValidate - Successfully validated 8 migrations (execution time 00:00.016s)
2025-12-17 00:02:23.749 [main] INFO  o.f.c.i.s.JdbcTableSchemaHistory - Creating Schema History table "main"."flyway_schema_history" ...
2025-12-17 00:02:23.779 [main] INFO  o.f.core.internal.command.DbMigrate - Current version of schema "main": << Empty Schema >>
2025-12-17 00:02:23.786 [main] INFO  o.f.core.internal.command.DbMigrate - Migrating schema "main" to version "1 - init students"
2025-12-17 00:02:23.810 [main] INFO  o.f.core.internal.command.DbMigrate - Migrating schema "main" to version "2 - init payments"
2025-12-17 00:02:23.829 [main] INFO  o.f.core.internal.command.DbMigrate - Migrating schema "main" to version "3 - messages and seed courses"
2025-12-17 00:02:23.846 [main] INFO  o.f.core.internal.command.DbMigrate - Migrating schema "main" to version "4 - student lookup indexes"
2025-12-17 00:02:23.863 [main] INFO  o.f.core.internal.command.DbMigrate - Migrating schema "main" to version "5 - create academic structure"
2025-12-17 00:02:23.880 [main] INFO  o.f.core.internal.command.DbMigrate - Migrating schema "main" to version "6 - seed demo data"
2025-12-17 00:02:23.911 [main] INFO  o.f.core.internal.command.DbMigrate - Migrating schema "main" to version "7 - create enrollments"
2025-12-17 00:02:23.932 [main] INFO  o.f.core.internal.command.DbMigrate - Migrating schema "main" to version "8 - create payments"
2025-12-17 00:02:23.957 [main] INFO  o.f.core.internal.command.DbMigrate - Successfully applied 8 migrations to schema "main", now at version v8 (execution time 00:00.029s)
2025-12-17 00:02:23.959 [main] INFO  util.DatabaseMigrator - Flyway migration complete. Applied: 8
2025-12-17 00:09:02.475 [main] INFO  org.flywaydb.core.FlywayExecutor - Database: jdbc:sqlite:enrollment.db (SQLite 3.39)
2025-12-17 00:09:02.515 [main] INFO  o.f.c.i.command.clean.CleanExecutor - Successfully dropped pre-schema database level objects (execution time 00:00.001s)
2025-12-17 00:09:02.530 [main] INFO  o.f.c.i.command.clean.CleanExecutor - Successfully cleaned schema "main" (execution time 00:00.017s)
2025-12-17 00:09:02.544 [main] INFO  o.f.c.i.command.clean.CleanExecutor - Successfully cleaned schema "main" (execution time 00:00.011s)
2025-12-17 00:09:02.547 [main] INFO  o.f.c.i.command.clean.CleanExecutor - Successfully dropped post-schema database level objects (execution time 00:00.000s)
2025-12-17 00:09:02.575 [main] INFO  o.f.c.i.s.JdbcTableSchemaHistory - Schema history table "main"."flyway_schema_history" does not exist yet
2025-12-17 00:09:02.577 [main] INFO  o.f.core.internal.command.DbValidate - Successfully validated 8 migrations (execution time 00:00.018s)
2025-12-17 00:09:02.582 [main] INFO  o.f.c.i.s.JdbcTableSchemaHistory - Creating Schema History table "main"."flyway_schema_history" ...
2025-12-17 00:09:02.617 [main] INFO  o.f.core.internal.command.DbMigrate - Current version of schema "main": << Empty Schema >>
2025-12-17 00:09:02.625 [main] INFO  o.f.core.internal.command.DbMigrate - Migrating schema "main" to version "1 - init students"
2025-12-17 00:09:02.651 [main] INFO  o.f.core.internal.command.DbMigrate - Migrating schema "main" to version "2 - init payments"
2025-12-17 00:09:02.668 [main] INFO  o.f.core.internal.command.DbMigrate - Migrating schema "main" to version "3 - messages and seed courses"
2025-12-17 00:09:02.686 [main] INFO  o.f.core.internal.command.DbMigrate - Migrating schema "main" to version "4 - student lookup indexes"
2025-12-17 00:09:02.701 [main] INFO  o.f.core.internal.command.DbMigrate - Migrating schema "main" to version "5 - create academic structure"
2025-12-17 00:09:02.719 [main] INFO  o.f.core.internal.command.DbMigrate - Migrating schema "main" to version "6 - seed demo data"
2025-12-17 00:09:02.738 [main] INFO  o.f.core.internal.command.DbMigrate - Migrating schema "main" to version "7 - create enrollments"
2025-12-17 00:09:02.752 [main] INFO  o.f.core.internal.command.DbMigrate - Migrating schema "main" to version "8 - create payments"
2025-12-17 00:09:02.773 [main] INFO  o.f.core.internal.command.DbMigrate - Successfully applied 8 migrations to schema "main", now at version v8 (execution time 00:00.022s)
2025-12-17 00:09:02.773 [main] INFO  util.DatabaseMigrator - Flyway migration complete. Applied: 8
2025-12-17 00:13:13.595 [main] INFO  org.flywaydb.core.FlywayExecutor - Database: jdbc:sqlite:enrollment.db (SQLite 3.39)
2025-12-17 00:13:13.644 [main] INFO  o.f.c.i.command.clean.CleanExecutor - Successfully dropped pre-schema database level objects (execution time 00:00.001s)
2025-12-17 00:13:13.659 [main] INFO  o.f.c.i.command.clean.CleanExecutor - Successfully cleaned schema "main" (execution time 00:00.013s)
2025-12-17 00:13:13.670 [main] INFO  o.f.c.i.command.clean.CleanExecutor - Successfully cleaned schema "main" (execution time 00:00.009s)
2025-12-17 00:13:13.671 [main] INFO  o.f.c.i.command.clean.CleanExecutor - Successfully dropped post-schema database level objects (execution time 00:00.000s)
2025-12-17 00:13:13.692 [main] INFO  o.f.c.i.s.JdbcTableSchemaHistory - Schema history table "main"."flyway_schema_history" does not exist yet
2025-12-17 00:13:13.697 [main] INFO  o.f.core.internal.command.DbValidate - Successfully validated 8 migrations (execution time 00:00.016s)
2025-12-17 00:13:13.700 [main] INFO  o.f.c.i.s.JdbcTableSchemaHistory - Creating Schema History table "main"."flyway_schema_history" ...
2025-12-17 00:13:13.727 [main] INFO  o.f.core.internal.command.DbMigrate - Current version of schema "main": << Empty Schema >>
2025-12-17 00:13:13.735 [main] INFO  o.f.core.internal.command.DbMigrate - Migrating schema "main" to version "1 - init students"
2025-12-17 00:13:13.758 [main] INFO  o.f.core.internal.command.DbMigrate - Migrating schema "main" to version "2 - init payments"
2025-12-17 00:13:13.775 [main] INFO  o.f.core.internal.command.DbMigrate - Migrating schema "main" to version "3 - messages and seed courses"
2025-12-17 00:13:13.790 [main] INFO  o.f.core.internal.command.DbMigrate - Migrating schema "main" to version "4 - student lookup indexes"
2025-12-17 00:13:13.803 [main] INFO  o.f.core.internal.command.DbMigrate - Migrating schema "main" to version "5 - create academic structure"
2025-12-17 00:13:13.819 [main] INFO  o.f.core.internal.command.DbMigrate - Migrating schema "main" to version "6 - seed demo data"
2025-12-17 00:13:13.836 [main] INFO  o.f.core.internal.command.DbMigrate - Migrating schema "main" to version "7 - create enrollments"
2025-12-17 00:13:13.853 [main] INFO  o.f.core.internal.command.DbMigrate - Migrating schema "main" to version "8 - create payments"
2025-12-17 00:13:13.872 [main] INFO  o.f.core.internal.command.DbMigrate - Successfully applied 8 migrations to schema "main", now at version v8 (execution time 00:00.020s)
2025-12-17 00:13:13.872 [main] INFO  util.DatabaseMigrator - Flyway migration complete. Applied: 8
2025-12-17 00:16:30.414 [main] INFO  org.flywaydb.core.FlywayExecutor - Database: jdbc:sqlite:enrollment.db (SQLite 3.39)
2025-12-17 00:16:30.449 [main] INFO  o.f.c.i.command.clean.CleanExecutor - Successfully dropped pre-schema database level objects (execution time 00:00.001s)
2025-12-17 00:16:30.468 [main] INFO  o.f.c.i.command.clean.CleanExecutor - Successfully cleaned schema "main" (execution time 00:00.018s)
2025-12-17 00:16:30.480 [main] INFO  o.f.c.i.command.clean.CleanExecutor - Successfully cleaned schema "main" (execution time 00:00.010s)
2025-12-17 00:16:30.481 [main] INFO  o.f.c.i.command.clean.CleanExecutor - Successfully dropped post-schema database level objects (execution time 00:00.000s)
2025-12-17 00:16:30.507 [main] INFO  o.f.c.i.s.JdbcTableSchemaHistory - Schema history table "main"."flyway_schema_history" does not exist yet
2025-12-17 00:16:30.510 [main] INFO  o.f.core.internal.command.DbValidate - Successfully validated 8 migrations (execution time 00:00.018s)
2025-12-17 00:16:30.514 [main] INFO  o.f.c.i.s.JdbcTableSchemaHistory - Creating Schema History table "main"."flyway_schema_history" ...
2025-12-17 00:16:30.543 [main] INFO  o.f.core.internal.command.DbMigrate - Current version of schema "main": << Empty Schema >>
2025-12-17 00:16:30.551 [main] INFO  o.f.core.internal.command.DbMigrate - Migrating schema "main" to version "1 - init students"
2025-12-17 00:16:30.578 [main] INFO  o.f.core.internal.command.DbMigrate - Migrating schema "main" to version "2 - init payments"
2025-12-17 00:16:30.596 [main] INFO  o.f.core.internal.command.DbMigrate - Migrating schema "main" to version "3 - messages and seed courses"
2025-12-17 00:16:30.614 [main] INFO  o.f.core.internal.command.DbMigrate - Migrating schema "main" to version "4 - student lookup indexes"
2025-12-17 00:16:30.631 [main] INFO  o.f.core.internal.command.DbMigrate - Migrating schema "main" to version "5 - create academic structure"
2025-12-17 00:16:30.651 [main] INFO  o.f.core.internal.command.DbMigrate - Migrating schema "main" to version "6 - seed demo data"
2025-12-17 00:16:30.669 [main] INFO  o.f.core.internal.command.DbMigrate - Migrating schema "main" to version "7 - create enrollments"
2025-12-17 00:16:30.684 [main] INFO  o.f.core.internal.command.DbMigrate - Migrating schema "main" to version "8 - create payments"
2025-12-17 00:16:30.703 [main] INFO  o.f.core.internal.command.DbMigrate - Successfully applied 8 migrations to schema "main", now at version v8 (execution time 00:00.020s)
2025-12-17 00:16:30.704 [main] INFO  util.DatabaseMigrator - Flyway migration complete. Applied: 8
2025-12-17 00:25:44.252 [main] INFO  org.flywaydb.core.FlywayExecutor - Database: jdbc:sqlite:enrollment.db (SQLite 3.39)
2025-12-17 00:25:44.289 [main] INFO  o.f.c.i.command.clean.CleanExecutor - Successfully dropped pre-schema database level objects (execution time 00:00.001s)
2025-12-17 00:25:44.308 [main] INFO  o.f.c.i.command.clean.CleanExecutor - Successfully cleaned schema "main" (execution time 00:00.017s)
2025-12-17 00:25:44.321 [main] INFO  o.f.c.i.command.clean.CleanExecutor - Successfully cleaned schema "main" (execution time 00:00.010s)
2025-12-17 00:25:44.321 [main] INFO  o.f.c.i.command.clean.CleanExecutor - Successfully dropped post-schema database level objects (execution time 00:00.000s)
2025-12-17 00:25:44.345 [main] INFO  o.f.c.i.s.JdbcTableSchemaHistory - Schema history table "main"."flyway_schema_history" does not exist yet
2025-12-17 00:25:44.349 [main] INFO  o.f.core.internal.command.DbValidate - Successfully validated 8 migrations (execution time 00:00.016s)
2025-12-17 00:25:44.351 [main] INFO  o.f.c.i.s.JdbcTableSchemaHistory - Creating Schema History table "main"."flyway_schema_history" ...
2025-12-17 00:25:44.383 [main] INFO  o.f.core.internal.command.DbMigrate - Current version of schema "main": << Empty Schema >>
2025-12-17 00:25:44.391 [main] INFO  o.f.core.internal.command.DbMigrate - Migrating schema "main" to version "1 - init students"
2025-12-17 00:25:44.415 [main] INFO  o.f.core.internal.command.DbMigrate - Migrating schema "main" to version "2 - init payments"
2025-12-17 00:25:44.431 [main] INFO  o.f.core.internal.command.DbMigrate - Migrating schema "main" to version "3 - messages and seed courses"
2025-12-17 00:25:44.446 [main] INFO  o.f.core.internal.command.DbMigrate - Migrating schema "main" to version "4 - student lookup indexes"
2025-12-17 00:25:44.463 [main] INFO  o.f.core.internal.command.DbMigrate - Migrating schema "main" to version "5 - create academic structure"
2025-12-17 00:25:44.485 [main] INFO  o.f.core.internal.command.DbMigrate - Migrating schema "main" to version "6 - seed demo data"
2025-12-17 00:25:44.503 [main] INFO  o.f.core.internal.command.DbMigrate - Migrating schema "main" to version "7 - create enrollments"
2025-12-17 00:25:44.518 [main] INFO  o.f.core.internal.command.DbMigrate - Migrating schema "main" to version "8 - create payments"
2025-12-17 00:25:44.540 [main] INFO  o.f.core.internal.command.DbMigrate - Successfully applied 8 migrations to schema "main", now at version v8 (execution time 00:00.022s)
2025-12-17 00:25:44.540 [main] INFO  util.DatabaseMigrator - Flyway migration complete. Applied: 8
2025-12-17 00:29:19.204 [main] INFO  org.flywaydb.core.FlywayExecutor - Database: jdbc:sqlite:enrollment.db (SQLite 3.39)
2025-12-17 00:29:19.245 [main] INFO  o.f.c.i.command.clean.CleanExecutor - Successfully dropped pre-schema database level objects (execution time 00:00.002s)
2025-12-17 00:29:19.260 [main] INFO  o.f.c.i.command.clean.CleanExecutor - Successfully cleaned schema "main" (execution time 00:00.018s)
2025-12-17 00:29:19.276 [main] INFO  o.f.c.i.command.clean.CleanExecutor - Successfully cleaned schema "main" (execution time 00:00.010s)
2025-12-17 00:29:19.277 [main] INFO  o.f.c.i.command.clean.CleanExecutor - Successfully dropped post-schema database level objects (execution time 00:00.000s)
2025-12-17 00:29:19.303 [main] INFO  o.f.c.i.s.JdbcTableSchemaHistory - Schema history table "main"."flyway_schema_history" does not exist yet
2025-12-17 00:29:19.308 [main] INFO  o.f.core.internal.command.DbValidate - Successfully validated 8 migrations (execution time 00:00.017s)
2025-12-17 00:29:19.309 [main] INFO  o.f.c.i.s.JdbcTableSchemaHistory - Creating Schema History table "main"."flyway_schema_history" ...
2025-12-17 00:29:19.344 [main] INFO  o.f.core.internal.command.DbMigrate - Current version of schema "main": << Empty Schema >>
2025-12-17 00:29:19.353 [main] INFO  o.f.core.internal.command.DbMigrate - Migrating schema "main" to version "1 - init students"
2025-12-17 00:29:19.381 [main] INFO  o.f.core.internal.command.DbMigrate - Migrating schema "main" to version "2 - init payments"
2025-12-17 00:29:19.399 [main] INFO  o.f.core.internal.command.DbMigrate - Migrating schema "main" to version "3 - messages and seed courses"
2025-12-17 00:29:19.415 [main] INFO  o.f.core.internal.command.DbMigrate - Migrating schema "main" to version "4 - student lookup indexes"
2025-12-17 00:29:19.435 [main] INFO  o.f.core.internal.command.DbMigrate - Migrating schema "main" to version "5 - create academic structure"
2025-12-17 00:29:19.455 [main] INFO  o.f.core.internal.command.DbMigrate - Migrating schema "main" to version "6 - seed demo data"
2025-12-17 00:29:19.471 [main] INFO  o.f.core.internal.command.DbMigrate - Migrating schema "main" to version "7 - create enrollments"
2025-12-17 00:29:19.488 [main] INFO  o.f.core.internal.command.DbMigrate - Migrating schema "main" to version "8 - create payments"
2025-12-17 00:29:19.508 [main] INFO  o.f.core.internal.command.DbMigrate - Successfully applied 8 migrations to schema "main", now at version v8 (execution time 00:00.023s)
2025-12-17 00:29:19.509 [main] INFO  util.DatabaseMigrator - Flyway migration complete. Applied: 8
2025-12-17 00:32:55.523 [main] INFO  org.flywaydb.core.FlywayExecutor - Database: jdbc:sqlite:enrollment.db (SQLite 3.39)
2025-12-17 00:32:55.558 [main] INFO  o.f.c.i.command.clean.CleanExecutor - Successfully dropped pre-schema database level objects (execution time 00:00.001s)
2025-12-17 00:32:55.575 [main] INFO  o.f.c.i.command.clean.CleanExecutor - Successfully cleaned schema "main" (execution time 00:00.017s)
2025-12-17 00:32:55.586 [main] INFO  o.f.c.i.command.clean.CleanExecutor - Successfully cleaned schema "main" (execution time 00:00.009s)
2025-12-17 00:32:55.587 [main] INFO  o.f.c.i.command.clean.CleanExecutor - Successfully dropped post-schema database level objects (execution time 00:00.000s)
2025-12-17 00:32:55.613 [main] INFO  o.f.c.i.s.JdbcTableSchemaHistory - Schema history table "main"."flyway_schema_history" does not exist yet
2025-12-17 00:32:55.616 [main] INFO  o.f.core.internal.command.DbValidate - Successfully validated 8 migrations (execution time 00:00.016s)
2025-12-17 00:32:55.618 [main] INFO  o.f.c.i.s.JdbcTableSchemaHistory - Creating Schema History table "main"."flyway_schema_history" ...
2025-12-17 00:32:55.650 [main] INFO  o.f.core.internal.command.DbMigrate - Current version of schema "main": << Empty Schema >>
2025-12-17 00:32:55.663 [main] INFO  o.f.core.internal.command.DbMigrate - Migrating schema "main" to version "1 - init students"
2025-12-17 00:32:55.698 [main] INFO  o.f.core.internal.command.DbMigrate - Migrating schema "main" to version "2 - init payments"
2025-12-17 00:32:55.719 [main] INFO  o.f.core.internal.command.DbMigrate - Migrating schema "main" to version "3 - messages and seed courses"
2025-12-17 00:32:55.746 [main] INFO  o.f.core.internal.command.DbMigrate - Migrating schema "main" to version "4 - student lookup indexes"
2025-12-17 00:32:55.766 [main] INFO  o.f.core.internal.command.DbMigrate - Migrating schema "main" to version "5 - create academic structure"
2025-12-17 00:32:55.786 [main] INFO  o.f.core.internal.command.DbMigrate - Migrating schema "main" to version "6 - seed demo data"
2025-12-17 00:32:55.803 [main] INFO  o.f.core.internal.command.DbMigrate - Migrating schema "main" to version "7 - create enrollments"
2025-12-17 00:32:55.819 [main] INFO  o.f.core.internal.command.DbMigrate - Migrating schema "main" to version "8 - create payments"
2025-12-17 00:32:55.840 [main] INFO  o.f.core.internal.command.DbMigrate - Successfully applied 8 migrations to schema "main", now at version v8 (execution time 00:00.026s)
2025-12-17 00:32:55.841 [main] INFO  util.DatabaseMigrator - Flyway migration complete. Applied: 8
2025-12-17 00:40:27.483 [main] INFO  org.flywaydb.core.FlywayExecutor - Database: jdbc:sqlite:enrollment.db (SQLite 3.39)
2025-12-17 00:40:27.524 [main] INFO  o.f.c.i.command.clean.CleanExecutor - Successfully dropped pre-schema database level objects (execution time 00:00.001s)
2025-12-17 00:40:27.544 [main] INFO  o.f.c.i.command.clean.CleanExecutor - Successfully cleaned schema "main" (execution time 00:00.020s)
2025-12-17 00:40:27.556 [main] INFO  o.f.c.i.command.clean.CleanExecutor - Successfully cleaned schema "main" (execution time 00:00.009s)
2025-12-17 00:40:27.557 [main] INFO  o.f.c.i.command.clean.CleanExecutor - Successfully dropped post-schema database level objects (execution time 00:00.000s)
2025-12-17 00:40:27.580 [main] INFO  o.f.c.i.s.JdbcTableSchemaHistory - Schema history table "main"."flyway_schema_history" does not exist yet
2025-12-17 00:40:27.586 [main] INFO  o.f.core.internal.command.DbValidate - Successfully validated 8 migrations (execution time 00:00.017s)
2025-12-17 00:40:27.588 [main] INFO  o.f.c.i.s.JdbcTableSchemaHistory - Creating Schema History table "main"."flyway_schema_history" ...
2025-12-17 00:40:27.622 [main] INFO  o.f.core.internal.command.DbMigrate - Current version of schema "main": << Empty Schema >>
2025-12-17 00:40:27.630 [main] INFO  o.f.core.internal.command.DbMigrate - Migrating schema "main" to version "1 - init students"
2025-12-17 00:40:27.656 [main] INFO  o.f.core.internal.command.DbMigrate - Migrating schema "main" to version "2 - init payments"
2025-12-17 00:40:27.672 [main] INFO  o.f.core.internal.command.DbMigrate - Migrating schema "main" to version "3 - messages and seed courses"
2025-12-17 00:40:27.691 [main] INFO  o.f.core.internal.command.DbMigrate - Migrating schema "main" to version "4 - student lookup indexes"
2025-12-17 00:40:27.709 [main] INFO  o.f.core.internal.command.DbMigrate - Migrating schema "main" to version "5 - create academic structure"
2025-12-17 00:40:27.732 [main] INFO  o.f.core.internal.command.DbMigrate - Migrating schema "main" to version "6 - seed demo data"
2025-12-17 00:40:27.750 [main] INFO  o.f.core.internal.command.DbMigrate - Migrating schema "main" to version "7 - create enrollments"
2025-12-17 00:40:27.765 [main] INFO  o.f.core.internal.command.DbMigrate - Migrating schema "main" to version "8 - create payments"
2025-12-17 00:40:27.786 [main] INFO  o.f.core.internal.command.DbMigrate - Successfully applied 8 migrations to schema "main", now at version v8 (execution time 00:00.022s)
2025-12-17 00:40:27.786 [main] INFO  util.DatabaseMigrator - Flyway migration complete. Applied: 8
2025-12-17 00:41:34.235 [AWT-EventQueue-0] ERROR service.EnrollmentService - Failed to create mock block BSED 1-A
org.sqlite.SQLiteException: [SQLITE_CONSTRAINT_NOTNULL] A NOT NULL constraint failed (NOT NULL constraint failed: blocks.section_id)
	at org.sqlite.core.DB.newSQLException(DB.java:1135)
	at org.sqlite.core.DB.newSQLException(DB.java:1146)
	at org.sqlite.core.DB.execute(DB.java:941)
	at org.sqlite.core.DB.executeUpdate(DB.java:1010)
	at org.sqlite.jdbc3.JDBC3PreparedStatement.lambda$executeLargeUpdate$2(JDBC3PreparedStatement.java:117)
	at org.sqlite.jdbc3.JDBC3Statement.withConnectionTimeout(JDBC3Statement.java:429)
	at org.sqlite.jdbc3.JDBC3PreparedStatement.executeLargeUpdate(JDBC3PreparedStatement.java:116)
	at org.sqlite.jdbc3.JDBC3PreparedStatement.executeUpdate(JDBC3PreparedStatement.java:98)
	at dao.BlockDAO.save(BlockDAO.java:132)
	at service.EnrollmentService.lambda$1(EnrollmentService.java:283)
	at java.base/java.util.Optional.orElseGet(Optional.java:364)
	at service.EnrollmentService.doProcessEnrollment(EnrollmentService.java:277)
	at service.EnrollmentService.lambda$0(EnrollmentService.java:264)
	at dao.DatabaseManager.runInTransaction(DatabaseManager.java:68)
	at service.EnrollmentService.processEnrollment(EnrollmentService.java:264)
	at ui.screens.BlockSectioningScreen.confirmSelection(BlockSectioningScreen.java:436)
	at ui.screens.BlockSectioningScreen.lambda$1(BlockSectioningScreen.java:127)
	at java.desktop/javax.swing.AbstractButton.fireActionPerformed(AbstractButton.java:1972)
	at java.desktop/javax.swing.AbstractButton$Handler.actionPerformed(AbstractButton.java:2314)
	at java.desktop/javax.swing.DefaultButtonModel.fireActionPerformed(DefaultButtonModel.java:407)
	at java.desktop/javax.swing.DefaultButtonModel.setPressed(DefaultButtonModel.java:262)
	at java.desktop/javax.swing.plaf.basic.BasicButtonListener.mouseReleased(BasicButtonListener.java:279)
	at java.desktop/java.awt.Component.processMouseEvent(Component.java:6621)
	at java.desktop/javax.swing.JComponent.processMouseEvent(JComponent.java:3398)
	at java.desktop/java.awt.Component.processEvent(Component.java:6386)
	at java.desktop/java.awt.Container.processEvent(Container.java:2266)
	at java.desktop/java.awt.Component.dispatchEventImpl(Component.java:4996)
	at java.desktop/java.awt.Container.dispatchEventImpl(Container.java:2324)
	at java.desktop/java.awt.Component.dispatchEvent(Component.java:4828)
	at java.desktop/java.awt.LightweightDispatcher.retargetMouseEvent(Container.java:4948)
	at java.desktop/java.awt.LightweightDispatcher.processMouseEvent(Container.java:4575)
	at java.desktop/java.awt.LightweightDispatcher.dispatchEvent(Container.java:4516)
	at java.desktop/java.awt.Container.dispatchEventImpl(Container.java:2310)
	at java.desktop/java.awt.Window.dispatchEventImpl(Window.java:2780)
	at java.desktop/java.awt.Component.dispatchEvent(Component.java:4828)
	at java.desktop/java.awt.EventQueue.dispatchEventImpl(EventQueue.java:775)
	at java.desktop/java.awt.EventQueue$4.run(EventQueue.java:720)
	at java.desktop/java.awt.EventQueue$4.run(EventQueue.java:714)
	at java.base/java.security.AccessController.doPrivileged(AccessController.java:400)
	at java.base/java.security.ProtectionDomain$JavaSecurityAccessImpl.doIntersectionPrivilege(ProtectionDomain.java:87)
	at java.base/java.security.ProtectionDomain$JavaSecurityAccessImpl.doIntersectionPrivilege(ProtectionDomain.java:98)
	at java.desktop/java.awt.EventQueue$5.run(EventQueue.java:747)
	at java.desktop/java.awt.EventQueue$5.run(EventQueue.java:745)
	at java.base/java.security.AccessController.doPrivileged(AccessController.java:400)
	at java.base/java.security.ProtectionDomain$JavaSecurityAccessImpl.doIntersectionPrivilege(ProtectionDomain.java:87)
	at java.desktop/java.awt.EventQueue.dispatchEvent(EventQueue.java:744)
	at java.desktop/java.awt.EventDispatchThread.pumpOneEventForFilters(EventDispatchThread.java:203)
	at java.desktop/java.awt.EventDispatchThread.pumpEventsForFilter(EventDispatchThread.java:124)
	at java.desktop/java.awt.EventDispatchThread.pumpEventsForHierarchy(EventDispatchThread.java:113)
	at java.desktop/java.awt.EventDispatchThread.pumpEvents(EventDispatchThread.java:109)
	at java.desktop/java.awt.EventDispatchThread.pumpEvents(EventDispatchThread.java:101)
	at java.desktop/java.awt.EventDispatchThread.run(EventDispatchThread.java:90)
2025-12-17 00:41:34.237 [AWT-EventQueue-0] ERROR service.EnrollmentService - Enrollment failed for block BSED 1-A
java.sql.SQLException: Transactional work failed
	at dao.DatabaseManager.runInTransaction(DatabaseManager.java:81)
	at service.EnrollmentService.processEnrollment(EnrollmentService.java:264)
	at ui.screens.BlockSectioningScreen.confirmSelection(BlockSectioningScreen.java:436)
	at ui.screens.BlockSectioningScreen.lambda$1(BlockSectioningScreen.java:127)
	at java.desktop/javax.swing.AbstractButton.fireActionPerformed(AbstractButton.java:1972)
	at java.desktop/javax.swing.AbstractButton$Handler.actionPerformed(AbstractButton.java:2314)
	at java.desktop/javax.swing.DefaultButtonModel.fireActionPerformed(DefaultButtonModel.java:407)
	at java.desktop/javax.swing.DefaultButtonModel.setPressed(DefaultButtonModel.java:262)
	at java.desktop/javax.swing.plaf.basic.BasicButtonListener.mouseReleased(BasicButtonListener.java:279)
	at java.desktop/java.awt.Component.processMouseEvent(Component.java:6621)
	at java.desktop/javax.swing.JComponent.processMouseEvent(JComponent.java:3398)
	at java.desktop/java.awt.Component.processEvent(Component.java:6386)
	at java.desktop/java.awt.Container.processEvent(Container.java:2266)
	at java.desktop/java.awt.Component.dispatchEventImpl(Component.java:4996)
	at java.desktop/java.awt.Container.dispatchEventImpl(Container.java:2324)
	at java.desktop/java.awt.Component.dispatchEvent(Component.java:4828)
	at java.desktop/java.awt.LightweightDispatcher.retargetMouseEvent(Container.java:4948)
	at java.desktop/java.awt.LightweightDispatcher.processMouseEvent(Container.java:4575)
	at java.desktop/java.awt.LightweightDispatcher.dispatchEvent(Container.java:4516)
	at java.desktop/java.awt.Container.dispatchEventImpl(Container.java:2310)
	at java.desktop/java.awt.Window.dispatchEventImpl(Window.java:2780)
	at java.desktop/java.awt.Component.dispatchEvent(Component.java:4828)
	at java.desktop/java.awt.EventQueue.dispatchEventImpl(EventQueue.java:775)
	at java.desktop/java.awt.EventQueue$4.run(EventQueue.java:720)
	at java.desktop/java.awt.EventQueue$4.run(EventQueue.java:714)
	at java.base/java.security.AccessController.doPrivileged(AccessController.java:400)
	at java.base/java.security.ProtectionDomain$JavaSecurityAccessImpl.doIntersectionPrivilege(ProtectionDomain.java:87)
	at java.base/java.security.ProtectionDomain$JavaSecurityAccessImpl.doIntersectionPrivilege(ProtectionDomain.java:98)
	at java.desktop/java.awt.EventQueue$5.run(EventQueue.java:747)
	at java.desktop/java.awt.EventQueue$5.run(EventQueue.java:745)
	at java.base/java.security.AccessController.doPrivileged(AccessController.java:400)
	at java.base/java.security.ProtectionDomain$JavaSecurityAccessImpl.doIntersectionPrivilege(ProtectionDomain.java:87)
	at java.desktop/java.awt.EventQueue.dispatchEvent(EventQueue.java:744)
	at java.desktop/java.awt.EventDispatchThread.pumpOneEventForFilters(EventDispatchThread.java:203)
	at java.desktop/java.awt.EventDispatchThread.pumpEventsForFilter(EventDispatchThread.java:124)
	at java.desktop/java.awt.EventDispatchThread.pumpEventsForHierarchy(EventDispatchThread.java:113)
	at java.desktop/java.awt.EventDispatchThread.pumpEvents(EventDispatchThread.java:109)
	at java.desktop/java.awt.EventDispatchThread.pumpEvents(EventDispatchThread.java:101)
	at java.desktop/java.awt.EventDispatchThread.run(EventDispatchThread.java:90)
Caused by: java.lang.NullPointerException: Cannot invoke "java.lang.Integer.intValue()" because the return value of "model.Enrollment.getBlockId()" is null
	at dao.EnrollmentDAO.create(EnrollmentDAO.java:23)
	at service.EnrollmentService.doProcessEnrollment(EnrollmentService.java:302)
	at service.EnrollmentService.lambda$0(EnrollmentService.java:264)
	at dao.DatabaseManager.runInTransaction(DatabaseManager.java:68)
	... 38 common frames omitted
2025-12-17 00:42:55.195 [main] INFO  org.flywaydb.core.FlywayExecutor - Database: jdbc:sqlite:enrollment.db (SQLite 3.39)
2025-12-17 00:42:55.240 [main] INFO  o.f.c.i.command.clean.CleanExecutor - Successfully dropped pre-schema database level objects (execution time 00:00.003s)
2025-12-17 00:42:55.265 [main] INFO  o.f.c.i.command.clean.CleanExecutor - Successfully cleaned schema "main" (execution time 00:00.023s)
2025-12-17 00:42:55.274 [main] INFO  o.f.c.i.command.clean.CleanExecutor - Successfully cleaned schema "main" (execution time 00:00.009s)
2025-12-17 00:42:55.277 [main] INFO  o.f.c.i.command.clean.CleanExecutor - Successfully dropped post-schema database level objects (execution time 00:00.000s)
2025-12-17 00:42:55.304 [main] INFO  o.f.c.i.s.JdbcTableSchemaHistory - Schema history table "main"."flyway_schema_history" does not exist yet
2025-12-17 00:42:55.307 [main] INFO  o.f.core.internal.command.DbValidate - Successfully validated 8 migrations (execution time 00:00.019s)
2025-12-17 00:42:55.310 [main] INFO  o.f.c.i.s.JdbcTableSchemaHistory - Creating Schema History table "main"."flyway_schema_history" ...
2025-12-17 00:42:55.340 [main] INFO  o.f.core.internal.command.DbMigrate - Current version of schema "main": << Empty Schema >>
2025-12-17 00:42:55.349 [main] INFO  o.f.core.internal.command.DbMigrate - Migrating schema "main" to version "1 - init students"
2025-12-17 00:42:55.376 [main] INFO  o.f.core.internal.command.DbMigrate - Migrating schema "main" to version "2 - init payments"
2025-12-17 00:42:55.397 [main] INFO  o.f.core.internal.command.DbMigrate - Migrating schema "main" to version "3 - messages and seed courses"
2025-12-17 00:42:55.412 [main] INFO  o.f.core.internal.command.DbMigrate - Migrating schema "main" to version "4 - student lookup indexes"
2025-12-17 00:42:55.430 [main] INFO  o.f.core.internal.command.DbMigrate - Migrating schema "main" to version "5 - create academic structure"
2025-12-17 00:42:55.451 [main] INFO  o.f.core.internal.command.DbMigrate - Migrating schema "main" to version "6 - seed demo data"
2025-12-17 00:42:55.469 [main] INFO  o.f.core.internal.command.DbMigrate - Migrating schema "main" to version "7 - create enrollments"
2025-12-17 00:42:55.484 [main] INFO  o.f.core.internal.command.DbMigrate - Migrating schema "main" to version "8 - create payments"
2025-12-17 00:42:55.505 [main] INFO  o.f.core.internal.command.DbMigrate - Successfully applied 8 migrations to schema "main", now at version v8 (execution time 00:00.022s)
2025-12-17 00:42:55.506 [main] INFO  util.DatabaseMigrator - Flyway migration complete. Applied: 8
2025-12-17 00:43:57.115 [AWT-EventQueue-0] INFO  service.EnrollmentService - Enrollment completed: student 5 -> block BSIT 1-A (enrollment #1)
2025-12-17 00:44:10.099 [main] INFO  org.flywaydb.core.FlywayExecutor - Database: jdbc:sqlite:enrollment.db (SQLite 3.39)
2025-12-17 00:44:10.136 [main] INFO  o.f.c.i.command.clean.CleanExecutor - Successfully dropped pre-schema database level objects (execution time 00:00.001s)
2025-12-17 00:44:10.153 [main] INFO  o.f.c.i.command.clean.CleanExecutor - Successfully cleaned schema "main" (execution time 00:00.016s)
2025-12-17 00:44:10.164 [main] INFO  o.f.c.i.command.clean.CleanExecutor - Successfully cleaned schema "main" (execution time 00:00.010s)
2025-12-17 00:44:10.165 [main] INFO  o.f.c.i.command.clean.CleanExecutor - Successfully dropped post-schema database level objects (execution time 00:00.000s)
2025-12-17 00:44:10.190 [main] INFO  o.f.c.i.s.JdbcTableSchemaHistory - Schema history table "main"."flyway_schema_history" does not exist yet
2025-12-17 00:44:10.193 [main] INFO  o.f.core.internal.command.DbValidate - Successfully validated 8 migrations (execution time 00:00.017s)
2025-12-17 00:44:10.195 [main] INFO  o.f.c.i.s.JdbcTableSchemaHistory - Creating Schema History table "main"."flyway_schema_history" ...
2025-12-17 00:44:10.228 [main] INFO  o.f.core.internal.command.DbMigrate - Current version of schema "main": << Empty Schema >>
2025-12-17 00:44:10.236 [main] INFO  o.f.core.internal.command.DbMigrate - Migrating schema "main" to version "1 - init students"
2025-12-17 00:44:10.263 [main] INFO  o.f.core.internal.command.DbMigrate - Migrating schema "main" to version "2 - init payments"
2025-12-17 00:44:10.282 [main] INFO  o.f.core.internal.command.DbMigrate - Migrating schema "main" to version "3 - messages and seed courses"
2025-12-17 00:44:10.299 [main] INFO  o.f.core.internal.command.DbMigrate - Migrating schema "main" to version "4 - student lookup indexes"
2025-12-17 00:44:10.317 [main] INFO  o.f.core.internal.command.DbMigrate - Migrating schema "main" to version "5 - create academic structure"
2025-12-17 00:44:10.338 [main] INFO  o.f.core.internal.command.DbMigrate - Migrating schema "main" to version "6 - seed demo data"
2025-12-17 00:44:10.357 [main] INFO  o.f.core.internal.command.DbMigrate - Migrating schema "main" to version "7 - create enrollments"
2025-12-17 00:44:10.375 [main] INFO  o.f.core.internal.command.DbMigrate - Migrating schema "main" to version "8 - create payments"
2025-12-17 00:44:10.394 [main] INFO  o.f.core.internal.command.DbMigrate - Successfully applied 8 migrations to schema "main", now at version v8 (execution time 00:00.022s)
2025-12-17 00:44:10.395 [main] INFO  util.DatabaseMigrator - Flyway migration complete. Applied: 8
2025-12-17 00:45:36.975 [AWT-EventQueue-0] INFO  service.EnrollmentService - Enrollment completed: student 5 -> block BSN 1-A (enrollment #1)
2025-12-17 00:49:40.557 [main] INFO  org.flywaydb.core.FlywayExecutor - Database: jdbc:sqlite:enrollment.db (SQLite 3.39)
2025-12-17 00:49:40.593 [main] INFO  o.f.c.i.command.clean.CleanExecutor - Successfully dropped pre-schema database level objects (execution time 00:00.001s)
2025-12-17 00:49:40.608 [main] INFO  o.f.c.i.command.clean.CleanExecutor - Successfully cleaned schema "main" (execution time 00:00.017s)
2025-12-17 00:49:40.621 [main] INFO  o.f.c.i.command.clean.CleanExecutor - Successfully cleaned schema "main" (execution time 00:00.009s)
2025-12-17 00:49:40.622 [main] INFO  o.f.c.i.command.clean.CleanExecutor - Successfully dropped post-schema database level objects (execution time 00:00.000s)
2025-12-17 00:49:40.649 [main] INFO  o.f.c.i.s.JdbcTableSchemaHistory - Schema history table "main"."flyway_schema_history" does not exist yet
2025-12-17 00:49:40.650 [main] INFO  o.f.core.internal.command.DbValidate - Successfully validated 8 migrations (execution time 00:00.018s)
2025-12-17 00:49:40.653 [main] INFO  o.f.c.i.s.JdbcTableSchemaHistory - Creating Schema History table "main"."flyway_schema_history" ...
2025-12-17 00:49:40.683 [main] INFO  o.f.core.internal.command.DbMigrate - Current version of schema "main": << Empty Schema >>
2025-12-17 00:49:40.690 [main] INFO  o.f.core.internal.command.DbMigrate - Migrating schema "main" to version "1 - init students"
2025-12-17 00:49:40.712 [main] INFO  o.f.core.internal.command.DbMigrate - Migrating schema "main" to version "2 - init payments"
2025-12-17 00:49:40.730 [main] INFO  o.f.core.internal.command.DbMigrate - Migrating schema "main" to version "3 - messages and seed courses"
2025-12-17 00:49:40.747 [main] INFO  o.f.core.internal.command.DbMigrate - Migrating schema "main" to version "4 - student lookup indexes"
2025-12-17 00:49:40.765 [main] INFO  o.f.core.internal.command.DbMigrate - Migrating schema "main" to version "5 - create academic structure"
2025-12-17 00:49:40.786 [main] INFO  o.f.core.internal.command.DbMigrate - Migrating schema "main" to version "6 - seed demo data"
2025-12-17 00:49:40.803 [main] INFO  o.f.core.internal.command.DbMigrate - Migrating schema "main" to version "7 - create enrollments"
2025-12-17 00:49:40.819 [main] INFO  o.f.core.internal.command.DbMigrate - Migrating schema "main" to version "8 - create payments"
2025-12-17 00:49:40.838 [main] INFO  o.f.core.internal.command.DbMigrate - Successfully applied 8 migrations to schema "main", now at version v8 (execution time 00:00.022s)
2025-12-17 00:49:40.838 [main] INFO  util.DatabaseMigrator - Flyway migration complete. Applied: 8
2025-12-17 00:51:18.725 [main] INFO  org.flywaydb.core.FlywayExecutor - Database: jdbc:sqlite:enrollment.db (SQLite 3.39)
2025-12-17 00:51:18.763 [main] INFO  o.f.c.i.command.clean.CleanExecutor - Successfully dropped pre-schema database level objects (execution time 00:00.001s)
2025-12-17 00:51:18.782 [main] INFO  o.f.c.i.command.clean.CleanExecutor - Successfully cleaned schema "main" (execution time 00:00.017s)
2025-12-17 00:51:18.793 [main] INFO  o.f.c.i.command.clean.CleanExecutor - Successfully cleaned schema "main" (execution time 00:00.009s)
2025-12-17 00:51:18.794 [main] INFO  o.f.c.i.command.clean.CleanExecutor - Successfully dropped post-schema database level objects (execution time 00:00.000s)
2025-12-17 00:51:18.823 [main] INFO  o.f.c.i.s.JdbcTableSchemaHistory - Schema history table "main"."flyway_schema_history" does not exist yet
2025-12-17 00:51:18.826 [main] INFO  o.f.core.internal.command.DbValidate - Successfully validated 8 migrations (execution time 00:00.020s)
2025-12-17 00:51:18.829 [main] INFO  o.f.c.i.s.JdbcTableSchemaHistory - Creating Schema History table "main"."flyway_schema_history" ...
2025-12-17 00:51:18.858 [main] INFO  o.f.core.internal.command.DbMigrate - Current version of schema "main": << Empty Schema >>
2025-12-17 00:51:18.866 [main] INFO  o.f.core.internal.command.DbMigrate - Migrating schema "main" to version "1 - init students"
2025-12-17 00:51:18.891 [main] INFO  o.f.core.internal.command.DbMigrate - Migrating schema "main" to version "2 - init payments"
2025-12-17 00:51:18.908 [main] INFO  o.f.core.internal.command.DbMigrate - Migrating schema "main" to version "3 - messages and seed courses"
2025-12-17 00:51:18.924 [main] INFO  o.f.core.internal.command.DbMigrate - Migrating schema "main" to version "4 - student lookup indexes"
2025-12-17 00:51:18.941 [main] INFO  o.f.core.internal.command.DbMigrate - Migrating schema "main" to version "5 - create academic structure"
2025-12-17 00:51:18.961 [main] INFO  o.f.core.internal.command.DbMigrate - Migrating schema "main" to version "6 - seed demo data"
2025-12-17 00:51:18.978 [main] INFO  o.f.core.internal.command.DbMigrate - Migrating schema "main" to version "7 - create enrollments"
2025-12-17 00:51:18.994 [main] INFO  o.f.core.internal.command.DbMigrate - Migrating schema "main" to version "8 - create payments"
2025-12-17 00:51:19.015 [main] INFO  o.f.core.internal.command.DbMigrate - Successfully applied 8 migrations to schema "main", now at version v8 (execution time 00:00.018s)
2025-12-17 00:51:19.015 [main] INFO  util.DatabaseMigrator - Flyway migration complete. Applied: 8
2025-12-17 00:57:48.409 [main] INFO  org.flywaydb.core.FlywayExecutor - Database: jdbc:sqlite:enrollment.db (SQLite 3.39)
2025-12-17 00:57:48.445 [main] INFO  o.f.c.i.command.clean.CleanExecutor - Successfully dropped pre-schema database level objects (execution time 00:00.001s)
2025-12-17 00:57:48.464 [main] INFO  o.f.c.i.command.clean.CleanExecutor - Successfully cleaned schema "main" (execution time 00:00.017s)
2025-12-17 00:57:48.475 [main] INFO  o.f.c.i.command.clean.CleanExecutor - Successfully cleaned schema "main" (execution time 00:00.010s)
2025-12-17 00:57:48.476 [main] INFO  o.f.c.i.command.clean.CleanExecutor - Successfully dropped post-schema database level objects (execution time 00:00.000s)
2025-12-17 00:57:48.500 [main] INFO  o.f.c.i.s.JdbcTableSchemaHistory - Schema history table "main"."flyway_schema_history" does not exist yet
2025-12-17 00:57:48.503 [main] INFO  o.f.core.internal.command.DbValidate - Successfully validated 8 migrations (execution time 00:00.016s)
2025-12-17 00:57:48.506 [main] INFO  o.f.c.i.s.JdbcTableSchemaHistory - Creating Schema History table "main"."flyway_schema_history" ...
2025-12-17 00:57:48.535 [main] INFO  o.f.core.internal.command.DbMigrate - Current version of schema "main": << Empty Schema >>
2025-12-17 00:57:48.544 [main] INFO  o.f.core.internal.command.DbMigrate - Migrating schema "main" to version "1 - init students"
2025-12-17 00:57:48.569 [main] INFO  o.f.core.internal.command.DbMigrate - Migrating schema "main" to version "2 - init payments"
2025-12-17 00:57:48.584 [main] INFO  o.f.core.internal.command.DbMigrate - Migrating schema "main" to version "3 - messages and seed courses"
2025-12-17 00:57:48.602 [main] INFO  o.f.core.internal.command.DbMigrate - Migrating schema "main" to version "4 - student lookup indexes"
2025-12-17 00:57:48.622 [main] INFO  o.f.core.internal.command.DbMigrate - Migrating schema "main" to version "5 - create academic structure"
2025-12-17 00:57:48.642 [main] INFO  o.f.core.internal.command.DbMigrate - Migrating schema "main" to version "6 - seed demo data"
2025-12-17 00:57:48.660 [main] INFO  o.f.core.internal.command.DbMigrate - Migrating schema "main" to version "7 - create enrollments"
2025-12-17 00:57:48.675 [main] INFO  o.f.core.internal.command.DbMigrate - Migrating schema "main" to version "8 - create payments"
2025-12-17 00:57:48.695 [main] INFO  o.f.core.internal.command.DbMigrate - Successfully applied 8 migrations to schema "main", now at version v8 (execution time 00:00.021s)
2025-12-17 00:57:48.696 [main] INFO  util.DatabaseMigrator - Flyway migration complete. Applied: 8
2025-12-17 00:58:34.413 [main] INFO  org.flywaydb.core.FlywayExecutor - Database: jdbc:sqlite:enrollment.db (SQLite 3.39)
2025-12-17 00:58:34.456 [main] INFO  o.f.c.i.command.clean.CleanExecutor - Successfully dropped pre-schema database level objects (execution time 00:00.001s)
2025-12-17 00:58:34.483 [main] INFO  o.f.c.i.command.clean.CleanExecutor - Successfully cleaned schema "main" (execution time 00:00.027s)
2025-12-17 00:58:34.494 [main] INFO  o.f.c.i.command.clean.CleanExecutor - Successfully cleaned schema "main" (execution time 00:00.009s)
2025-12-17 00:58:34.496 [main] INFO  o.f.c.i.command.clean.CleanExecutor - Successfully dropped post-schema database level objects (execution time 00:00.000s)
2025-12-17 00:58:34.521 [main] INFO  o.f.c.i.s.JdbcTableSchemaHistory - Schema history table "main"."flyway_schema_history" does not exist yet
2025-12-17 00:58:34.523 [main] INFO  o.f.core.internal.command.DbValidate - Successfully validated 8 migrations (execution time 00:00.017s)
2025-12-17 00:58:34.526 [main] INFO  o.f.c.i.s.JdbcTableSchemaHistory - Creating Schema History table "main"."flyway_schema_history" ...
2025-12-17 00:58:34.552 [main] INFO  o.f.core.internal.command.DbMigrate - Current version of schema "main": << Empty Schema >>
2025-12-17 00:58:34.562 [main] INFO  o.f.core.internal.command.DbMigrate - Migrating schema "main" to version "1 - init students"
2025-12-17 00:58:34.586 [main] INFO  o.f.core.internal.command.DbMigrate - Migrating schema "main" to version "2 - init payments"
2025-12-17 00:58:34.606 [main] INFO  o.f.core.internal.command.DbMigrate - Migrating schema "main" to version "3 - messages and seed courses"
2025-12-17 00:58:34.621 [main] INFO  o.f.core.internal.command.DbMigrate - Migrating schema "main" to version "4 - student lookup indexes"
2025-12-17 00:58:34.637 [main] INFO  o.f.core.internal.command.DbMigrate - Migrating schema "main" to version "5 - create academic structure"
2025-12-17 00:58:34.658 [main] INFO  o.f.core.internal.command.DbMigrate - Migrating schema "main" to version "6 - seed demo data"
2025-12-17 00:58:34.675 [main] INFO  o.f.core.internal.command.DbMigrate - Migrating schema "main" to version "7 - create enrollments"
2025-12-17 00:58:34.691 [main] INFO  o.f.core.internal.command.DbMigrate - Migrating schema "main" to version "8 - create payments"
2025-12-17 00:58:34.711 [main] INFO  o.f.core.internal.command.DbMigrate - Successfully applied 8 migrations to schema "main", now at version v8 (execution time 00:00.020s)
2025-12-17 00:58:34.712 [main] INFO  util.DatabaseMigrator - Flyway migration complete. Applied: 8
2025-12-17 00:58:56.055 [main] INFO  org.flywaydb.core.FlywayExecutor - Database: jdbc:sqlite:enrollment.db (SQLite 3.39)
2025-12-17 00:58:56.090 [main] INFO  o.f.c.i.command.clean.CleanExecutor - Successfully dropped pre-schema database level objects (execution time 00:00.001s)
2025-12-17 00:58:56.108 [main] INFO  o.f.c.i.command.clean.CleanExecutor - Successfully cleaned schema "main" (execution time 00:00.017s)
2025-12-17 00:58:56.123 [main] INFO  o.f.c.i.command.clean.CleanExecutor - Successfully cleaned schema "main" (execution time 00:00.013s)
2025-12-17 00:58:56.124 [main] INFO  o.f.c.i.command.clean.CleanExecutor - Successfully dropped post-schema database level objects (execution time 00:00.000s)
2025-12-17 00:58:56.149 [main] INFO  o.f.c.i.s.JdbcTableSchemaHistory - Schema history table "main"."flyway_schema_history" does not exist yet
2025-12-17 00:58:56.152 [main] INFO  o.f.core.internal.command.DbValidate - Successfully validated 8 migrations (execution time 00:00.018s)
2025-12-17 00:58:56.155 [main] INFO  o.f.c.i.s.JdbcTableSchemaHistory - Creating Schema History table "main"."flyway_schema_history" ...
2025-12-17 00:58:56.185 [main] INFO  o.f.core.internal.command.DbMigrate - Current version of schema "main": << Empty Schema >>
2025-12-17 00:58:56.194 [main] INFO  o.f.core.internal.command.DbMigrate - Migrating schema "main" to version "1 - init students"
2025-12-17 00:58:56.217 [main] INFO  o.f.core.internal.command.DbMigrate - Migrating schema "main" to version "2 - init payments"
2025-12-17 00:58:56.238 [main] INFO  o.f.core.internal.command.DbMigrate - Migrating schema "main" to version "3 - messages and seed courses"
2025-12-17 00:58:56.254 [main] INFO  o.f.core.internal.command.DbMigrate - Migrating schema "main" to version "4 - student lookup indexes"
2025-12-17 00:58:56.272 [main] INFO  o.f.core.internal.command.DbMigrate - Migrating schema "main" to version "5 - create academic structure"
2025-12-17 00:58:56.296 [main] INFO  o.f.core.internal.command.DbMigrate - Migrating schema "main" to version "6 - seed demo data"
2025-12-17 00:58:56.317 [main] INFO  o.f.core.internal.command.DbMigrate - Migrating schema "main" to version "7 - create enrollments"
2025-12-17 00:58:56.329 [main] INFO  o.f.core.internal.command.DbMigrate - Migrating schema "main" to version "8 - create payments"
2025-12-17 00:58:56.357 [main] INFO  o.f.core.internal.command.DbMigrate - Successfully applied 8 migrations to schema "main", now at version v8 (execution time 00:00.023s)
2025-12-17 00:58:56.357 [main] INFO  util.DatabaseMigrator - Flyway migration complete. Applied: 8
2025-12-17 01:00:02.756 [AWT-EventQueue-0] INFO  service.EnrollmentService - Enrollment completed: student 5 -> block BSIT 1-B (enrollment #1)
2025-12-17 01:13:22.943 [main] INFO  org.flywaydb.core.FlywayExecutor - Database: jdbc:sqlite:enrollment.db (SQLite 3.39)
2025-12-17 01:13:22.983 [main] INFO  o.f.c.i.command.clean.CleanExecutor - Successfully dropped pre-schema database level objects (execution time 00:00.001s)
2025-12-17 01:13:22.998 [main] INFO  o.f.c.i.command.clean.CleanExecutor - Successfully cleaned schema "main" (execution time 00:00.017s)
2025-12-17 01:13:23.013 [main] INFO  o.f.c.i.command.clean.CleanExecutor - Successfully cleaned schema "main" (execution time 00:00.010s)
2025-12-17 01:13:23.014 [main] INFO  o.f.c.i.command.clean.CleanExecutor - Successfully dropped post-schema database level objects (execution time 00:00.000s)
2025-12-17 01:13:23.039 [main] INFO  o.f.c.i.s.JdbcTableSchemaHistory - Schema history table "main"."flyway_schema_history" does not exist yet
2025-12-17 01:13:23.043 [main] INFO  o.f.core.internal.command.DbValidate - Successfully validated 8 migrations (execution time 00:00.016s)
2025-12-17 01:13:23.045 [main] INFO  o.f.c.i.s.JdbcTableSchemaHistory - Creating Schema History table "main"."flyway_schema_history" ...
2025-12-17 01:13:23.074 [main] INFO  o.f.core.internal.command.DbMigrate - Current version of schema "main": << Empty Schema >>
2025-12-17 01:13:23.086 [main] INFO  o.f.core.internal.command.DbMigrate - Migrating schema "main" to version "1 - init students"
2025-12-17 01:13:23.111 [main] INFO  o.f.core.internal.command.DbMigrate - Migrating schema "main" to version "2 - init payments"
2025-12-17 01:13:23.129 [main] INFO  o.f.core.internal.command.DbMigrate - Migrating schema "main" to version "3 - messages and seed courses"
2025-12-17 01:13:23.146 [main] INFO  o.f.core.internal.command.DbMigrate - Migrating schema "main" to version "4 - student lookup indexes"
2025-12-17 01:13:23.163 [main] INFO  o.f.core.internal.command.DbMigrate - Migrating schema "main" to version "5 - create academic structure"
2025-12-17 01:13:23.184 [main] INFO  o.f.core.internal.command.DbMigrate - Migrating schema "main" to version "6 - seed demo data"
2025-12-17 01:13:23.201 [main] INFO  o.f.core.internal.command.DbMigrate - Migrating schema "main" to version "7 - create enrollments"
2025-12-17 01:13:23.218 [main] INFO  o.f.core.internal.command.DbMigrate - Migrating schema "main" to version "8 - create payments"
2025-12-17 01:13:23.242 [main] INFO  o.f.core.internal.command.DbMigrate - Successfully applied 8 migrations to schema "main", now at version v8 (execution time 00:00.025s)
2025-12-17 01:13:23.242 [main] INFO  util.DatabaseMigrator - Flyway migration complete. Applied: 8
2025-12-17 01:14:19.087 [AWT-EventQueue-0] INFO  service.EnrollmentService - Enrollment completed: student 5 -> block BSIT 1-B (enrollment #1)
2025-12-17 01:20:07.015 [main] INFO  org.flywaydb.core.FlywayExecutor - Database: jdbc:sqlite:enrollment.db (SQLite 3.39)
2025-12-17 01:20:07.061 [main] INFO  o.f.c.i.command.clean.CleanExecutor - Successfully dropped pre-schema database level objects (execution time 00:00.001s)
2025-12-17 01:20:07.085 [main] INFO  o.f.c.i.command.clean.CleanExecutor - Successfully cleaned schema "main" (execution time 00:00.022s)
2025-12-17 01:20:07.096 [main] INFO  o.f.c.i.command.clean.CleanExecutor - Successfully cleaned schema "main" (execution time 00:00.010s)
2025-12-17 01:20:07.097 [main] INFO  o.f.c.i.command.clean.CleanExecutor - Successfully dropped post-schema database level objects (execution time 00:00.000s)
2025-12-17 01:20:07.123 [main] INFO  o.f.c.i.s.JdbcTableSchemaHistory - Schema history table "main"."flyway_schema_history" does not exist yet
2025-12-17 01:20:07.125 [main] INFO  o.f.core.internal.command.DbValidate - Successfully validated 8 migrations (execution time 00:00.017s)
2025-12-17 01:20:07.129 [main] INFO  o.f.c.i.s.JdbcTableSchemaHistory - Creating Schema History table "main"."flyway_schema_history" ...
2025-12-17 01:20:07.162 [main] INFO  o.f.core.internal.command.DbMigrate - Current version of schema "main": << Empty Schema >>
2025-12-17 01:20:07.170 [main] INFO  o.f.core.internal.command.DbMigrate - Migrating schema "main" to version "1 - init students"
2025-12-17 01:20:07.196 [main] INFO  o.f.core.internal.command.DbMigrate - Migrating schema "main" to version "2 - init payments"
2025-12-17 01:20:07.216 [main] INFO  o.f.core.internal.command.DbMigrate - Migrating schema "main" to version "3 - messages and seed courses"
2025-12-17 01:20:07.236 [main] INFO  o.f.core.internal.command.DbMigrate - Migrating schema "main" to version "4 - student lookup indexes"
2025-12-17 01:20:07.254 [main] INFO  o.f.core.internal.command.DbMigrate - Migrating schema "main" to version "5 - create academic structure"
2025-12-17 01:20:07.274 [main] INFO  o.f.core.internal.command.DbMigrate - Migrating schema "main" to version "6 - seed demo data"
2025-12-17 01:20:07.293 [main] INFO  o.f.core.internal.command.DbMigrate - Migrating schema "main" to version "7 - create enrollments"
2025-12-17 01:20:07.310 [main] INFO  o.f.core.internal.command.DbMigrate - Migrating schema "main" to version "8 - create payments"
2025-12-17 01:20:07.332 [main] INFO  o.f.core.internal.command.DbMigrate - Successfully applied 8 migrations to schema "main", now at version v8 (execution time 00:00.025s)
2025-12-17 01:20:07.332 [main] INFO  util.DatabaseMigrator - Flyway migration complete. Applied: 8
2025-12-17 01:21:17.804 [AWT-EventQueue-0] INFO  service.EnrollmentService - Enrollment completed: student 5 -> block BSIT 1-A (enrollment #1)
2025-12-17 01:32:02.014 [main] INFO  org.flywaydb.core.FlywayExecutor - Database: jdbc:sqlite:enrollment.db (SQLite 3.39)
2025-12-17 01:32:02.050 [main] INFO  o.f.c.i.command.clean.CleanExecutor - Successfully dropped pre-schema database level objects (execution time 00:00.001s)
2025-12-17 01:32:02.068 [main] INFO  o.f.c.i.command.clean.CleanExecutor - Successfully cleaned schema "main" (execution time 00:00.017s)
2025-12-17 01:32:02.078 [main] INFO  o.f.c.i.command.clean.CleanExecutor - Successfully cleaned schema "main" (execution time 00:00.009s)
2025-12-17 01:32:02.079 [main] INFO  o.f.c.i.command.clean.CleanExecutor - Successfully dropped post-schema database level objects (execution time 00:00.000s)
2025-12-17 01:32:02.105 [main] INFO  o.f.c.i.s.JdbcTableSchemaHistory - Schema history table "main"."flyway_schema_history" does not exist yet
2025-12-17 01:32:02.108 [main] INFO  o.f.core.internal.command.DbValidate - Successfully validated 8 migrations (execution time 00:00.017s)
2025-12-17 01:32:02.111 [main] INFO  o.f.c.i.s.JdbcTableSchemaHistory - Creating Schema History table "main"."flyway_schema_history" ...
2025-12-17 01:32:02.140 [main] INFO  o.f.core.internal.command.DbMigrate - Current version of schema "main": << Empty Schema >>
2025-12-17 01:32:02.148 [main] INFO  o.f.core.internal.command.DbMigrate - Migrating schema "main" to version "1 - init students"
2025-12-17 01:32:02.178 [main] INFO  o.f.core.internal.command.DbMigrate - Migrating schema "main" to version "2 - init payments"
2025-12-17 01:32:02.195 [main] INFO  o.f.core.internal.command.DbMigrate - Migrating schema "main" to version "3 - messages and seed courses"
2025-12-17 01:32:02.213 [main] INFO  o.f.core.internal.command.DbMigrate - Migrating schema "main" to version "4 - student lookup indexes"
2025-12-17 01:32:02.230 [main] INFO  o.f.core.internal.command.DbMigrate - Migrating schema "main" to version "5 - create academic structure"
2025-12-17 01:32:02.250 [main] INFO  o.f.core.internal.command.DbMigrate - Migrating schema "main" to version "6 - seed demo data"
2025-12-17 01:32:02.266 [main] INFO  o.f.core.internal.command.DbMigrate - Migrating schema "main" to version "7 - create enrollments"
2025-12-17 01:32:02.283 [main] INFO  o.f.core.internal.command.DbMigrate - Migrating schema "main" to version "8 - create payments"
2025-12-17 01:32:02.301 [main] INFO  o.f.core.internal.command.DbMigrate - Successfully applied 8 migrations to schema "main", now at version v8 (execution time 00:00.021s)
2025-12-17 01:32:02.302 [main] INFO  util.DatabaseMigrator - Flyway migration complete. Applied: 8
2025-12-17 01:35:41.287 [main] INFO  org.flywaydb.core.FlywayExecutor - Database: jdbc:sqlite:enrollment.db (SQLite 3.39)
2025-12-17 01:35:41.325 [main] INFO  o.f.c.i.command.clean.CleanExecutor - Successfully dropped pre-schema database level objects (execution time 00:00.001s)
2025-12-17 01:35:41.345 [main] INFO  o.f.c.i.command.clean.CleanExecutor - Successfully cleaned schema "main" (execution time 00:00.018s)
2025-12-17 01:35:41.355 [main] INFO  o.f.c.i.command.clean.CleanExecutor - Successfully cleaned schema "main" (execution time 00:00.009s)
2025-12-17 01:35:41.356 [main] INFO  o.f.c.i.command.clean.CleanExecutor - Successfully dropped post-schema database level objects (execution time 00:00.000s)
2025-12-17 01:35:41.383 [main] INFO  o.f.c.i.s.JdbcTableSchemaHistory - Schema history table "main"."flyway_schema_history" does not exist yet
2025-12-17 01:35:41.385 [main] INFO  o.f.core.internal.command.DbValidate - Successfully validated 8 migrations (execution time 00:00.017s)
2025-12-17 01:35:41.388 [main] INFO  o.f.c.i.s.JdbcTableSchemaHistory - Creating Schema History table "main"."flyway_schema_history" ...
2025-12-17 01:35:41.419 [main] INFO  o.f.core.internal.command.DbMigrate - Current version of schema "main": << Empty Schema >>
2025-12-17 01:35:41.427 [main] INFO  o.f.core.internal.command.DbMigrate - Migrating schema "main" to version "1 - init students"
2025-12-17 01:35:41.452 [main] INFO  o.f.core.internal.command.DbMigrate - Migrating schema "main" to version "2 - init payments"
2025-12-17 01:35:41.471 [main] INFO  o.f.core.internal.command.DbMigrate - Migrating schema "main" to version "3 - messages and seed courses"
2025-12-17 01:35:41.488 [main] INFO  o.f.core.internal.command.DbMigrate - Migrating schema "main" to version "4 - student lookup indexes"
2025-12-17 01:35:41.506 [main] INFO  o.f.core.internal.command.DbMigrate - Migrating schema "main" to version "5 - create academic structure"
2025-12-17 01:35:41.526 [main] INFO  o.f.core.internal.command.DbMigrate - Migrating schema "main" to version "6 - seed demo data"
2025-12-17 01:35:41.543 [main] INFO  o.f.core.internal.command.DbMigrate - Migrating schema "main" to version "7 - create enrollments"
2025-12-17 01:35:41.559 [main] INFO  o.f.core.internal.command.DbMigrate - Migrating schema "main" to version "8 - create payments"
2025-12-17 01:35:41.579 [main] INFO  o.f.core.internal.command.DbMigrate - Successfully applied 8 migrations to schema "main", now at version v8 (execution time 00:00.020s)
2025-12-17 01:35:41.580 [main] INFO  util.DatabaseMigrator - Flyway migration complete. Applied: 8
2025-12-17 01:36:25.421 [AWT-EventQueue-0] INFO  ui.screens.StudentLoginScreen - Login attempt studentId=2023-0001 found=true auth=true pwdHashPrefix=$2a$10$z wd=C:\Users\Asus\OneDrive\Documents\Java college vibe code\enrollmentSystem inputLen=11 seededCheck=true
2025-12-17 01:38:41.562 [main] INFO  org.flywaydb.core.FlywayExecutor - Database: jdbc:sqlite:enrollment.db (SQLite 3.39)
2025-12-17 01:38:41.600 [main] INFO  o.f.c.i.command.clean.CleanExecutor - Successfully dropped pre-schema database level objects (execution time 00:00.001s)
2025-12-17 01:38:41.614 [main] INFO  o.f.c.i.command.clean.CleanExecutor - Successfully cleaned schema "main" (execution time 00:00.016s)
2025-12-17 01:38:41.628 [main] INFO  o.f.c.i.command.clean.CleanExecutor - Successfully cleaned schema "main" (execution time 00:00.009s)
2025-12-17 01:38:41.629 [main] INFO  o.f.c.i.command.clean.CleanExecutor - Successfully dropped post-schema database level objects (execution time 00:00.000s)
2025-12-17 01:38:41.656 [main] INFO  o.f.c.i.s.JdbcTableSchemaHistory - Schema history table "main"."flyway_schema_history" does not exist yet
2025-12-17 01:38:41.656 [main] INFO  o.f.core.internal.command.DbValidate - Successfully validated 8 migrations (execution time 00:00.018s)
2025-12-17 01:38:41.662 [main] INFO  o.f.c.i.s.JdbcTableSchemaHistory - Creating Schema History table "main"."flyway_schema_history" ...
2025-12-17 01:38:41.693 [main] INFO  o.f.core.internal.command.DbMigrate - Current version of schema "main": << Empty Schema >>
2025-12-17 01:38:41.700 [main] INFO  o.f.core.internal.command.DbMigrate - Migrating schema "main" to version "1 - init students"
2025-12-17 01:38:41.725 [main] INFO  o.f.core.internal.command.DbMigrate - Migrating schema "main" to version "2 - init payments"
2025-12-17 01:38:41.743 [main] INFO  o.f.core.internal.command.DbMigrate - Migrating schema "main" to version "3 - messages and seed courses"
2025-12-17 01:38:41.759 [main] INFO  o.f.core.internal.command.DbMigrate - Migrating schema "main" to version "4 - student lookup indexes"
2025-12-17 01:38:41.778 [main] INFO  o.f.core.internal.command.DbMigrate - Migrating schema "main" to version "5 - create academic structure"
2025-12-17 01:38:41.799 [main] INFO  o.f.core.internal.command.DbMigrate - Migrating schema "main" to version "6 - seed demo data"
2025-12-17 01:38:41.816 [main] INFO  o.f.core.internal.command.DbMigrate - Migrating schema "main" to version "7 - create enrollments"
2025-12-17 01:38:41.832 [main] INFO  o.f.core.internal.command.DbMigrate - Migrating schema "main" to version "8 - create payments"
2025-12-17 01:38:41.850 [main] INFO  o.f.core.internal.command.DbMigrate - Successfully applied 8 migrations to schema "main", now at version v8 (execution time 00:00.022s)
2025-12-17 01:38:41.850 [main] INFO  util.DatabaseMigrator - Flyway migration complete. Applied: 8
2025-12-17 01:39:02.411 [AWT-EventQueue-0] INFO  ui.screens.StudentLoginScreen - Login attempt studentId=2023-0001 found=true auth=true pwdHashPrefix=$2a$10$z wd=C:\Users\Asus\OneDrive\Documents\Java college vibe code\enrollmentSystem inputLen=11 seededCheck=true
2025-12-17 01:48:08.312 [main] INFO  org.flywaydb.core.FlywayExecutor - Database: jdbc:sqlite:enrollment.db (SQLite 3.39)
2025-12-17 01:48:08.352 [main] INFO  o.f.c.i.command.clean.CleanExecutor - Successfully dropped pre-schema database level objects (execution time 00:00.001s)
2025-12-17 01:48:08.375 [main] INFO  o.f.c.i.command.clean.CleanExecutor - Successfully cleaned schema "main" (execution time 00:00.017s)
2025-12-17 01:48:08.386 [main] INFO  o.f.c.i.command.clean.CleanExecutor - Successfully cleaned schema "main" (execution time 00:00.009s)
2025-12-17 01:48:08.387 [main] INFO  o.f.c.i.command.clean.CleanExecutor - Successfully dropped post-schema database level objects (execution time 00:00.000s)
2025-12-17 01:48:08.414 [main] INFO  o.f.c.i.s.JdbcTableSchemaHistory - Schema history table "main"."flyway_schema_history" does not exist yet
2025-12-17 01:48:08.414 [main] INFO  o.f.core.internal.command.DbValidate - Successfully validated 8 migrations (execution time 00:00.018s)
2025-12-17 01:48:08.417 [main] INFO  o.f.c.i.s.JdbcTableSchemaHistory - Creating Schema History table "main"."flyway_schema_history" ...
2025-12-17 01:48:08.449 [main] INFO  o.f.core.internal.command.DbMigrate - Current version of schema "main": << Empty Schema >>
2025-12-17 01:48:08.455 [main] INFO  o.f.core.internal.command.DbMigrate - Migrating schema "main" to version "1 - init students"
2025-12-17 01:48:08.483 [main] INFO  o.f.core.internal.command.DbMigrate - Migrating schema "main" to version "2 - init payments"
2025-12-17 01:48:08.501 [main] INFO  o.f.core.internal.command.DbMigrate - Migrating schema "main" to version "3 - messages and seed courses"
2025-12-17 01:48:08.516 [main] INFO  o.f.core.internal.command.DbMigrate - Migrating schema "main" to version "4 - student lookup indexes"
2025-12-17 01:48:08.532 [main] INFO  o.f.core.internal.command.DbMigrate - Migrating schema "main" to version "5 - create academic structure"
2025-12-17 01:48:08.553 [main] INFO  o.f.core.internal.command.DbMigrate - Migrating schema "main" to version "6 - seed demo data"
2025-12-17 01:48:08.572 [main] INFO  o.f.core.internal.command.DbMigrate - Migrating schema "main" to version "7 - create enrollments"
2025-12-17 01:48:08.587 [main] INFO  o.f.core.internal.command.DbMigrate - Migrating schema "main" to version "8 - create payments"
2025-12-17 01:48:08.608 [main] INFO  o.f.core.internal.command.DbMigrate - Successfully applied 8 migrations to schema "main", now at version v8 (execution time 00:00.020s)
2025-12-17 01:48:08.609 [main] INFO  util.DatabaseMigrator - Flyway migration complete. Applied: 8
2025-12-17 01:48:31.285 [AWT-EventQueue-0] INFO  ui.screens.StudentLoginScreen - Login attempt studentId=2023-0001 found=true auth=true pwdHashPrefix=$2a$10$z wd=C:\Users\Asus\OneDrive\Documents\Java college vibe code\enrollmentSystem inputLen=11 seededCheck=true
2025-12-17 01:49:28.957 [main] INFO  org.flywaydb.core.FlywayExecutor - Database: jdbc:sqlite:enrollment.db (SQLite 3.39)
2025-12-17 01:49:28.994 [main] INFO  o.f.c.i.command.clean.CleanExecutor - Successfully dropped pre-schema database level objects (execution time 00:00.001s)
2025-12-17 01:49:29.014 [main] INFO  o.f.c.i.command.clean.CleanExecutor - Successfully cleaned schema "main" (execution time 00:00.018s)
2025-12-17 01:49:29.024 [main] INFO  o.f.c.i.command.clean.CleanExecutor - Successfully cleaned schema "main" (execution time 00:00.008s)
2025-12-17 01:49:29.024 [main] INFO  o.f.c.i.command.clean.CleanExecutor - Successfully dropped post-schema database level objects (execution time 00:00.000s)
2025-12-17 01:49:29.049 [main] INFO  o.f.c.i.s.JdbcTableSchemaHistory - Schema history table "main"."flyway_schema_history" does not exist yet
2025-12-17 01:49:29.051 [main] INFO  o.f.core.internal.command.DbValidate - Successfully validated 8 migrations (execution time 00:00.017s)
2025-12-17 01:49:29.051 [main] INFO  o.f.c.i.s.JdbcTableSchemaHistory - Creating Schema History table "main"."flyway_schema_history" ...
2025-12-17 01:49:29.086 [main] INFO  o.f.core.internal.command.DbMigrate - Current version of schema "main": << Empty Schema >>
2025-12-17 01:49:29.093 [main] INFO  o.f.core.internal.command.DbMigrate - Migrating schema "main" to version "1 - init students"
2025-12-17 01:49:29.129 [main] INFO  o.f.core.internal.command.DbMigrate - Migrating schema "main" to version "2 - init payments"
2025-12-17 01:49:29.152 [main] INFO  o.f.core.internal.command.DbMigrate - Migrating schema "main" to version "3 - messages and seed courses"
2025-12-17 01:49:29.174 [main] INFO  o.f.core.internal.command.DbMigrate - Migrating schema "main" to version "4 - student lookup indexes"
2025-12-17 01:49:29.196 [main] INFO  o.f.core.internal.command.DbMigrate - Migrating schema "main" to version "5 - create academic structure"
2025-12-17 01:49:29.224 [main] INFO  o.f.core.internal.command.DbMigrate - Migrating schema "main" to version "6 - seed demo data"
2025-12-17 01:49:29.243 [main] INFO  o.f.core.internal.command.DbMigrate - Migrating schema "main" to version "7 - create enrollments"
2025-12-17 01:49:29.260 [main] INFO  o.f.core.internal.command.DbMigrate - Migrating schema "main" to version "8 - create payments"
2025-12-17 01:49:29.280 [main] INFO  o.f.core.internal.command.DbMigrate - Successfully applied 8 migrations to schema "main", now at version v8 (execution time 00:00.035s)
2025-12-17 01:49:29.281 [main] INFO  util.DatabaseMigrator - Flyway migration complete. Applied: 8
2025-12-17 01:50:13.358 [AWT-EventQueue-0] INFO  ui.screens.StudentLoginScreen - Login attempt studentId=2023-0001 found=true auth=true pwdHashPrefix=$2a$10$z wd=C:\Users\Asus\OneDrive\Documents\Java college vibe code\enrollmentSystem inputLen=11 seededCheck=true
2025-12-17 01:53:41.131 [main] INFO  org.flywaydb.core.FlywayExecutor - Database: jdbc:sqlite:enrollment.db (SQLite 3.39)
2025-12-17 01:53:41.170 [main] INFO  o.f.c.i.command.clean.CleanExecutor - Successfully dropped pre-schema database level objects (execution time 00:00.001s)
2025-12-17 01:53:41.189 [main] INFO  o.f.c.i.command.clean.CleanExecutor - Successfully cleaned schema "main" (execution time 00:00.017s)
2025-12-17 01:53:41.199 [main] INFO  o.f.c.i.command.clean.CleanExecutor - Successfully cleaned schema "main" (execution time 00:00.009s)
2025-12-17 01:53:41.200 [main] INFO  o.f.c.i.command.clean.CleanExecutor - Successfully dropped post-schema database level objects (execution time 00:00.000s)
2025-12-17 01:53:41.226 [main] INFO  o.f.c.i.s.JdbcTableSchemaHistory - Schema history table "main"."flyway_schema_history" does not exist yet
2025-12-17 01:53:41.228 [main] INFO  o.f.core.internal.command.DbValidate - Successfully validated 8 migrations (execution time 00:00.017s)
2025-12-17 01:53:41.232 [main] INFO  o.f.c.i.s.JdbcTableSchemaHistory - Creating Schema History table "main"."flyway_schema_history" ...
2025-12-17 01:53:41.261 [main] INFO  o.f.core.internal.command.DbMigrate - Current version of schema "main": << Empty Schema >>
2025-12-17 01:53:41.269 [main] INFO  o.f.core.internal.command.DbMigrate - Migrating schema "main" to version "1 - init students"
2025-12-17 01:53:41.289 [main] INFO  o.f.core.internal.command.DbMigrate - Migrating schema "main" to version "2 - init payments"
2025-12-17 01:53:41.310 [main] INFO  o.f.core.internal.command.DbMigrate - Migrating schema "main" to version "3 - messages and seed courses"
2025-12-17 01:53:41.328 [main] INFO  o.f.core.internal.command.DbMigrate - Migrating schema "main" to version "4 - student lookup indexes"
2025-12-17 01:53:41.342 [main] INFO  o.f.core.internal.command.DbMigrate - Migrating schema "main" to version "5 - create academic structure"
2025-12-17 01:53:41.363 [main] INFO  o.f.core.internal.command.DbMigrate - Migrating schema "main" to version "6 - seed demo data"
2025-12-17 01:53:41.380 [main] INFO  o.f.core.internal.command.DbMigrate - Migrating schema "main" to version "7 - create enrollments"
2025-12-17 01:53:41.396 [main] INFO  o.f.core.internal.command.DbMigrate - Migrating schema "main" to version "8 - create payments"
2025-12-17 01:53:41.415 [main] INFO  o.f.core.internal.command.DbMigrate - Successfully applied 8 migrations to schema "main", now at version v8 (execution time 00:00.022s)
2025-12-17 01:53:41.416 [main] INFO  util.DatabaseMigrator - Flyway migration complete. Applied: 8
2025-12-17 01:53:59.443 [AWT-EventQueue-0] INFO  ui.screens.StudentLoginScreen - Login attempt studentId=2023-0001 found=true auth=true pwdHashPrefix=$2a$10$z wd=C:\Users\Asus\OneDrive\Documents\Java college vibe code\enrollmentSystem inputLen=11 seededCheck=true
2025-12-17 01:54:17.549 [AWT-EventQueue-0] INFO  service.EnrollmentService - Enrollment completed: student 1 -> block Block A (enrollment #1)
2025-12-17 02:00:28.807 [main] INFO  org.flywaydb.core.FlywayExecutor - Database: jdbc:sqlite:enrollment.db (SQLite 3.39)
2025-12-17 02:00:28.844 [main] INFO  o.f.c.i.command.clean.CleanExecutor - Successfully dropped pre-schema database level objects (execution time 00:00.001s)
2025-12-17 02:00:28.858 [main] INFO  o.f.c.i.command.clean.CleanExecutor - Successfully cleaned schema "main" (execution time 00:00.016s)
2025-12-17 02:00:28.870 [main] INFO  o.f.c.i.command.clean.CleanExecutor - Successfully cleaned schema "main" (execution time 00:00.009s)
2025-12-17 02:00:28.872 [main] INFO  o.f.c.i.command.clean.CleanExecutor - Successfully dropped post-schema database level objects (execution time 00:00.000s)
2025-12-17 02:00:28.898 [main] INFO  o.f.c.i.s.JdbcTableSchemaHistory - Schema history table "main"."flyway_schema_history" does not exist yet
2025-12-17 02:00:28.900 [main] INFO  o.f.core.internal.command.DbValidate - Successfully validated 8 migrations (execution time 00:00.017s)
2025-12-17 02:00:28.902 [main] INFO  o.f.c.i.s.JdbcTableSchemaHistory - Creating Schema History table "main"."flyway_schema_history" ...
2025-12-17 02:00:28.935 [main] INFO  o.f.core.internal.command.DbMigrate - Current version of schema "main": << Empty Schema >>
2025-12-17 02:00:28.943 [main] INFO  o.f.core.internal.command.DbMigrate - Migrating schema "main" to version "1 - init students"
2025-12-17 02:00:28.970 [main] INFO  o.f.core.internal.command.DbMigrate - Migrating schema "main" to version "2 - init payments"
2025-12-17 02:00:28.986 [main] INFO  o.f.core.internal.command.DbMigrate - Migrating schema "main" to version "3 - messages and seed courses"
2025-12-17 02:00:29.004 [main] INFO  o.f.core.internal.command.DbMigrate - Migrating schema "main" to version "4 - student lookup indexes"
2025-12-17 02:00:29.021 [main] INFO  o.f.core.internal.command.DbMigrate - Migrating schema "main" to version "5 - create academic structure"
2025-12-17 02:00:29.041 [main] INFO  o.f.core.internal.command.DbMigrate - Migrating schema "main" to version "6 - seed demo data"
2025-12-17 02:00:29.057 [main] INFO  o.f.core.internal.command.DbMigrate - Migrating schema "main" to version "7 - create enrollments"
2025-12-17 02:00:29.073 [main] INFO  o.f.core.internal.command.DbMigrate - Migrating schema "main" to version "8 - create payments"
2025-12-17 02:00:29.092 [main] INFO  o.f.core.internal.command.DbMigrate - Successfully applied 8 migrations to schema "main", now at version v8 (execution time 00:00.023s)
2025-12-17 02:00:29.093 [main] INFO  util.DatabaseMigrator - Flyway migration complete. Applied: 8
2025-12-17 02:00:51.167 [AWT-EventQueue-0] INFO  ui.screens.StudentLoginScreen - Login attempt studentId=2023-0001 found=true auth=true pwdHashPrefix=$2a$10$z wd=C:\Users\Asus\OneDrive\Documents\Java college vibe code\enrollmentSystem inputLen=11 seededCheck=true
2025-12-17 02:00:59.529 [AWT-EventQueue-0] INFO  service.EnrollmentService - Enrollment completed: student 1 -> block BSIT 2-B (enrollment #1)
2025-12-17 02:02:56.085 [main] INFO  org.flywaydb.core.FlywayExecutor - Database: jdbc:sqlite:enrollment.db (SQLite 3.39)
2025-12-17 02:02:56.121 [main] INFO  o.f.c.i.command.clean.CleanExecutor - Successfully dropped pre-schema database level objects (execution time 00:00.001s)
2025-12-17 02:02:56.143 [main] INFO  o.f.c.i.command.clean.CleanExecutor - Successfully cleaned schema "main" (execution time 00:00.020s)
2025-12-17 02:02:56.153 [main] INFO  o.f.c.i.command.clean.CleanExecutor - Successfully cleaned schema "main" (execution time 00:00.010s)
2025-12-17 02:02:56.154 [main] INFO  o.f.c.i.command.clean.CleanExecutor - Successfully dropped post-schema database level objects (execution time 00:00.000s)
2025-12-17 02:02:56.180 [main] INFO  o.f.c.i.s.JdbcTableSchemaHistory - Schema history table "main"."flyway_schema_history" does not exist yet
2025-12-17 02:02:56.180 [main] INFO  o.f.core.internal.command.DbValidate - Successfully validated 8 migrations (execution time 00:00.016s)
2025-12-17 02:02:56.186 [main] INFO  o.f.c.i.s.JdbcTableSchemaHistory - Creating Schema History table "main"."flyway_schema_history" ...
2025-12-17 02:02:56.214 [main] INFO  o.f.core.internal.command.DbMigrate - Current version of schema "main": << Empty Schema >>
2025-12-17 02:02:56.224 [main] INFO  o.f.core.internal.command.DbMigrate - Migrating schema "main" to version "1 - init students"
2025-12-17 02:02:56.249 [main] INFO  o.f.core.internal.command.DbMigrate - Migrating schema "main" to version "2 - init payments"
2025-12-17 02:02:56.267 [main] INFO  o.f.core.internal.command.DbMigrate - Migrating schema "main" to version "3 - messages and seed courses"
2025-12-17 02:02:56.287 [main] INFO  o.f.core.internal.command.DbMigrate - Migrating schema "main" to version "4 - student lookup indexes"
2025-12-17 02:02:56.303 [main] INFO  o.f.core.internal.command.DbMigrate - Migrating schema "main" to version "5 - create academic structure"
2025-12-17 02:02:56.327 [main] INFO  o.f.core.internal.command.DbMigrate - Migrating schema "main" to version "6 - seed demo data"
2025-12-17 02:02:56.344 [main] INFO  o.f.core.internal.command.DbMigrate - Migrating schema "main" to version "7 - create enrollments"
2025-12-17 02:02:56.360 [main] INFO  o.f.core.internal.command.DbMigrate - Migrating schema "main" to version "8 - create payments"
2025-12-17 02:02:56.392 [main] INFO  o.f.core.internal.command.DbMigrate - Successfully applied 8 migrations to schema "main", now at version v8 (execution time 00:00.019s)
2025-12-17 02:02:56.395 [main] INFO  util.DatabaseMigrator - Flyway migration complete. Applied: 8
2025-12-17 02:03:17.916 [AWT-EventQueue-0] INFO  ui.screens.StudentLoginScreen - Login attempt studentId=2025-0001 found=false auth=false pwdHashPrefix=none wd=C:\Users\Asus\OneDrive\Documents\Java college vibe code\enrollmentSystem inputLen=11 seededCheck=false
2025-12-17 02:03:25.078 [AWT-EventQueue-0] INFO  ui.screens.StudentLoginScreen - Login attempt studentId=2023-0001 found=true auth=true pwdHashPrefix=$2a$10$z wd=C:\Users\Asus\OneDrive\Documents\Java college vibe code\enrollmentSystem inputLen=11 seededCheck=true
2025-12-17 02:03:35.202 [AWT-EventQueue-0] INFO  service.EnrollmentService - Enrollment completed: student 1 -> block BSIT 2-B (enrollment #1)
2025-12-17 02:11:54.294 [main] INFO  org.flywaydb.core.FlywayExecutor - Database: jdbc:sqlite:enrollment.db (SQLite 3.39)
2025-12-17 02:11:54.333 [main] INFO  o.f.c.i.command.clean.CleanExecutor - Successfully dropped pre-schema database level objects (execution time 00:00.001s)
2025-12-17 02:11:54.351 [main] INFO  o.f.c.i.command.clean.CleanExecutor - Successfully cleaned schema "main" (execution time 00:00.016s)
2025-12-17 02:11:54.361 [main] INFO  o.f.c.i.command.clean.CleanExecutor - Successfully cleaned schema "main" (execution time 00:00.009s)
2025-12-17 02:11:54.362 [main] INFO  o.f.c.i.command.clean.CleanExecutor - Successfully dropped post-schema database level objects (execution time 00:00.000s)
2025-12-17 02:11:54.386 [main] INFO  o.f.c.i.s.JdbcTableSchemaHistory - Schema history table "main"."flyway_schema_history" does not exist yet
2025-12-17 02:11:54.392 [main] INFO  o.f.core.internal.command.DbValidate - Successfully validated 8 migrations (execution time 00:00.017s)
2025-12-17 02:11:54.395 [main] INFO  o.f.c.i.s.JdbcTableSchemaHistory - Creating Schema History table "main"."flyway_schema_history" ...
2025-12-17 02:11:54.424 [main] INFO  o.f.core.internal.command.DbMigrate - Current version of schema "main": << Empty Schema >>
2025-12-17 02:11:54.430 [main] INFO  o.f.core.internal.command.DbMigrate - Migrating schema "main" to version "1 - init students"
2025-12-17 02:11:54.455 [main] INFO  o.f.core.internal.command.DbMigrate - Migrating schema "main" to version "2 - init payments"
2025-12-17 02:11:54.471 [main] INFO  o.f.core.internal.command.DbMigrate - Migrating schema "main" to version "3 - messages and seed courses"
2025-12-17 02:11:54.487 [main] INFO  o.f.core.internal.command.DbMigrate - Migrating schema "main" to version "4 - student lookup indexes"
2025-12-17 02:11:54.503 [main] INFO  o.f.core.internal.command.DbMigrate - Migrating schema "main" to version "5 - create academic structure"
2025-12-17 02:11:54.523 [main] INFO  o.f.core.internal.command.DbMigrate - Migrating schema "main" to version "6 - seed demo data"
2025-12-17 02:11:54.537 [main] INFO  o.f.core.internal.command.DbMigrate - Migrating schema "main" to version "7 - create enrollments"
2025-12-17 02:11:54.552 [main] INFO  o.f.core.internal.command.DbMigrate - Migrating schema "main" to version "8 - create payments"
2025-12-17 02:11:54.571 [main] INFO  o.f.core.internal.command.DbMigrate - Successfully applied 8 migrations to schema "main", now at version v8 (execution time 00:00.020s)
2025-12-17 02:11:54.572 [main] INFO  util.DatabaseMigrator - Flyway migration complete. Applied: 8
2025-12-17 02:12:18.495 [AWT-EventQueue-0] INFO  ui.screens.StudentLoginScreen - Login attempt studentId=2023-0001 found=true auth=true pwdHashPrefix=$2a$10$z wd=C:\Users\Asus\OneDrive\Documents\Java college vibe code\enrollmentSystem inputLen=11 seededCheck=true
2025-12-17 02:24:02.003 [main] INFO  org.flywaydb.core.FlywayExecutor - Database: jdbc:sqlite:enrollment.db (SQLite 3.39)
2025-12-17 02:24:02.044 [main] INFO  o.f.c.i.command.clean.CleanExecutor - Successfully dropped pre-schema database level objects (execution time 00:00.002s)
2025-12-17 02:24:02.067 [main] INFO  o.f.c.i.command.clean.CleanExecutor - Successfully cleaned schema "main" (execution time 00:00.020s)
2025-12-17 02:24:02.072 [main] INFO  o.f.c.i.command.clean.CleanExecutor - Successfully cleaned schema "main" (execution time 00:00.007s)
2025-12-17 02:24:02.076 [main] INFO  o.f.c.i.command.clean.CleanExecutor - Successfully dropped post-schema database level objects (execution time 00:00.000s)
2025-12-17 02:24:02.101 [main] INFO  o.f.c.i.s.JdbcTableSchemaHistory - Schema history table "main"."flyway_schema_history" does not exist yet
2025-12-17 02:24:02.101 [main] INFO  o.f.core.internal.command.DbValidate - Successfully validated 8 migrations (execution time 00:00.016s)
2025-12-17 02:24:02.107 [main] INFO  o.f.c.i.s.JdbcTableSchemaHistory - Creating Schema History table "main"."flyway_schema_history" ...
2025-12-17 02:24:02.135 [main] INFO  o.f.core.internal.command.DbMigrate - Current version of schema "main": << Empty Schema >>
2025-12-17 02:24:02.143 [main] INFO  o.f.core.internal.command.DbMigrate - Migrating schema "main" to version "1 - init students"
2025-12-17 02:24:02.165 [main] INFO  o.f.core.internal.command.DbMigrate - Migrating schema "main" to version "2 - init payments"
2025-12-17 02:24:02.183 [main] INFO  o.f.core.internal.command.DbMigrate - Migrating schema "main" to version "3 - messages and seed courses"
2025-12-17 02:24:02.200 [main] INFO  o.f.core.internal.command.DbMigrate - Migrating schema "main" to version "4 - student lookup indexes"
2025-12-17 02:24:02.216 [main] INFO  o.f.core.internal.command.DbMigrate - Migrating schema "main" to version "5 - create academic structure"
2025-12-17 02:24:02.234 [main] INFO  o.f.core.internal.command.DbMigrate - Migrating schema "main" to version "6 - seed demo data"
2025-12-17 02:24:02.250 [main] INFO  o.f.core.internal.command.DbMigrate - Migrating schema "main" to version "7 - create enrollments"
2025-12-17 02:24:02.265 [main] INFO  o.f.core.internal.command.DbMigrate - Migrating schema "main" to version "8 - create payments"
2025-12-17 02:24:02.286 [main] INFO  o.f.core.internal.command.DbMigrate - Successfully applied 8 migrations to schema "main", now at version v8 (execution time 00:00.022s)
2025-12-17 02:24:02.287 [main] INFO  util.DatabaseMigrator - Flyway migration complete. Applied: 8
2025-12-17 02:24:21.012 [AWT-EventQueue-0] INFO  ui.screens.StudentLoginScreen - Login attempt studentId=2023-0001 found=true auth=true pwdHashPrefix=$2a$10$z wd=C:\Users\Asus\OneDrive\Documents\Java college vibe code\enrollmentSystem inputLen=11 seededCheck=true
2025-12-17 02:24:44.755 [AWT-EventQueue-0] INFO  service.EnrollmentService - Enrollment completed: student 1 -> block Block A (enrollment #1)
2025-12-17 02:32:47.144 [main] INFO  org.flywaydb.core.FlywayExecutor - Database: jdbc:sqlite:enrollment.db (SQLite 3.39)
2025-12-17 02:32:47.178 [main] INFO  o.f.c.i.command.clean.CleanExecutor - Successfully dropped pre-schema database level objects (execution time 00:00.001s)
2025-12-17 02:32:47.197 [main] INFO  o.f.c.i.command.clean.CleanExecutor - Successfully cleaned schema "main" (execution time 00:00.016s)
2025-12-17 02:32:47.207 [main] INFO  o.f.c.i.command.clean.CleanExecutor - Successfully cleaned schema "main" (execution time 00:00.009s)
2025-12-17 02:32:47.208 [main] INFO  o.f.c.i.command.clean.CleanExecutor - Successfully dropped post-schema database level objects (execution time 00:00.000s)
2025-12-17 02:32:47.234 [main] INFO  o.f.c.i.s.JdbcTableSchemaHistory - Schema history table "main"."flyway_schema_history" does not exist yet
2025-12-17 02:32:47.237 [main] INFO  o.f.core.internal.command.DbValidate - Successfully validated 8 migrations (execution time 00:00.017s)
2025-12-17 02:32:47.240 [main] INFO  o.f.c.i.s.JdbcTableSchemaHistory - Creating Schema History table "main"."flyway_schema_history" ...
2025-12-17 02:32:47.269 [main] INFO  o.f.core.internal.command.DbMigrate - Current version of schema "main": << Empty Schema >>
2025-12-17 02:32:47.277 [main] INFO  o.f.core.internal.command.DbMigrate - Migrating schema "main" to version "1 - init students"
2025-12-17 02:32:47.301 [main] INFO  o.f.core.internal.command.DbMigrate - Migrating schema "main" to version "2 - init payments"
2025-12-17 02:32:47.318 [main] INFO  o.f.core.internal.command.DbMigrate - Migrating schema "main" to version "3 - messages and seed courses"
2025-12-17 02:32:47.336 [main] INFO  o.f.core.internal.command.DbMigrate - Migrating schema "main" to version "4 - student lookup indexes"
2025-12-17 02:32:47.352 [main] INFO  o.f.core.internal.command.DbMigrate - Migrating schema "main" to version "5 - create academic structure"
2025-12-17 02:32:47.373 [main] INFO  o.f.core.internal.command.DbMigrate - Migrating schema "main" to version "6 - seed demo data"
2025-12-17 02:32:47.390 [main] INFO  o.f.core.internal.command.DbMigrate - Migrating schema "main" to version "7 - create enrollments"
2025-12-17 02:32:47.406 [main] INFO  o.f.core.internal.command.DbMigrate - Migrating schema "main" to version "8 - create payments"
2025-12-17 02:32:47.425 [main] INFO  o.f.core.internal.command.DbMigrate - Successfully applied 8 migrations to schema "main", now at version v8 (execution time 00:00.022s)
2025-12-17 02:32:47.427 [main] INFO  util.DatabaseMigrator - Flyway migration complete. Applied: 8
2025-12-17 02:33:06.034 [AWT-EventQueue-0] INFO  ui.screens.StudentLoginScreen - Login attempt studentId=2023-0001 found=true auth=true pwdHashPrefix=$2a$10$z wd=C:\Users\Asus\OneDrive\Documents\Java college vibe code\enrollmentSystem inputLen=11 seededCheck=true
2025-12-17 02:33:40.115 [AWT-EventQueue-0] INFO  service.EnrollmentService - Enrollment completed: student 1 -> block Block A (enrollment #1)
2025-12-17 02:43:10.456 [main] INFO  org.flywaydb.core.FlywayExecutor - Database: jdbc:sqlite:enrollment.db (SQLite 3.39)
2025-12-17 02:43:10.496 [main] INFO  o.f.c.i.command.clean.CleanExecutor - Successfully dropped pre-schema database level objects (execution time 00:00.001s)
2025-12-17 02:43:10.515 [main] INFO  o.f.c.i.command.clean.CleanExecutor - Successfully cleaned schema "main" (execution time 00:00.016s)
2025-12-17 02:43:10.525 [main] INFO  o.f.c.i.command.clean.CleanExecutor - Successfully cleaned schema "main" (execution time 00:00.010s)
2025-12-17 02:43:10.526 [main] INFO  o.f.c.i.command.clean.CleanExecutor - Successfully dropped post-schema database level objects (execution time 00:00.000s)
2025-12-17 02:43:10.549 [main] INFO  o.f.c.i.s.JdbcTableSchemaHistory - Schema history table "main"."flyway_schema_history" does not exist yet
2025-12-17 02:43:10.555 [main] INFO  o.f.core.internal.command.DbValidate - Successfully validated 8 migrations (execution time 00:00.017s)
2025-12-17 02:43:10.557 [main] INFO  o.f.c.i.s.JdbcTableSchemaHistory - Creating Schema History table "main"."flyway_schema_history" ...
2025-12-17 02:43:10.588 [main] INFO  o.f.core.internal.command.DbMigrate - Current version of schema "main": << Empty Schema >>
2025-12-17 02:43:10.598 [main] INFO  o.f.core.internal.command.DbMigrate - Migrating schema "main" to version "1 - init students"
2025-12-17 02:43:10.623 [main] INFO  o.f.core.internal.command.DbMigrate - Migrating schema "main" to version "2 - init payments"
2025-12-17 02:43:10.639 [main] INFO  o.f.core.internal.command.DbMigrate - Migrating schema "main" to version "3 - messages and seed courses"
2025-12-17 02:43:10.659 [main] INFO  o.f.core.internal.command.DbMigrate - Migrating schema "main" to version "4 - student lookup indexes"
2025-12-17 02:43:10.678 [main] INFO  o.f.core.internal.command.DbMigrate - Migrating schema "main" to version "5 - create academic structure"
2025-12-17 02:43:10.699 [main] INFO  o.f.core.internal.command.DbMigrate - Migrating schema "main" to version "6 - seed demo data"
2025-12-17 02:43:10.715 [main] INFO  o.f.core.internal.command.DbMigrate - Migrating schema "main" to version "7 - create enrollments"
2025-12-17 02:43:10.731 [main] INFO  o.f.core.internal.command.DbMigrate - Migrating schema "main" to version "8 - create payments"
2025-12-17 02:43:10.752 [main] INFO  o.f.core.internal.command.DbMigrate - Successfully applied 8 migrations to schema "main", now at version v8 (execution time 00:00.023s)
2025-12-17 02:43:10.752 [main] INFO  util.DatabaseMigrator - Flyway migration complete. Applied: 8
2025-12-17 02:43:29.167 [AWT-EventQueue-0] INFO  ui.screens.StudentLoginScreen - Login attempt studentId=2023-0001 found=true auth=false pwdHashPrefix=$2a$10$z wd=C:\Users\Asus\OneDrive\Documents\Java college vibe code\enrollmentSystem inputLen=11 seededCheck=true
2025-12-17 02:43:39.133 [AWT-EventQueue-0] INFO  ui.screens.StudentLoginScreen - Login attempt studentId=2023-0001 found=true auth=true pwdHashPrefix=$2a$10$z wd=C:\Users\Asus\OneDrive\Documents\Java college vibe code\enrollmentSystem inputLen=11 seededCheck=true
2025-12-17 02:44:32.957 [main] INFO  org.flywaydb.core.FlywayExecutor - Database: jdbc:sqlite:enrollment.db (SQLite 3.39)
2025-12-17 02:44:32.998 [main] INFO  o.f.c.i.command.clean.CleanExecutor - Successfully dropped pre-schema database level objects (execution time 00:00.002s)
2025-12-17 02:44:33.010 [main] INFO  o.f.c.i.command.clean.CleanExecutor - Successfully cleaned schema "main" (execution time 00:00.013s)
2025-12-17 02:44:33.024 [main] INFO  o.f.c.i.command.clean.CleanExecutor - Successfully cleaned schema "main" (execution time 00:00.010s)
2025-12-17 02:44:33.025 [main] INFO  o.f.c.i.command.clean.CleanExecutor - Successfully dropped post-schema database level objects (execution time 00:00.000s)
2025-12-17 02:44:33.049 [main] INFO  o.f.c.i.s.JdbcTableSchemaHistory - Schema history table "main"."flyway_schema_history" does not exist yet
2025-12-17 02:44:33.052 [main] INFO  o.f.core.internal.command.DbValidate - Successfully validated 8 migrations (execution time 00:00.016s)
2025-12-17 02:44:33.055 [main] INFO  o.f.c.i.s.JdbcTableSchemaHistory - Creating Schema History table "main"."flyway_schema_history" ...
2025-12-17 02:44:33.080 [main] INFO  o.f.core.internal.command.DbMigrate - Current version of schema "main": << Empty Schema >>
2025-12-17 02:44:33.093 [main] INFO  o.f.core.internal.command.DbMigrate - Migrating schema "main" to version "1 - init students"
2025-12-17 02:44:33.115 [main] INFO  o.f.core.internal.command.DbMigrate - Migrating schema "main" to version "2 - init payments"
2025-12-17 02:44:33.136 [main] INFO  o.f.core.internal.command.DbMigrate - Migrating schema "main" to version "3 - messages and seed courses"
2025-12-17 02:44:33.151 [main] INFO  o.f.core.internal.command.DbMigrate - Migrating schema "main" to version "4 - student lookup indexes"
2025-12-17 02:44:33.167 [main] INFO  o.f.core.internal.command.DbMigrate - Migrating schema "main" to version "5 - create academic structure"
2025-12-17 02:44:33.185 [main] INFO  o.f.core.internal.command.DbMigrate - Migrating schema "main" to version "6 - seed demo data"
2025-12-17 02:44:33.206 [main] INFO  o.f.core.internal.command.DbMigrate - Migrating schema "main" to version "7 - create enrollments"
2025-12-17 02:44:33.222 [main] INFO  o.f.core.internal.command.DbMigrate - Migrating schema "main" to version "8 - create payments"
2025-12-17 02:44:33.242 [main] INFO  o.f.core.internal.command.DbMigrate - Successfully applied 8 migrations to schema "main", now at version v8 (execution time 00:00.020s)
2025-12-17 02:44:33.243 [main] INFO  util.DatabaseMigrator - Flyway migration complete. Applied: 8
2025-12-17 02:44:54.959 [AWT-EventQueue-0] INFO  ui.screens.StudentLoginScreen - Login attempt studentId=2023-0001 found=true auth=true pwdHashPrefix=$2a$10$z wd=C:\Users\Asus\OneDrive\Documents\Java college vibe code\enrollmentSystem inputLen=11 seededCheck=true
2025-12-17 02:45:01.849 [AWT-EventQueue-0] INFO  service.EnrollmentService - Enrollment completed: student 1 -> block BSIT 2-A (enrollment #1)
2025-12-17 03:11:14.862 [main] INFO  org.flywaydb.core.FlywayExecutor - Database: jdbc:sqlite:enrollment.db (SQLite 3.39)
2025-12-17 03:11:14.903 [main] INFO  o.f.c.i.command.clean.CleanExecutor - Successfully dropped pre-schema database level objects (execution time 00:00.001s)
2025-12-17 03:11:14.919 [main] INFO  o.f.c.i.command.clean.CleanExecutor - Successfully cleaned schema "main" (execution time 00:00.017s)
2025-12-17 03:11:14.932 [main] INFO  o.f.c.i.command.clean.CleanExecutor - Successfully cleaned schema "main" (execution time 00:00.009s)
2025-12-17 03:11:14.933 [main] INFO  o.f.c.i.command.clean.CleanExecutor - Successfully dropped post-schema database level objects (execution time 00:00.000s)
2025-12-17 03:11:14.960 [main] INFO  o.f.c.i.s.JdbcTableSchemaHistory - Schema history table "main"."flyway_schema_history" does not exist yet
2025-12-17 03:11:14.963 [main] INFO  o.f.core.internal.command.DbValidate - Successfully validated 8 migrations (execution time 00:00.018s)
2025-12-17 03:11:14.964 [main] INFO  o.f.c.i.s.JdbcTableSchemaHistory - Creating Schema History table "main"."flyway_schema_history" ...
2025-12-17 03:11:14.997 [main] INFO  o.f.core.internal.command.DbMigrate - Current version of schema "main": << Empty Schema >>
2025-12-17 03:11:15.004 [main] INFO  o.f.core.internal.command.DbMigrate - Migrating schema "main" to version "1 - init students"
2025-12-17 03:11:15.029 [main] INFO  o.f.core.internal.command.DbMigrate - Migrating schema "main" to version "2 - init payments"
2025-12-17 03:11:15.046 [main] INFO  o.f.core.internal.command.DbMigrate - Migrating schema "main" to version "3 - messages and seed courses"
2025-12-17 03:11:15.066 [main] INFO  o.f.core.internal.command.DbMigrate - Migrating schema "main" to version "4 - student lookup indexes"
2025-12-17 03:11:15.082 [main] INFO  o.f.core.internal.command.DbMigrate - Migrating schema "main" to version "5 - create academic structure"
2025-12-17 03:11:15.101 [main] INFO  o.f.core.internal.command.DbMigrate - Migrating schema "main" to version "6 - seed demo data"
2025-12-17 03:11:15.120 [main] INFO  o.f.core.internal.command.DbMigrate - Migrating schema "main" to version "7 - create enrollments"
2025-12-17 03:11:15.128 [main] INFO  o.f.core.internal.command.DbMigrate - Migrating schema "main" to version "8 - create payments"
2025-12-17 03:11:15.159 [main] INFO  o.f.core.internal.command.DbMigrate - Successfully applied 8 migrations to schema "main", now at version v8 (execution time 00:00.023s)
2025-12-17 03:11:15.160 [main] INFO  util.DatabaseMigrator - Flyway migration complete. Applied: 8
2025-12-17 03:11:37.948 [AWT-EventQueue-0] INFO  ui.screens.StudentLoginScreen - Login attempt studentId=2023-0001 found=true auth=true pwdHashPrefix=$2a$10$z wd=C:\Users\Asus\OneDrive\Documents\Java college vibe code\enrollmentSystem inputLen=11 seededCheck=true
2025-12-17 03:20:52.711 [main] INFO  org.flywaydb.core.FlywayExecutor - Database: jdbc:sqlite:enrollment.db (SQLite 3.39)
2025-12-17 03:20:52.751 [main] INFO  o.f.c.i.command.clean.CleanExecutor - Successfully dropped pre-schema database level objects (execution time 00:00.002s)
2025-12-17 03:20:52.780 [main] INFO  o.f.c.i.command.clean.CleanExecutor - Successfully cleaned schema "main" (execution time 00:00.026s)
2025-12-17 03:20:52.792 [main] INFO  o.f.c.i.command.clean.CleanExecutor - Successfully cleaned schema "main" (execution time 00:00.011s)
2025-12-17 03:20:52.793 [main] INFO  o.f.c.i.command.clean.CleanExecutor - Successfully dropped post-schema database level objects (execution time 00:00.000s)
2025-12-17 03:20:52.822 [main] INFO  o.f.c.i.s.JdbcTableSchemaHistory - Schema history table "main"."flyway_schema_history" does not exist yet
2025-12-17 03:20:52.825 [main] INFO  o.f.core.internal.command.DbValidate - Successfully validated 8 migrations (execution time 00:00.019s)
2025-12-17 03:20:52.829 [main] INFO  o.f.c.i.s.JdbcTableSchemaHistory - Creating Schema History table "main"."flyway_schema_history" ...
2025-12-17 03:20:52.862 [main] INFO  o.f.core.internal.command.DbMigrate - Current version of schema "main": << Empty Schema >>
2025-12-17 03:20:52.872 [main] INFO  o.f.core.internal.command.DbMigrate - Migrating schema "main" to version "1 - init students"
2025-12-17 03:20:52.896 [main] INFO  o.f.core.internal.command.DbMigrate - Migrating schema "main" to version "2 - init payments"
2025-12-17 03:20:52.916 [main] INFO  o.f.core.internal.command.DbMigrate - Migrating schema "main" to version "3 - messages and seed courses"
2025-12-17 03:20:52.933 [main] INFO  o.f.core.internal.command.DbMigrate - Migrating schema "main" to version "4 - student lookup indexes"
2025-12-17 03:20:52.951 [main] INFO  o.f.core.internal.command.DbMigrate - Migrating schema "main" to version "5 - create academic structure"
2025-12-17 03:20:52.971 [main] INFO  o.f.core.internal.command.DbMigrate - Migrating schema "main" to version "6 - seed demo data"
2025-12-17 03:20:52.989 [main] INFO  o.f.core.internal.command.DbMigrate - Migrating schema "main" to version "7 - create enrollments"
2025-12-17 03:20:53.005 [main] INFO  o.f.core.internal.command.DbMigrate - Migrating schema "main" to version "8 - create payments"
2025-12-17 03:20:53.027 [main] INFO  o.f.core.internal.command.DbMigrate - Successfully applied 8 migrations to schema "main", now at version v8 (execution time 00:00.022s)
2025-12-17 03:20:53.027 [main] INFO  util.DatabaseMigrator - Flyway migration complete. Applied: 8
2025-12-17 03:25:11.585 [main] INFO  org.flywaydb.core.FlywayExecutor - Database: jdbc:sqlite:enrollment.db (SQLite 3.39)
2025-12-17 03:25:11.621 [main] INFO  o.f.c.i.command.clean.CleanExecutor - Successfully dropped pre-schema database level objects (execution time 00:00.001s)
2025-12-17 03:25:11.639 [main] INFO  o.f.c.i.command.clean.CleanExecutor - Successfully cleaned schema "main" (execution time 00:00.016s)
2025-12-17 03:25:11.650 [main] INFO  o.f.c.i.command.clean.CleanExecutor - Successfully cleaned schema "main" (execution time 00:00.009s)
2025-12-17 03:25:11.651 [main] INFO  o.f.c.i.command.clean.CleanExecutor - Successfully dropped post-schema database level objects (execution time 00:00.000s)
2025-12-17 03:25:11.677 [main] INFO  o.f.c.i.s.JdbcTableSchemaHistory - Schema history table "main"."flyway_schema_history" does not exist yet
2025-12-17 03:25:11.681 [main] INFO  o.f.core.internal.command.DbValidate - Successfully validated 8 migrations (execution time 00:00.019s)
2025-12-17 03:25:11.684 [main] INFO  o.f.c.i.s.JdbcTableSchemaHistory - Creating Schema History table "main"."flyway_schema_history" ...
2025-12-17 03:25:11.715 [main] INFO  o.f.core.internal.command.DbMigrate - Current version of schema "main": << Empty Schema >>
2025-12-17 03:25:11.722 [main] INFO  o.f.core.internal.command.DbMigrate - Migrating schema "main" to version "1 - init students"
2025-12-17 03:25:11.747 [main] INFO  o.f.core.internal.command.DbMigrate - Migrating schema "main" to version "2 - init payments"
2025-12-17 03:25:11.765 [main] INFO  o.f.core.internal.command.DbMigrate - Migrating schema "main" to version "3 - messages and seed courses"
2025-12-17 03:25:11.781 [main] INFO  o.f.core.internal.command.DbMigrate - Migrating schema "main" to version "4 - student lookup indexes"
2025-12-17 03:25:11.798 [main] INFO  o.f.core.internal.command.DbMigrate - Migrating schema "main" to version "5 - create academic structure"
2025-12-17 03:25:11.819 [main] INFO  o.f.core.internal.command.DbMigrate - Migrating schema "main" to version "6 - seed demo data"
2025-12-17 03:25:11.835 [main] INFO  o.f.core.internal.command.DbMigrate - Migrating schema "main" to version "7 - create enrollments"
2025-12-17 03:25:11.852 [main] INFO  o.f.core.internal.command.DbMigrate - Migrating schema "main" to version "8 - create payments"
2025-12-17 03:25:11.873 [main] INFO  o.f.core.internal.command.DbMigrate - Successfully applied 8 migrations to schema "main", now at version v8 (execution time 00:00.019s)
2025-12-17 03:25:11.874 [main] INFO  util.DatabaseMigrator - Flyway migration complete. Applied: 8
2025-12-17 03:25:28.482 [AWT-EventQueue-0] INFO  ui.screens.StudentLoginScreen - Login attempt studentId=2023-0001 found=true auth=true pwdHashPrefix=$2a$10$z wd=C:\Users\Asus\OneDrive\Documents\Java college vibe code\enrollmentSystem inputLen=11 seededCheck=true
2025-12-17 03:29:40.575 [main] INFO  org.flywaydb.core.FlywayExecutor - Database: jdbc:sqlite:enrollment.db (SQLite 3.39)
2025-12-17 03:29:40.613 [main] INFO  o.f.c.i.command.clean.CleanExecutor - Successfully dropped pre-schema database level objects (execution time 00:00.001s)
2025-12-17 03:29:40.630 [main] INFO  o.f.c.i.command.clean.CleanExecutor - Successfully cleaned schema "main" (execution time 00:00.017s)
2025-12-17 03:29:40.641 [main] INFO  o.f.c.i.command.clean.CleanExecutor - Successfully cleaned schema "main" (execution time 00:00.010s)
2025-12-17 03:29:40.643 [main] INFO  o.f.c.i.command.clean.CleanExecutor - Successfully dropped post-schema database level objects (execution time 00:00.000s)
2025-12-17 03:29:40.674 [main] INFO  o.f.c.i.s.JdbcTableSchemaHistory - Schema history table "main"."flyway_schema_history" does not exist yet
2025-12-17 03:29:40.677 [main] INFO  o.f.core.internal.command.DbValidate - Successfully validated 8 migrations (execution time 00:00.019s)
2025-12-17 03:29:40.679 [main] INFO  o.f.c.i.s.JdbcTableSchemaHistory - Creating Schema History table "main"."flyway_schema_history" ...
2025-12-17 03:29:40.710 [main] INFO  o.f.core.internal.command.DbMigrate - Current version of schema "main": << Empty Schema >>
2025-12-17 03:29:40.719 [main] INFO  o.f.core.internal.command.DbMigrate - Migrating schema "main" to version "1 - init students"
2025-12-17 03:29:40.743 [main] INFO  o.f.core.internal.command.DbMigrate - Migrating schema "main" to version "2 - init payments"
2025-12-17 03:29:40.759 [main] INFO  o.f.core.internal.command.DbMigrate - Migrating schema "main" to version "3 - messages and seed courses"
2025-12-17 03:29:40.777 [main] INFO  o.f.core.internal.command.DbMigrate - Migrating schema "main" to version "4 - student lookup indexes"
2025-12-17 03:29:40.793 [main] INFO  o.f.core.internal.command.DbMigrate - Migrating schema "main" to version "5 - create academic structure"
2025-12-17 03:29:40.814 [main] INFO  o.f.core.internal.command.DbMigrate - Migrating schema "main" to version "6 - seed demo data"
2025-12-17 03:29:40.830 [main] INFO  o.f.core.internal.command.DbMigrate - Migrating schema "main" to version "7 - create enrollments"
2025-12-17 03:29:40.849 [main] INFO  o.f.core.internal.command.DbMigrate - Migrating schema "main" to version "8 - create payments"
2025-12-17 03:29:40.869 [main] INFO  o.f.core.internal.command.DbMigrate - Successfully applied 8 migrations to schema "main", now at version v8 (execution time 00:00.020s)
2025-12-17 03:29:40.870 [main] INFO  util.DatabaseMigrator - Flyway migration complete. Applied: 8
